date,vpn,country_code,cities,source_type
2026-08-26,mullvad,AL,1,api
2026-08-26,mullvad,AR,1,api
2026-08-26,mullvad,AT,1,api
2026-08-26,mullvad,AU,5,api
2026-08-26,mullvad,BE,1,api
2026-08-26,mullvad,BG,1,api
2026-08-26,mullvad,BR,2,api
2026-08-26,mullvad,CA,4,api
2026-08-26,mullvad,CH,1,api
2026-08-26,mullvad,CL,1,api
2026-08-26,mullvad,CO,1,api
2026-08-26,mullvad,CY,1,api
2026-08-26,mullvad,CZ,1,api
2026-08-26,mullvad,DE,3,api
2026-08-26,mullvad,DK,1,api
2026-08-26,mullvad,EE,1,api
2026-08-26,mullvad,ES,3,api
2026-08-26,mullvad,FI,1,api
2026-08-26,mullvad,FR,3,api
2026-08-26,mullvad,GB,3,api
2026-08-26,mullvad,GR,1,api
2026-08-26,mullvad,HK,1,api
2026-08-26,mullvad,HR,1,api
2026-08-26,mullvad,HU,1,api
2026-08-26,mullvad,ID,1,api
2026-08-26,mullvad,IE,1,api
2026-08-26,mullvad,IL,1,api
2026-08-26,mullvad,IT,2,api
2026-08-26,mullvad,JP,2,api
2026-08-26,mullvad,MX,1,api
2026-08-26,mullvad,MY,1,api
2026-08-26,mullvad,NG,1,api
2026-08-26,mullvad,NL,1,api
2026-08-26,mullvad,NO,2,api
2026-08-26,mullvad,NZ,1,api
2026-08-26,mullvad,PE,1,api
2026-08-26,mullvad,PH,1,api
2026-08-26,mullvad,PL,1,api
2026-08-26,mullvad,PT,1,api
2026-08-26,mullvad,RO,1,api
2026-08-26,mullvad,RS,1,api
2026-08-26,mullvad,SE,3,api
2026-08-26,mullvad,SG,1,api
2026-08-26,mullvad,SI,1,api
2026-08-26,mullvad,SK,1,api
2026-08-26,mullvad,TH,1,api
2026-08-26,mullvad,TR,1,api
2026-08-26,mullvad,UA,1,api
2026-08-26,mullvad,US,21,api
2026-08-26,mullvad,ZA,1,api
2026-08-26,nordvpn,AD,1,api
2026-08-26,nordvpn,AE,2,api
2026-08-26,nordvpn,AF,1,api
2026-08-26,nordvpn,AL,1,api
2026-08-26,nordvpn,AM,1,api
2026-08-26,nordvpn,AO,1,api
2026-08-26,nordvpn,AR,1,api
2026-08-26,nordvpn,AT,1,api
2026-08-26,nordvpn,AU,5,api
2026-08-26,nordvpn,AZ,1,api
2026-08-26,nordvpn,BA,1,api
2026-08-26,nordvpn,BB,1,api
2026-08-26,nordvpn,BD,1,api
2026-08-26,nordvpn,BE,1,api
2026-08-26,nordvpn,BF,1,api
2026-08-26,nordvpn,BG,1,api
2026-08-26,nordvpn,BH,1,api
2026-08-26,nordvpn,BJ,1,api
2026-08-26,nordvpn,BM,1,api
2026-08-26,nordvpn,BN,1,api
2026-08-26,nordvpn,BO,1,api
2026-08-26,nordvpn,BR,1,api
2026-08-26,nordvpn,BS,1,api
2026-08-26,nordvpn,BT,1,api
2026-08-26,nordvpn,BW,1,api
2026-08-26,nordvpn,BZ,1,api
2026-08-26,nordvpn,CA,4,api
2026-08-26,nordvpn,CH,1,api
2026-08-26,nordvpn,CL,1,api
2026-08-26,nordvpn,CO,1,api
2026-08-26,nordvpn,CR,1,api
2026-08-26,nordvpn,CV,1,api
2026-08-26,nordvpn,CY,1,api
2026-08-26,nordvpn,CZ,1,api
2026-08-26,nordvpn,DE,3,api
2026-08-26,nordvpn,DK,1,api
2026-08-26,nordvpn,DO,1,api
2026-08-26,nordvpn,DZ,1,api
2026-08-26,nordvpn,EC,1,api
2026-08-26,nordvpn,EE,1,api
2026-08-26,nordvpn,EG,1,api
2026-08-26,nordvpn,ES,2,api
2026-08-26,nordvpn,ET,1,api
2026-08-26,nordvpn,FI,1,api
2026-08-26,nordvpn,FJ,1,api
2026-08-26,nordvpn,FR,4,api
2026-08-26,nordvpn,GB,4,api
2026-08-26,nordvpn,GE,1,api
2026-08-26,nordvpn,GH,1,api
2026-08-26,nordvpn,GL,1,api
2026-08-26,nordvpn,GM,1,api
2026-08-26,nordvpn,GR,1,api
2026-08-26,nordvpn,GT,1,api
2026-08-26,nordvpn,GU,1,api
2026-08-26,nordvpn,GY,1,api
2026-08-26,nordvpn,HK,1,api
2026-08-26,nordvpn,HN,1,api
2026-08-26,nordvpn,HR,1,api
2026-08-26,nordvpn,HU,1,api
2026-08-26,nordvpn,ID,1,api
2026-08-26,nordvpn,IE,1,api
2026-08-26,nordvpn,IL,1,api
2026-08-26,nordvpn,IM,1,api
2026-08-26,nordvpn,IN,1,api
2026-08-26,nordvpn,IQ,1,api
2026-08-26,nordvpn,IS,1,api
2026-08-26,nordvpn,IT,3,api
2026-08-26,nordvpn,JE,1,api
2026-08-26,nordvpn,JM,1,api
2026-08-26,nordvpn,JO,1,api
2026-08-26,nordvpn,JP,2,api
2026-08-26,nordvpn,KE,1,api
2026-08-26,nordvpn,KG,1,api
2026-08-26,nordvpn,KH,1,api
2026-08-26,nordvpn,KM,1,api
2026-08-26,nordvpn,KR,1,api
2026-08-26,nordvpn,KW,1,api
2026-08-26,nordvpn,KY,1,api
2026-08-26,nordvpn,KZ,1,api
2026-08-26,nordvpn,LA,1,api
2026-08-26,nordvpn,LB,1,api
2026-08-26,nordvpn,LC,1,api
2026-08-26,nordvpn,LI,1,api
2026-08-26,nordvpn,LK,1,api
2026-08-26,nordvpn,LR,1,api
2026-08-26,nordvpn,LT,1,api
2026-08-26,nordvpn,LU,1,api
2026-08-26,nordvpn,LV,1,api
2026-08-26,nordvpn,LY,1,api
2026-08-26,nordvpn,MA,1,api
2026-08-26,nordvpn,MC,1,api
2026-08-26,nordvpn,MD,1,api
2026-08-26,nordvpn,ME,1,api
2026-08-26,nordvpn,MG,1,api
2026-08-26,nordvpn,MK,1,api
2026-08-26,nordvpn,MM,1,api
2026-08-26,nordvpn,MN,1,api
2026-08-26,nordvpn,MR,1,api
2026-08-26,nordvpn,MT,1,api
2026-08-26,nordvpn,MU,1,api
2026-08-26,nordvpn,MV,1,api
2026-08-26,nordvpn,MW,1,api
2026-08-26,nordvpn,MX,1,api
2026-08-26,nordvpn,MY,1,api
2026-08-26,nordvpn,MZ,1,api
2026-08-26,nordvpn,NG,1,api
2026-08-26,nordvpn,NL,1,api
2026-08-26,nordvpn,NO,1,api
2026-08-26,nordvpn,NP,1,api
2026-08-26,nordvpn,NZ,1,api
2026-08-26,nordvpn,PA,1,api
2026-08-26,nordvpn,PE,1,api
2026-08-26,nordvpn,PG,1,api
2026-08-26,nordvpn,PH,1,api
2026-08-26,nordvpn,PK,1,api
2026-08-26,nordvpn,PL,1,api
2026-08-26,nordvpn,PR,1,api
2026-08-26,nordvpn,PT,1,api
2026-08-26,nordvpn,PY,1,api
2026-08-26,nordvpn,QA,1,api
2026-08-26,nordvpn,RO,1,api
2026-08-26,nordvpn,RS,1,api
2026-08-26,nordvpn,SC,1,api
2026-08-26,nordvpn,SE,1,api
2026-08-26,nordvpn,SG,1,api
2026-08-26,nordvpn,SI,1,api
2026-08-26,nordvpn,SK,1,api
2026-08-26,nordvpn,SL,1,api
2026-08-26,nordvpn,SN,1,api
2026-08-26,nordvpn,SO,1,api
2026-08-26,nordvpn,SR,1,api
2026-08-26,nordvpn,SV,1,api
2026-08-26,nordvpn,TD,1,api
2026-08-26,nordvpn,TH,1,api
2026-08-26,nordvpn,TJ,1,api
2026-08-26,nordvpn,TN,1,api
2026-08-26,nordvpn,TR,1,api
2026-08-26,nordvpn,TT,1,api
2026-08-26,nordvpn,TW,1,api
2026-08-26,nordvpn,TZ,1,api
2026-08-26,nordvpn,UA,1,api
2026-08-26,nordvpn,US,55,api
2026-08-26,nordvpn,UY,1,api
2026-08-26,nordvpn,UZ,1,api
2026-08-26,nordvpn,VE,1,api
2026-08-26,nordvpn,VN,2,api
2026-08-26,nordvpn,YE,1,api
2026-08-26,nordvpn,ZA,1,api
2026-08-26,nordvpn,ZM,1,api
2026-08-26,private-internet-access,AD,1,api
2026-08-26,private-internet-access,AE,1,api
2026-08-26,private-internet-access,AL,1,api
2026-08-26,private-internet-access,AM,1,api
2026-08-26,private-internet-access,AR,2,api
2026-08-26,private-internet-access,AT,2,api
2026-08-26,private-internet-access,AU,6,api
2026-08-26,private-internet-access,BA,1,api
2026-08-26,private-internet-access,BD,1,api
2026-08-26,private-internet-access,BE,2,api
2026-08-26,private-internet-access,BG,1,api
2026-08-26,private-internet-access,BO,1,api
2026-08-26,private-internet-access,BR,2,api
2026-08-26,private-internet-access,BS,1,api
2026-08-26,private-internet-access,CA,5,api
2026-08-26,private-internet-access,CH,2,api
2026-08-26,private-internet-access,CL,2,api
2026-08-26,private-internet-access,CN,1,api
2026-08-26,private-internet-access,CO,1,api
2026-08-26,private-internet-access,CR,1,api
2026-08-26,private-internet-access,CY,1,api
2026-08-26,private-internet-access,CZ,1,api
2026-08-26,private-internet-access,DE,3,api
2026-08-26,private-internet-access,DK,2,api
2026-08-26,private-internet-access,DZ,1,api
2026-08-26,private-internet-access,EC,1,api
2026-08-26,private-internet-access,EE,1,api
2026-08-26,private-internet-access,EG,1,api
2026-08-26,private-internet-access,ES,3,api
2026-08-26,private-internet-access,FI,2,api
2026-08-26,private-internet-access,FR,2,api
2026-08-26,private-internet-access,GB,4,api
2026-08-26,private-internet-access,GE,1,api
2026-08-26,private-internet-access,GL,1,api
2026-08-26,private-internet-access,GR,1,api
2026-08-26,private-internet-access,GT,1,api
2026-08-26,private-internet-access,HK,1,api
2026-08-26,private-internet-access,HR,1,api
2026-08-26,private-internet-access,HU,2,api
2026-08-26,private-internet-access,ID,1,api
2026-08-26,private-internet-access,IE,1,api
2026-08-26,private-internet-access,IL,2,api
2026-08-26,private-internet-access,IM,1,api
2026-08-26,private-internet-access,IN,1,api
2026-08-26,private-internet-access,IS,1,api
2026-08-26,private-internet-access,IT,2,api
2026-08-26,private-internet-access,JP,2,api
2026-08-26,private-internet-access,KH,1,api
2026-08-26,private-internet-access,KR,2,api
2026-08-26,private-internet-access,KZ,1,api
2026-08-26,private-internet-access,LI,1,api
2026-08-26,private-internet-access,LK,1,api
2026-08-26,private-internet-access,LT,2,api
2026-08-26,private-internet-access,LU,2,api
2026-08-26,private-internet-access,LV,1,api
2026-08-26,private-internet-access,MA,1,api
2026-08-26,private-internet-access,MC,1,api
2026-08-26,private-internet-access,MD,1,api
2026-08-26,private-internet-access,ME,1,api
2026-08-26,private-internet-access,MK,1,api
2026-08-26,private-internet-access,MN,1,api
2026-08-26,private-internet-access,MO,1,api
2026-08-26,private-internet-access,MT,1,api
2026-08-26,private-internet-access,MX,2,api
2026-08-26,private-internet-access,MY,1,api
2026-08-26,private-internet-access,NG,1,api
2026-08-26,private-internet-access,NL,2,api
2026-08-26,private-internet-access,NO,1,api
2026-08-26,private-internet-access,NP,1,api
2026-08-26,private-internet-access,NZ,2,api
2026-08-26,private-internet-access,PA,1,api
2026-08-26,private-internet-access,PE,1,api
2026-08-26,private-internet-access,PH,1,api
2026-08-26,private-internet-access,PK,1,api
2026-08-26,private-internet-access,PL,2,api
2026-08-26,private-internet-access,PT,2,api
2026-08-26,private-internet-access,QA,1,api
2026-08-26,private-internet-access,RO,2,api
2026-08-26,private-internet-access,RS,2,api
2026-08-26,private-internet-access,SA,1,api
2026-08-26,private-internet-access,SE,2,api
2026-08-26,private-internet-access,SG,2,api
2026-08-26,private-internet-access,SI,1,api
2026-08-26,private-internet-access,SK,2,api
2026-08-26,private-internet-access,TR,1,api
2026-08-26,private-internet-access,TW,2,api
2026-08-26,private-internet-access,UA,1,api
2026-08-26,private-internet-access,US,55,api
2026-08-26,private-internet-access,UY,1,api
2026-08-26,private-internet-access,VE,1,api
2026-08-26,private-internet-access,VN,1,api
2026-08-26,private-internet-access,ZA,2,api
2026-08-26,surfshark,AD,1,api
2026-08-26,surfshark,AE,1,api
2026-08-26,surfshark,AL,1,api
2026-08-26,surfshark,AM,1,api
2026-08-26,surfshark,AR,1,api
2026-08-26,surfshark,AT,1,api
2026-08-26,surfshark,AU,5,api
2026-08-26,surfshark,AZ,1,api
2026-08-26,surfshark,BA,1,api
2026-08-26,surfshark,BD,1,api
2026-08-26,surfshark,BE,2,api
2026-08-26,surfshark,BG,1,api
2026-08-26,surfshark,BN,1,api
2026-08-26,surfshark,BO,1,api
2026-08-26,surfshark,BR,1,api
2026-08-26,surfshark,BS,1,api
2026-08-26,surfshark,BT,1,api
2026-08-26,surfshark,BZ,1,api
2026-08-26,surfshark,CA,3,api
2026-08-26,surfshark,CH,1,api
2026-08-26,surfshark,CL,1,api
2026-08-26,surfshark,CO,1,api
2026-08-26,surfshark,CR,1,api
2026-08-26,surfshark,CY,1,api
2026-08-26,surfshark,CZ,1,api
2026-08-26,surfshark,DE,2,api
2026-08-26,surfshark,DK,1,api
2026-08-26,surfshark,DZ,1,api
2026-08-26,surfshark,EC,1,api
2026-08-26,surfshark,EE,1,api
2026-08-26,surfshark,EG,1,api
2026-08-26,surfshark,ES,3,api
2026-08-26,surfshark,FI,1,api
2026-08-26,surfshark,FR,3,api
2026-08-26,surfshark,GB,4,api
2026-08-26,surfshark,GE,1,api
2026-08-26,surfshark,GH,1,api
2026-08-26,surfshark,GL,1,api
2026-08-26,surfshark,GR,1,api
2026-08-26,surfshark,HK,1,api
2026-08-26,surfshark,HR,1,api
2026-08-26,surfshark,HU,1,api
2026-08-26,surfshark,ID,1,api
2026-08-26,surfshark,IE,1,api
2026-08-26,surfshark,IL,1,api
2026-08-26,surfshark,IM,1,api
2026-08-26,surfshark,IN,2,api
2026-08-26,surfshark,IS,1,api
2026-08-26,surfshark,IT,2,api
2026-08-26,surfshark,JP,1,api
2026-08-26,surfshark,KH,1,api
2026-08-26,surfshark,KR,1,api
2026-08-26,surfshark,KZ,1,api
2026-08-26,surfshark,LA,1,api
2026-08-26,surfshark,LI,1,api
2026-08-26,surfshark,LK,1,api
2026-08-26,surfshark,LT,1,api
2026-08-26,surfshark,LU,1,api
2026-08-26,surfshark,LV,1,api
2026-08-26,surfshark,MA,1,api
2026-08-26,surfshark,MC,1,api
2026-08-26,surfshark,MD,1,api
2026-08-26,surfshark,ME,1,api
2026-08-26,surfshark,MK,1,api
2026-08-26,surfshark,MM,1,api
2026-08-26,surfshark,MN,1,api
2026-08-26,surfshark,MO,1,api
2026-08-26,surfshark,MT,1,api
2026-08-26,surfshark,MX,1,api
2026-08-26,surfshark,MY,1,api
2026-08-26,surfshark,NG,1,api
2026-08-26,surfshark,NL,1,api
2026-08-26,surfshark,NO,1,api
2026-08-26,surfshark,NP,1,api
2026-08-26,surfshark,NZ,1,api
2026-08-26,surfshark,PA,1,api
2026-08-26,surfshark,PE,1,api
2026-08-26,surfshark,PH,1,api
2026-08-26,surfshark,PK,1,api
2026-08-26,surfshark,PL,2,api
2026-08-26,surfshark,PR,1,api
2026-08-26,surfshark,PT,2,api
2026-08-26,surfshark,PY,1,api
2026-08-26,surfshark,RO,1,api
2026-08-26,surfshark,RS,1,api
2026-08-26,surfshark,SA,1,api
2026-08-26,surfshark,SE,1,api
2026-08-26,surfshark,SG,1,api
2026-08-26,surfshark,SI,1,api
2026-08-26,surfshark,SK,1,api
2026-08-26,surfshark,TH,1,api
2026-08-26,surfshark,TR,1,api
2026-08-26,surfshark,TW,1,api
2026-08-26,surfshark,UA,1,api
2026-08-26,surfshark,US,24,api
2026-08-26,surfshark,UY,1,api
2026-08-26,surfshark,UZ,1,api
2026-08-26,surfshark,VE,1,api
2026-08-26,surfshark,VN,1,api
2026-08-26,surfshark,ZA,1,api
2026-08-26,windscribe,AE,1,api
2026-08-26,windscribe,AL,1,api
2026-08-26,windscribe,AR,1,api
2026-08-26,windscribe,AT,1,api
2026-08-26,windscribe,AU,1,api
2026-08-26,windscribe,BA,1,api
2026-08-26,windscribe,BE,1,api
2026-08-26,windscribe,BG,1,api
2026-08-26,windscribe,BR,1,api
2026-08-26,windscribe,CA,2,api
2026-08-26,windscribe,CH,1,api
2026-08-26,windscribe,CL,1,api
2026-08-26,windscribe,CO,1,api
2026-08-26,windscribe,CY,1,api
2026-08-26,windscribe,CZ,1,api
2026-08-26,windscribe,DE,1,api
2026-08-26,windscribe,DK,1,api
2026-08-26,windscribe,EC,1,api
2026-08-26,windscribe,EE,1,api
2026-08-26,windscribe,ES,1,api
2026-08-26,windscribe,FI,1,api
2026-08-26,windscribe,FR,1,api
2026-08-26,windscribe,GB,1,api
2026-08-26,windscribe,GE,1,api
2026-08-26,windscribe,GR,1,api
2026-08-26,windscribe,GT,1,api
2026-08-26,windscribe,HK,1,api
2026-08-26,windscribe,HR,1,api
2026-08-26,windscribe,HU,1,api
2026-08-26,windscribe,ID,1,api
2026-08-26,windscribe,IE,1,api
2026-08-26,windscribe,IL,1,api
2026-08-26,windscribe,IN,1,api
2026-08-26,windscribe,IS,1,api
2026-08-26,windscribe,IT,1,api
2026-08-26,windscribe,JP,1,api
2026-08-26,windscribe,KE,1,api
2026-08-26,windscribe,KR,1,api
2026-08-26,windscribe,LT,1,api
2026-08-26,windscribe,LU,1,api
2026-08-26,windscribe,LV,1,api
2026-08-26,windscribe,MD,1,api
2026-08-26,windscribe,MK,1,api
2026-08-26,windscribe,MX,1,api
2026-08-26,windscribe,MY,1,api
2026-08-26,windscribe,NG,1,api
2026-08-26,windscribe,NL,1,api
2026-08-26,windscribe,NO,1,api
2026-08-26,windscribe,NZ,1,api
2026-08-26,windscribe,PA,1,api
2026-08-26,windscribe,PE,1,api
2026-08-26,windscribe,PH,1,api
2026-08-26,windscribe,PL,1,api
2026-08-26,windscribe,PT,1,api
2026-08-26,windscribe,PY,1,api
2026-08-26,windscribe,RO,1,api
2026-08-26,windscribe,RS,1,api
2026-08-26,windscribe,RU,1,api
2026-08-26,windscribe,SE,1,api
2026-08-26,windscribe,SG,1,api
2026-08-26,windscribe,SI,1,api
2026-08-26,windscribe,SK,1,api
2026-08-26,windscribe,SV,1,api
2026-08-26,windscribe,TH,1,api
2026-08-26,windscribe,TR,1,api
2026-08-26,windscribe,UA,1,api
2026-08-26,windscribe,US,3,api
2026-08-26,windscribe,UY,1,api
2026-08-26,windscribe,VN,1,api
2026-08-26,windscribe,ZA,1,api
2026-08-27,mullvad,AL,1,api
2026-08-27,mullvad,AR,1,api
2026-08-27,mullvad,AT,1,api
2026-08-27,mullvad,AU,5,api
2026-08-27,mullvad,BE,1,api
2026-08-27,mullvad,BG,1,api
2026-08-27,mullvad,BR,2,api
2026-08-27,mullvad,CA,4,api
2026-08-27,mullvad,CH,1,api
2026-08-27,mullvad,CL,1,api
2026-08-27,mullvad,CO,1,api
2026-08-27,mullvad,CY,1,api
2026-08-27,mullvad,CZ,1,api
2026-08-27,mullvad,DE,3,api
2026-08-27,mullvad,DK,1,api
2026-08-27,mullvad,EE,1,api
2026-08-27,mullvad,ES,3,api
2026-08-27,mullvad,FI,1,api
2026-08-27,mullvad,FR,3,api
2026-08-27,mullvad,GB,3,api
2026-08-27,mullvad,GR,1,api
2026-08-27,mullvad,HK,1,api
2026-08-27,mullvad,HR,1,api
2026-08-27,mullvad,HU,1,api
2026-08-27,mullvad,ID,1,api
2026-08-27,mullvad,IE,1,api
2026-08-27,mullvad,IL,1,api
2026-08-27,mullvad,IT,2,api
2026-08-27,mullvad,JP,2,api
2026-08-27,mullvad,MX,1,api
2026-08-27,mullvad,MY,1,api
2026-08-27,mullvad,NG,1,api
2026-08-27,mullvad,NL,1,api
2026-08-27,mullvad,NO,2,api
2026-08-27,mullvad,NZ,1,api
2026-08-27,mullvad,PE,1,api
2026-08-27,mullvad,PH,1,api
2026-08-27,mullvad,PL,1,api
2026-08-27,mullvad,PT,1,api
2026-08-27,mullvad,RO,1,api
2026-08-27,mullvad,RS,1,api
2026-08-27,mullvad,SE,3,api
2026-08-27,mullvad,SG,1,api
2026-08-27,mullvad,SI,1,api
2026-08-27,mullvad,SK,1,api
2026-08-27,mullvad,TH,1,api
2026-08-27,mullvad,TR,1,api
2026-08-27,mullvad,UA,1,api
2026-08-27,mullvad,US,21,api
2026-08-27,mullvad,ZA,1,api
2026-08-27,nordvpn,AD,1,api
2026-08-27,nordvpn,AE,2,api
2026-08-27,nordvpn,AF,1,api
2026-08-27,nordvpn,AL,1,api
2026-08-27,nordvpn,AM,1,api
2026-08-27,nordvpn,AO,1,api
2026-08-27,nordvpn,AR,1,api
2026-08-27,nordvpn,AT,1,api
2026-08-27,nordvpn,AU,5,api
2026-08-27,nordvpn,AZ,1,api
2026-08-27,nordvpn,BA,1,api
2026-08-27,nordvpn,BB,1,api
2026-08-27,nordvpn,BD,1,api
2026-08-27,nordvpn,BE,1,api
2026-08-27,nordvpn,BF,1,api
2026-08-27,nordvpn,BG,1,api
2026-08-27,nordvpn,BH,1,api
2026-08-27,nordvpn,BJ,1,api
2026-08-27,nordvpn,BM,1,api
2026-08-27,nordvpn,BN,1,api
2026-08-27,nordvpn,BO,1,api
2026-08-27,nordvpn,BR,1,api
2026-08-27,nordvpn,BS,1,api
2026-08-27,nordvpn,BT,1,api
2026-08-27,nordvpn,BW,1,api
2026-08-27,nordvpn,BZ,1,api
2026-08-27,nordvpn,CA,4,api
2026-08-27,nordvpn,CH,1,api
2026-08-27,nordvpn,CL,1,api
2026-08-27,nordvpn,CO,1,api
2026-08-27,nordvpn,CR,1,api
2026-08-27,nordvpn,CV,1,api
2026-08-27,nordvpn,CY,1,api
2026-08-27,nordvpn,CZ,1,api
2026-08-27,nordvpn,DE,3,api
2026-08-27,nordvpn,DK,1,api
2026-08-27,nordvpn,DO,1,api
2026-08-27,nordvpn,DZ,1,api
2026-08-27,nordvpn,EC,1,api
2026-08-27,nordvpn,EE,1,api
2026-08-27,nordvpn,EG,1,api
2026-08-27,nordvpn,ES,2,api
2026-08-27,nordvpn,ET,1,api
2026-08-27,nordvpn,FI,1,api
2026-08-27,nordvpn,FJ,1,api
2026-08-27,nordvpn,FR,4,api
2026-08-27,nordvpn,GB,4,api
2026-08-27,nordvpn,GE,1,api
2026-08-27,nordvpn,GH,1,api
2026-08-27,nordvpn,GL,1,api
2026-08-27,nordvpn,GM,1,api
2026-08-27,nordvpn,GR,1,api
2026-08-27,nordvpn,GT,1,api
2026-08-27,nordvpn,GU,1,api
2026-08-27,nordvpn,GY,1,api
2026-08-27,nordvpn,HK,1,api
2026-08-27,nordvpn,HN,1,api
2026-08-27,nordvpn,HR,1,api
2026-08-27,nordvpn,HU,1,api
2026-08-27,nordvpn,ID,1,api
2026-08-27,nordvpn,IE,1,api
2026-08-27,nordvpn,IL,1,api
2026-08-27,nordvpn,IM,1,api
2026-08-27,nordvpn,IN,1,api
2026-08-27,nordvpn,IQ,1,api
2026-08-27,nordvpn,IS,1,api
2026-08-27,nordvpn,IT,3,api
2026-08-27,nordvpn,JE,1,api
2026-08-27,nordvpn,JM,1,api
2026-08-27,nordvpn,JO,1,api
2026-08-27,nordvpn,JP,2,api
2026-08-27,nordvpn,KE,1,api
2026-08-27,nordvpn,KG,1,api
2026-08-27,nordvpn,KH,1,api
2026-08-27,nordvpn,KM,1,api
2026-08-27,nordvpn,KR,1,api
2026-08-27,nordvpn,KW,1,api
2026-08-27,nordvpn,KY,1,api
2026-08-27,nordvpn,KZ,1,api
2026-08-27,nordvpn,LA,1,api
2026-08-27,nordvpn,LB,1,api
2026-08-27,nordvpn,LC,1,api
2026-08-27,nordvpn,LI,1,api
2026-08-27,nordvpn,LK,1,api
2026-08-27,nordvpn,LR,1,api
2026-08-27,nordvpn,LT,1,api
2026-08-27,nordvpn,LU,1,api
2026-08-27,nordvpn,LV,1,api
2026-08-27,nordvpn,LY,1,api
2026-08-27,nordvpn,MA,1,api
2026-08-27,nordvpn,MC,1,api
2026-08-27,nordvpn,MD,1,api
2026-08-27,nordvpn,ME,1,api
2026-08-27,nordvpn,MG,1,api
2026-08-27,nordvpn,MK,1,api
2026-08-27,nordvpn,MM,1,api
2026-08-27,nordvpn,MN,1,api
2026-08-27,nordvpn,MR,1,api
2026-08-27,nordvpn,MT,1,api
2026-08-27,nordvpn,MU,1,api
2026-08-27,nordvpn,MV,1,api
2026-08-27,nordvpn,MW,1,api
2026-08-27,nordvpn,MX,1,api
2026-08-27,nordvpn,MY,1,api
2026-08-27,nordvpn,MZ,1,api
2026-08-27,nordvpn,NG,1,api
2026-08-27,nordvpn,NL,1,api
2026-08-27,nordvpn,NO,1,api
2026-08-27,nordvpn,NP,1,api
2026-08-27,nordvpn,NZ,1,api
2026-08-27,nordvpn,PA,1,api
2026-08-27,nordvpn,PE,1,api
2026-08-27,nordvpn,PG,1,api
2026-08-27,nordvpn,PH,1,api
2026-08-27,nordvpn,PK,1,api
2026-08-27,nordvpn,PL,1,api
2026-08-27,nordvpn,PR,1,api
2026-08-27,nordvpn,PT,1,api
2026-08-27,nordvpn,PY,1,api
2026-08-27,nordvpn,QA,1,api
2026-08-27,nordvpn,RO,1,api
2026-08-27,nordvpn,RS,1,api
2026-08-27,nordvpn,SC,1,api
2026-08-27,nordvpn,SE,1,api
2026-08-27,nordvpn,SG,1,api
2026-08-27,nordvpn,SI,1,api
2026-08-27,nordvpn,SK,1,api
2026-08-27,nordvpn,SL,1,api
2026-08-27,nordvpn,SN,1,api
2026-08-27,nordvpn,SO,1,api
2026-08-27,nordvpn,SR,1,api
2026-08-27,nordvpn,SV,1,api
2026-08-27,nordvpn,TD,1,api
2026-08-27,nordvpn,TH,1,api
2026-08-27,nordvpn,TJ,1,api
2026-08-27,nordvpn,TN,1,api
2026-08-27,nordvpn,TR,1,api
2026-08-27,nordvpn,TT,1,api
2026-08-27,nordvpn,TW,1,api
2026-08-27,nordvpn,TZ,1,api
2026-08-27,nordvpn,UA,1,api
2026-08-27,nordvpn,US,55,api
2026-08-27,nordvpn,UY,1,api
2026-08-27,nordvpn,UZ,1,api
2026-08-27,nordvpn,VE,1,api
2026-08-27,nordvpn,VN,2,api
2026-08-27,nordvpn,YE,1,api
2026-08-27,nordvpn,ZA,1,api
2026-08-27,nordvpn,ZM,1,api
2026-08-27,private-internet-access,AD,1,api
2026-08-27,private-internet-access,AE,1,api
2026-08-27,private-internet-access,AL,1,api
2026-08-27,private-internet-access,AM,1,api
2026-08-27,private-internet-access,AR,2,api
2026-08-27,private-internet-access,AT,2,api
2026-08-27,private-internet-access,AU,6,api
2026-08-27,private-internet-access,BA,1,api
2026-08-27,private-internet-access,BD,1,api
2026-08-27,private-internet-access,BE,2,api
2026-08-27,private-internet-access,BG,1,api
2026-08-27,private-internet-access,BO,1,api
2026-08-27,private-internet-access,BR,2,api
2026-08-27,private-internet-access,BS,1,api
2026-08-27,private-internet-access,CA,5,api
2026-08-27,private-internet-access,CH,2,api
2026-08-27,private-internet-access,CL,2,api
2026-08-27,private-internet-access,CN,1,api
2026-08-27,private-internet-access,CO,1,api
2026-08-27,private-internet-access,CR,1,api
2026-08-27,private-internet-access,CY,1,api
2026-08-27,private-internet-access,CZ,1,api
2026-08-27,private-internet-access,DE,3,api
2026-08-27,private-internet-access,DK,2,api
2026-08-27,private-internet-access,DZ,1,api
2026-08-27,private-internet-access,EC,1,api
2026-08-27,private-internet-access,EE,1,api
2026-08-27,private-internet-access,EG,1,api
2026-08-27,private-internet-access,ES,3,api
2026-08-27,private-internet-access,FI,2,api
2026-08-27,private-internet-access,FR,2,api
2026-08-27,private-internet-access,GB,4,api
2026-08-27,private-internet-access,GE,1,api
2026-08-27,private-internet-access,GL,1,api
2026-08-27,private-internet-access,GR,1,api
2026-08-27,private-internet-access,GT,1,api
2026-08-27,private-internet-access,HK,1,api
2026-08-27,private-internet-access,HR,1,api
2026-08-27,private-internet-access,HU,2,api
2026-08-27,private-internet-access,ID,1,api
2026-08-27,private-internet-access,IE,1,api
2026-08-27,private-internet-access,IL,2,api
2026-08-27,private-internet-access,IM,1,api
2026-08-27,private-internet-access,IN,1,api
2026-08-27,private-internet-access,IS,1,api
2026-08-27,private-internet-access,IT,2,api
2026-08-27,private-internet-access,JP,2,api
2026-08-27,private-internet-access,KH,1,api
2026-08-27,private-internet-access,KR,2,api
2026-08-27,private-internet-access,KZ,1,api
2026-08-27,private-internet-access,LI,1,api
2026-08-27,private-internet-access,LK,1,api
2026-08-27,private-internet-access,LT,2,api
2026-08-27,private-internet-access,LU,2,api
2026-08-27,private-internet-access,LV,1,api
2026-08-27,private-internet-access,MA,1,api
2026-08-27,private-internet-access,MC,1,api
2026-08-27,private-internet-access,MD,1,api
2026-08-27,private-internet-access,ME,1,api
2026-08-27,private-internet-access,MK,1,api
2026-08-27,private-internet-access,MN,1,api
2026-08-27,private-internet-access,MO,1,api
2026-08-27,private-internet-access,MT,1,api
2026-08-27,private-internet-access,MX,2,api
2026-08-27,private-internet-access,MY,1,api
2026-08-27,private-internet-access,NG,1,api
2026-08-27,private-internet-access,NL,2,api
2026-08-27,private-internet-access,NO,1,api
2026-08-27,private-internet-access,NP,1,api
2026-08-27,private-internet-access,NZ,2,api
2026-08-27,private-internet-access,PA,1,api
2026-08-27,private-internet-access,PE,1,api
2026-08-27,private-internet-access,PH,1,api
2026-08-27,private-internet-access,PL,2,api
2026-08-27,private-internet-access,PT,2,api
2026-08-27,private-internet-access,QA,1,api
2026-08-27,private-internet-access,RO,2,api
2026-08-27,private-internet-access,RS,2,api
2026-08-27,private-internet-access,SA,1,api
2026-08-27,private-internet-access,SE,2,api
2026-08-27,private-internet-access,SG,2,api
2026-08-27,private-internet-access,SI,1,api
2026-08-27,private-internet-access,SK,2,api
2026-08-27,private-internet-access,TR,1,api
2026-08-27,private-internet-access,TW,2,api
2026-08-27,private-internet-access,UA,1,api
2026-08-27,private-internet-access,US,55,api
2026-08-27,private-internet-access,UY,1,api
2026-08-27,private-internet-access,VE,1,api
2026-08-27,private-internet-access,VN,1,api
2026-08-27,private-internet-access,ZA,2,api
2026-08-27,surfshark,AD,1,api
2026-08-27,surfshark,AE,1,api
2026-08-27,surfshark,AL,1,api
2026-08-27,surfshark,AM,1,api
2026-08-27,surfshark,AR,1,api
2026-08-27,surfshark,AT,1,api
2026-08-27,surfshark,AU,5,api
2026-08-27,surfshark,AZ,1,api
2026-08-27,surfshark,BA,1,api
2026-08-27,surfshark,BD,1,api
2026-08-27,surfshark,BE,2,api
2026-08-27,surfshark,BG,1,api
2026-08-27,surfshark,BN,1,api
2026-08-27,surfshark,BO,1,api
2026-08-27,surfshark,BR,1,api
2026-08-27,surfshark,BS,1,api
2026-08-27,surfshark,BT,1,api
2026-08-27,surfshark,BZ,1,api
2026-08-27,surfshark,CA,3,api
2026-08-27,surfshark,CH,1,api
2026-08-27,surfshark,CL,1,api
2026-08-27,surfshark,CO,1,api
2026-08-27,surfshark,CR,1,api
2026-08-27,surfshark,CY,1,api
2026-08-27,surfshark,CZ,1,api
2026-08-27,surfshark,DE,2,api
2026-08-27,surfshark,DK,1,api
2026-08-27,surfshark,DZ,1,api
2026-08-27,surfshark,EC,1,api
2026-08-27,surfshark,EE,1,api
2026-08-27,surfshark,EG,1,api
2026-08-27,surfshark,ES,3,api
2026-08-27,surfshark,FI,1,api
2026-08-27,surfshark,FR,3,api
2026-08-27,surfshark,GB,4,api
2026-08-27,surfshark,GE,1,api
2026-08-27,surfshark,GH,1,api
2026-08-27,surfshark,GL,1,api
2026-08-27,surfshark,GR,1,api
2026-08-27,surfshark,HK,1,api
2026-08-27,surfshark,HR,1,api
2026-08-27,surfshark,HU,1,api
2026-08-27,surfshark,ID,1,api
2026-08-27,surfshark,IE,1,api
2026-08-27,surfshark,IL,1,api
2026-08-27,surfshark,IM,1,api
2026-08-27,surfshark,IN,2,api
2026-08-27,surfshark,IS,1,api
2026-08-27,surfshark,IT,2,api
2026-08-27,surfshark,JP,1,api
2026-08-27,surfshark,KH,1,api
2026-08-27,surfshark,KR,1,api
2026-08-27,surfshark,KZ,1,api
2026-08-27,surfshark,LA,1,api
2026-08-27,surfshark,LI,1,api
2026-08-27,surfshark,LK,1,api
2026-08-27,surfshark,LT,1,api
2026-08-27,surfshark,LU,1,api
2026-08-27,surfshark,LV,1,api
2026-08-27,surfshark,MA,1,api
2026-08-27,surfshark,MC,1,api
2026-08-27,surfshark,MD,1,api
2026-08-27,surfshark,ME,1,api
2026-08-27,surfshark,MK,1,api
2026-08-27,surfshark,MM,1,api
2026-08-27,surfshark,MN,1,api
2026-08-27,surfshark,MO,1,api
2026-08-27,surfshark,MT,1,api
2026-08-27,surfshark,MX,1,api
2026-08-27,surfshark,MY,1,api
2026-08-27,surfshark,NG,1,api
2026-08-27,surfshark,NL,1,api
2026-08-27,surfshark,NO,1,api
2026-08-27,surfshark,NP,1,api
2026-08-27,surfshark,NZ,1,api
2026-08-27,surfshark,PA,1,api
2026-08-27,surfshark,PE,1,api
2026-08-27,surfshark,PH,1,api
2026-08-27,surfshark,PK,1,api
2026-08-27,surfshark,PL,2,api
2026-08-27,surfshark,PR,1,api
2026-08-27,surfshark,PT,2,api
2026-08-27,surfshark,PY,1,api
2026-08-27,surfshark,RO,1,api
2026-08-27,surfshark,RS,1,api
2026-08-27,surfshark,SA,1,api
2026-08-27,surfshark,SE,1,api
2026-08-27,surfshark,SG,1,api
2026-08-27,surfshark,SI,1,api
2026-08-27,surfshark,SK,1,api
2026-08-27,surfshark,TH,1,api
2026-08-27,surfshark,TR,1,api
2026-08-27,surfshark,TW,1,api
2026-08-27,surfshark,UA,1,api
2026-08-27,surfshark,US,24,api
2026-08-27,surfshark,UY,1,api
2026-08-27,surfshark,UZ,1,api
2026-08-27,surfshark,VE,1,api
2026-08-27,surfshark,VN,1,api
2026-08-27,surfshark,ZA,1,api
2026-08-27,windscribe,AE,1,api
2026-08-27,windscribe,AL,1,api
2026-08-27,windscribe,AR,1,api
2026-08-27,windscribe,AT,1,api
2026-08-27,windscribe,AU,1,api
2026-08-27,windscribe,BA,1,api
2026-08-27,windscribe,BE,1,api
2026-08-27,windscribe,BG,1,api
2026-08-27,windscribe,BR,1,api
2026-08-27,windscribe,CA,2,api
2026-08-27,windscribe,CH,1,api
2026-08-27,windscribe,CL,1,api
2026-08-27,windscribe,CO,1,api
2026-08-27,windscribe,CY,1,api
2026-08-27,windscribe,CZ,1,api
2026-08-27,windscribe,DE,1,api
2026-08-27,windscribe,DK,1,api
2026-08-27,windscribe,EC,1,api
2026-08-27,windscribe,EE,1,api
2026-08-27,windscribe,ES,1,api
2026-08-27,windscribe,FI,1,api
2026-08-27,windscribe,FR,1,api
2026-08-27,windscribe,GB,1,api
2026-08-27,windscribe,GE,1,api
2026-08-27,windscribe,GR,1,api
2026-08-27,windscribe,GT,1,api
2026-08-27,windscribe,HK,1,api
2026-08-27,windscribe,HR,1,api
2026-08-27,windscribe,HU,1,api
2026-08-27,windscribe,ID,1,api
2026-08-27,windscribe,IE,1,api
2026-08-27,windscribe,IL,1,api
2026-08-27,windscribe,IN,1,api
2026-08-27,windscribe,IS,1,api
2026-08-27,windscribe,IT,1,api
2026-08-27,windscribe,JP,1,api
2026-08-27,windscribe,KE,1,api
2026-08-27,windscribe,KR,1,api
2026-08-27,windscribe,LT,1,api
2026-08-27,windscribe,LU,1,api
2026-08-27,windscribe,LV,1,api
2026-08-27,windscribe,MD,1,api
2026-08-27,windscribe,MK,1,api
2026-08-27,windscribe,MX,1,api
2026-08-27,windscribe,MY,1,api
2026-08-27,windscribe,NG,1,api
2026-08-27,windscribe,NL,1,api
2026-08-27,windscribe,NO,1,api
2026-08-27,windscribe,NZ,1,api
2026-08-27,windscribe,PA,1,api
2026-08-27,windscribe,PE,1,api
2026-08-27,windscribe,PH,1,api
2026-08-27,windscribe,PL,1,api
2026-08-27,windscribe,PT,1,api
2026-08-27,windscribe,PY,1,api
2026-08-27,windscribe,RO,1,api
2026-08-27,windscribe,RS,1,api
2026-08-27,windscribe,RU,1,api
2026-08-27,windscribe,SE,1,api
2026-08-27,windscribe,SG,1,api
2026-08-27,windscribe,SI,1,api
2026-08-27,windscribe,SK,1,api
2026-08-27,windscribe,SV,1,api
2026-08-27,windscribe,TH,1,api
2026-08-27,windscribe,TR,1,api
2026-08-27,windscribe,UA,1,api
2026-08-27,windscribe,US,3,api
2026-08-27,windscribe,UY,1,api
2026-08-27,windscribe,VN,1,api
2026-08-27,windscribe,ZA,1,api
2026-08-28,cyberghost,AD,1,html
2026-08-28,cyberghost,AE,1,html
2026-08-28,cyberghost,AL,1,html
2026-08-28,cyberghost,AM,1,html
2026-08-28,cyberghost,AR,1,html
2026-08-28,cyberghost,AT,1,html
2026-08-28,cyberghost,AU,3,html
2026-08-28,cyberghost,BA,1,html
2026-08-28,cyberghost,BD,1,html
2026-08-28,cyberghost,BE,1,html
2026-08-28,cyberghost,BG,1,html
2026-08-28,cyberghost,BO,1,html
2026-08-28,cyberghost,BR,1,html
2026-08-28,cyberghost,BS,1,html
2026-08-28,cyberghost,BY,1,html
2026-08-28,cyberghost,CA,3,html
2026-08-28,cyberghost,CH,2,html
2026-08-28,cyberghost,CL,1,html
2026-08-28,cyberghost,CN,1,html
2026-08-28,cyberghost,CO,1,html
2026-08-28,cyberghost,CR,1,html
2026-08-28,cyberghost,CY,1,html
2026-08-28,cyberghost,CZ,1,html
2026-08-28,cyberghost,DE,3,html
2026-08-28,cyberghost,DK,1,html
2026-08-28,cyberghost,DO,1,html
2026-08-28,cyberghost,DZ,1,html
2026-08-28,cyberghost,EC,1,html
2026-08-28,cyberghost,EE,1,html
2026-08-28,cyberghost,EG,1,html
2026-08-28,cyberghost,ES,3,html
2026-08-28,cyberghost,FI,1,html
2026-08-28,cyberghost,FR,3,html
2026-08-28,cyberghost,GB,3,html
2026-08-28,cyberghost,GE,1,html
2026-08-28,cyberghost,GL,1,html
2026-08-28,cyberghost,GR,1,html
2026-08-28,cyberghost,GT,1,html
2026-08-28,cyberghost,HK,1,html
2026-08-28,cyberghost,HR,1,html
2026-08-28,cyberghost,HU,1,html
2026-08-28,cyberghost,ID,1,html
2026-08-28,cyberghost,IE,1,html
2026-08-28,cyberghost,IL,1,html
2026-08-28,cyberghost,IM,1,html
2026-08-28,cyberghost,IN,1,html
2026-08-28,cyberghost,IR,1,html
2026-08-28,cyberghost,IS,1,html
2026-08-28,cyberghost,IT,2,html
2026-08-28,cyberghost,JP,1,html
2026-08-28,cyberghost,KE,1,html
2026-08-28,cyberghost,KH,1,html
2026-08-28,cyberghost,KR,1,html
2026-08-28,cyberghost,KZ,1,html
2026-08-28,cyberghost,LA,1,html
2026-08-28,cyberghost,LI,1,html
2026-08-28,cyberghost,LK,1,html
2026-08-28,cyberghost,LT,1,html
2026-08-28,cyberghost,LU,1,html
2026-08-28,cyberghost,LV,1,html
2026-08-28,cyberghost,MA,1,html
2026-08-28,cyberghost,MC,1,html
2026-08-28,cyberghost,MD,1,html
2026-08-28,cyberghost,ME,1,html
2026-08-28,cyberghost,MK,1,html
2026-08-28,cyberghost,MM,1,html
2026-08-28,cyberghost,MN,1,html
2026-08-28,cyberghost,MO,1,html
2026-08-28,cyberghost,MT,1,html
2026-08-28,cyberghost,MX,1,html
2026-08-28,cyberghost,MY,1,html
2026-08-28,cyberghost,NG,1,html
2026-08-28,cyberghost,NL,1,html
2026-08-28,cyberghost,NO,1,html
2026-08-28,cyberghost,NP,1,html
2026-08-28,cyberghost,NZ,1,html
2026-08-28,cyberghost,PA,1,html
2026-08-28,cyberghost,PE,1,html
2026-08-28,cyberghost,PH,1,html
2026-08-28,cyberghost,PK,1,html
2026-08-28,cyberghost,PL,1,html
2026-08-28,cyberghost,PT,1,html
2026-08-28,cyberghost,QA,1,html
2026-08-28,cyberghost,RO,2,html
2026-08-28,cyberghost,RS,1,html
2026-08-28,cyberghost,RU,1,html
2026-08-28,cyberghost,SA,1,html
2026-08-28,cyberghost,SE,1,html
2026-08-28,cyberghost,SG,1,html
2026-08-28,cyberghost,SI,1,html
2026-08-28,cyberghost,SK,1,html
2026-08-28,cyberghost,TH,1,html
2026-08-28,cyberghost,TR,1,html
2026-08-28,cyberghost,TW,1,html
2026-08-28,cyberghost,UA,1,html
2026-08-28,cyberghost,US,11,html
2026-08-28,cyberghost,UY,1,html
2026-08-28,cyberghost,VE,1,html
2026-08-28,cyberghost,VN,1,html
2026-08-28,cyberghost,ZA,1,html
2026-08-28,expressvpn,AD,1,html
2026-08-28,expressvpn,AE,1,html
2026-08-28,expressvpn,AL,1,html
2026-08-28,expressvpn,AM,1,html
2026-08-28,expressvpn,AR,1,html
2026-08-28,expressvpn,AT,1,html
2026-08-28,expressvpn,AU,6,html
2026-08-28,expressvpn,AZ,1,html
2026-08-28,expressvpn,BA,1,html
2026-08-28,expressvpn,BD,1,html
2026-08-28,expressvpn,BE,1,html
2026-08-28,expressvpn,BG,1,html
2026-08-28,expressvpn,BM,1,html
2026-08-28,expressvpn,BN,1,html
2026-08-28,expressvpn,BO,1,html
2026-08-28,expressvpn,BR,1,html
2026-08-28,expressvpn,BS,1,html
2026-08-28,expressvpn,BT,1,html
2026-08-28,expressvpn,BY,1,html
2026-08-28,expressvpn,CA,3,html
2026-08-28,expressvpn,CH,1,html
2026-08-28,expressvpn,CL,1,html
2026-08-28,expressvpn,CN,1,html
2026-08-28,expressvpn,CO,1,html
2026-08-28,expressvpn,CR,1,html
2026-08-28,expressvpn,CY,1,html
2026-08-28,expressvpn,CZ,1,html
2026-08-28,expressvpn,DE,3,html
2026-08-28,expressvpn,DK,1,html
2026-08-28,expressvpn,DO,1,html
2026-08-28,expressvpn,DZ,1,html
2026-08-28,expressvpn,EC,1,html
2026-08-28,expressvpn,EE,1,html
2026-08-28,expressvpn,EG,1,html
2026-08-28,expressvpn,ES,3,html
2026-08-28,expressvpn,FI,1,html
2026-08-28,expressvpn,FR,4,html
2026-08-28,expressvpn,GB,7,html
2026-08-28,expressvpn,GE,1,html
2026-08-28,expressvpn,GH,1,html
2026-08-28,expressvpn,GL,1,html
2026-08-28,expressvpn,GR,1,html
2026-08-28,expressvpn,GT,1,html
2026-08-28,expressvpn,GU,1,html
2026-08-28,expressvpn,HK,1,html
2026-08-28,expressvpn,HN,1,html
2026-08-28,expressvpn,HR,1,html
2026-08-28,expressvpn,HU,1,html
2026-08-28,expressvpn,ID,1,html
2026-08-28,expressvpn,IE,1,html
2026-08-28,expressvpn,IL,1,html
2026-08-28,expressvpn,IM,1,html
2026-08-28,expressvpn,IN,1,html
2026-08-28,expressvpn,IS,1,html
2026-08-28,expressvpn,IT,3,html
2026-08-28,expressvpn,JE,1,html
2026-08-28,expressvpn,JM,1,html
2026-08-28,expressvpn,JP,4,html
2026-08-28,expressvpn,KE,1,html
2026-08-28,expressvpn,KH,1,html
2026-08-28,expressvpn,KR,1,html
2026-08-28,expressvpn,KY,1,html
2026-08-28,expressvpn,KZ,1,html
2026-08-28,expressvpn,LA,1,html
2026-08-28,expressvpn,LB,1,html
2026-08-28,expressvpn,LI,1,html
2026-08-28,expressvpn,LK,1,html
2026-08-28,expressvpn,LT,1,html
2026-08-28,expressvpn,LU,1,html
2026-08-28,expressvpn,LV,1,html
2026-08-28,expressvpn,MA,1,html
2026-08-28,expressvpn,MC,1,html
2026-08-28,expressvpn,MD,1,html
2026-08-28,expressvpn,ME,1,html
2026-08-28,expressvpn,MK,1,html
2026-08-28,expressvpn,MM,1,html
2026-08-28,expressvpn,MN,1,html
2026-08-28,expressvpn,MO,1,html
2026-08-28,expressvpn,MT,1,html
2026-08-28,expressvpn,MX,1,html
2026-08-28,expressvpn,MY,1,html
2026-08-28,expressvpn,NG,1,html
2026-08-28,expressvpn,NL,3,html
2026-08-28,expressvpn,NO,1,html
2026-08-28,expressvpn,NP,1,html
2026-08-28,expressvpn,NZ,1,html
2026-08-28,expressvpn,PA,1,html
2026-08-28,expressvpn,PE,1,html
2026-08-28,expressvpn,PH,1,html
2026-08-28,expressvpn,PK,1,html
2026-08-28,expressvpn,PL,1,html
2026-08-28,expressvpn,PR,1,html
2026-08-28,expressvpn,PT,1,html
2026-08-28,expressvpn,QA,1,html
2026-08-28,expressvpn,RO,1,html
2026-08-28,expressvpn,RS,1,html
2026-08-28,expressvpn,SA,1,html
2026-08-28,expressvpn,SE,1,html
2026-08-28,expressvpn,SG,3,html
2026-08-28,expressvpn,SI,1,html
2026-08-28,expressvpn,SK,1,html
2026-08-28,expressvpn,TH,1,html
2026-08-28,expressvpn,TR,1,html
2026-08-28,expressvpn,TT,1,html
2026-08-28,expressvpn,TW,1,html
2026-08-28,expressvpn,UA,1,html
2026-08-28,expressvpn,US,56,html
2026-08-28,expressvpn,UY,1,html
2026-08-28,expressvpn,UZ,1,html
2026-08-28,expressvpn,VE,1,html
2026-08-28,expressvpn,VN,1,html
2026-08-28,expressvpn,ZA,1,html
2026-08-28,mullvad,AL,1,api
2026-08-28,mullvad,AR,1,api
2026-08-28,mullvad,AT,1,api
2026-08-28,mullvad,AU,5,api
2026-08-28,mullvad,BE,1,api
2026-08-28,mullvad,BG,1,api
2026-08-28,mullvad,BR,2,api
2026-08-28,mullvad,CA,4,api
2026-08-28,mullvad,CH,1,api
2026-08-28,mullvad,CL,1,api
2026-08-28,mullvad,CO,1,api
2026-08-28,mullvad,CY,1,api
2026-08-28,mullvad,CZ,1,api
2026-08-28,mullvad,DE,3,api
2026-08-28,mullvad,DK,1,api
2026-08-28,mullvad,EE,1,api
2026-08-28,mullvad,ES,3,api
2026-08-28,mullvad,FI,1,api
2026-08-28,mullvad,FR,3,api
2026-08-28,mullvad,GB,3,api
2026-08-28,mullvad,GR,1,api
2026-08-28,mullvad,HK,1,api
2026-08-28,mullvad,HR,1,api
2026-08-28,mullvad,HU,1,api
2026-08-28,mullvad,ID,1,api
2026-08-28,mullvad,IE,1,api
2026-08-28,mullvad,IL,1,api
2026-08-28,mullvad,IT,2,api
2026-08-28,mullvad,JP,2,api
2026-08-28,mullvad,MX,1,api
2026-08-28,mullvad,MY,1,api
2026-08-28,mullvad,NG,1,api
2026-08-28,mullvad,NL,1,api
2026-08-28,mullvad,NO,2,api
2026-08-28,mullvad,NZ,1,api
2026-08-28,mullvad,PE,1,api
2026-08-28,mullvad,PH,1,api
2026-08-28,mullvad,PL,1,api
2026-08-28,mullvad,PT,1,api
2026-08-28,mullvad,RO,1,api
2026-08-28,mullvad,RS,1,api
2026-08-28,mullvad,SE,3,api
2026-08-28,mullvad,SG,1,api
2026-08-28,mullvad,SI,1,api
2026-08-28,mullvad,SK,1,api
2026-08-28,mullvad,TH,1,api
2026-08-28,mullvad,TR,1,api
2026-08-28,mullvad,UA,1,api
2026-08-28,mullvad,US,21,api
2026-08-28,mullvad,ZA,1,api
2026-08-28,nordvpn,AD,1,api
2026-08-28,nordvpn,AE,2,api
2026-08-28,nordvpn,AF,1,api
2026-08-28,nordvpn,AL,1,api
2026-08-28,nordvpn,AM,1,api
2026-08-28,nordvpn,AO,1,api
2026-08-28,nordvpn,AR,1,api
2026-08-28,nordvpn,AT,1,api
2026-08-28,nordvpn,AU,5,api
2026-08-28,nordvpn,AZ,1,api
2026-08-28,nordvpn,BA,1,api
2026-08-28,nordvpn,BB,1,api
2026-08-28,nordvpn,BD,1,api
2026-08-28,nordvpn,BE,1,api
2026-08-28,nordvpn,BF,1,api
2026-08-28,nordvpn,BG,1,api
2026-08-28,nordvpn,BH,1,api
2026-08-28,nordvpn,BJ,1,api
2026-08-28,nordvpn,BM,1,api
2026-08-28,nordvpn,BN,1,api
2026-08-28,nordvpn,BO,1,api
2026-08-28,nordvpn,BR,1,api
2026-08-28,nordvpn,BS,1,api
2026-08-28,nordvpn,BT,1,api
2026-08-28,nordvpn,BW,1,api
2026-08-28,nordvpn,BZ,1,api
2026-08-28,nordvpn,CA,4,api
2026-08-28,nordvpn,CH,1,api
2026-08-28,nordvpn,CL,1,api
2026-08-28,nordvpn,CO,1,api
2026-08-28,nordvpn,CR,1,api
2026-08-28,nordvpn,CV,1,api
2026-08-28,nordvpn,CY,1,api
2026-08-28,nordvpn,CZ,1,api
2026-08-28,nordvpn,DE,3,api
2026-08-28,nordvpn,DK,1,api
2026-08-28,nordvpn,DO,1,api
2026-08-28,nordvpn,DZ,1,api
2026-08-28,nordvpn,EC,1,api
2026-08-28,nordvpn,EE,1,api
2026-08-28,nordvpn,EG,1,api
2026-08-28,nordvpn,ES,2,api
2026-08-28,nordvpn,ET,1,api
2026-08-28,nordvpn,FI,1,api
2026-08-28,nordvpn,FJ,1,api
2026-08-28,nordvpn,FR,4,api
2026-08-28,nordvpn,GB,4,api
2026-08-28,nordvpn,GE,1,api
2026-08-28,nordvpn,GH,1,api
2026-08-28,nordvpn,GL,1,api
2026-08-28,nordvpn,GM,1,api
2026-08-28,nordvpn,GR,1,api
2026-08-28,nordvpn,GT,1,api
2026-08-28,nordvpn,GU,1,api
2026-08-28,nordvpn,GY,1,api
2026-08-28,nordvpn,HK,1,api
2026-08-28,nordvpn,HN,1,api
2026-08-28,nordvpn,HR,1,api
2026-08-28,nordvpn,HU,1,api
2026-08-28,nordvpn,ID,1,api
2026-08-28,nordvpn,IE,1,api
2026-08-28,nordvpn,IL,1,api
2026-08-28,nordvpn,IM,1,api
2026-08-28,nordvpn,IN,1,api
2026-08-28,nordvpn,IQ,1,api
2026-08-28,nordvpn,IS,1,api
2026-08-28,nordvpn,IT,3,api
2026-08-28,nordvpn,JE,1,api
2026-08-28,nordvpn,JM,1,api
2026-08-28,nordvpn,JO,1,api
2026-08-28,nordvpn,JP,2,api
2026-08-28,nordvpn,KE,1,api
2026-08-28,nordvpn,KG,1,api
2026-08-28,nordvpn,KH,1,api
2026-08-28,nordvpn,KM,1,api
2026-08-28,nordvpn,KR,1,api
2026-08-28,nordvpn,KW,1,api
2026-08-28,nordvpn,KY,1,api
2026-08-28,nordvpn,KZ,1,api
2026-08-28,nordvpn,LA,1,api
2026-08-28,nordvpn,LB,1,api
2026-08-28,nordvpn,LC,1,api
2026-08-28,nordvpn,LI,1,api
2026-08-28,nordvpn,LK,1,api
2026-08-28,nordvpn,LR,1,api
2026-08-28,nordvpn,LT,1,api
2026-08-28,nordvpn,LU,1,api
2026-08-28,nordvpn,LV,1,api
2026-08-28,nordvpn,LY,1,api
2026-08-28,nordvpn,MA,1,api
2026-08-28,nordvpn,MC,1,api
2026-08-28,nordvpn,MD,1,api
2026-08-28,nordvpn,ME,1,api
2026-08-28,nordvpn,MG,1,api
2026-08-28,nordvpn,MK,1,api
2026-08-28,nordvpn,MM,1,api
2026-08-28,nordvpn,MN,1,api
2026-08-28,nordvpn,MR,1,api
2026-08-28,nordvpn,MT,1,api
2026-08-28,nordvpn,MU,1,api
2026-08-28,nordvpn,MV,1,api
2026-08-28,nordvpn,MW,1,api
2026-08-28,nordvpn,MX,1,api
2026-08-28,nordvpn,MY,1,api
2026-08-28,nordvpn,MZ,1,api
2026-08-28,nordvpn,NG,1,api
2026-08-28,nordvpn,NL,1,api
2026-08-28,nordvpn,NO,1,api
2026-08-28,nordvpn,NP,1,api
2026-08-28,nordvpn,NZ,1,api
2026-08-28,nordvpn,PA,1,api
2026-08-28,nordvpn,PE,1,api
2026-08-28,nordvpn,PG,1,api
2026-08-28,nordvpn,PH,1,api
2026-08-28,nordvpn,PK,1,api
2026-08-28,nordvpn,PL,1,api
2026-08-28,nordvpn,PR,1,api
2026-08-28,nordvpn,PT,1,api
2026-08-28,nordvpn,PY,1,api
2026-08-28,nordvpn,QA,1,api
2026-08-28,nordvpn,RO,1,api
2026-08-28,nordvpn,RS,1,api
2026-08-28,nordvpn,SC,1,api
2026-08-28,nordvpn,SE,1,api
2026-08-28,nordvpn,SG,1,api
2026-08-28,nordvpn,SI,1,api
2026-08-28,nordvpn,SK,1,api
2026-08-28,nordvpn,SL,1,api
2026-08-28,nordvpn,SN,1,api
2026-08-28,nordvpn,SO,1,api
2026-08-28,nordvpn,SR,1,api
2026-08-28,nordvpn,SV,1,api
2026-08-28,nordvpn,TD,1,api
2026-08-28,nordvpn,TH,1,api
2026-08-28,nordvpn,TJ,1,api
2026-08-28,nordvpn,TN,1,api
2026-08-28,nordvpn,TR,1,api
2026-08-28,nordvpn,TT,1,api
2026-08-28,nordvpn,TW,1,api
2026-08-28,nordvpn,TZ,1,api
2026-08-28,nordvpn,UA,1,api
2026-08-28,nordvpn,US,55,api
2026-08-28,nordvpn,UY,1,api
2026-08-28,nordvpn,UZ,1,api
2026-08-28,nordvpn,VE,1,api
2026-08-28,nordvpn,VN,2,api
2026-08-28,nordvpn,YE,1,api
2026-08-28,nordvpn,ZA,1,api
2026-08-28,nordvpn,ZM,1,api
2026-08-28,private-internet-access,AD,1,api
2026-08-28,private-internet-access,AE,1,api
2026-08-28,private-internet-access,AL,1,api
2026-08-28,private-internet-access,AM,1,api
2026-08-28,private-internet-access,AR,2,api
2026-08-28,private-internet-access,AT,2,api
2026-08-28,private-internet-access,AU,6,api
2026-08-28,private-internet-access,BA,1,api
2026-08-28,private-internet-access,BD,1,api
2026-08-28,private-internet-access,BE,2,api
2026-08-28,private-internet-access,BG,1,api
2026-08-28,private-internet-access,BO,1,api
2026-08-28,private-internet-access,BR,2,api
2026-08-28,private-internet-access,BS,1,api
2026-08-28,private-internet-access,CA,5,api
2026-08-28,private-internet-access,CH,2,api
2026-08-28,private-internet-access,CL,2,api
2026-08-28,private-internet-access,CN,1,api
2026-08-28,private-internet-access,CO,1,api
2026-08-28,private-internet-access,CR,1,api
2026-08-28,private-internet-access,CY,1,api
2026-08-28,private-internet-access,CZ,1,api
2026-08-28,private-internet-access,DE,3,api
2026-08-28,private-internet-access,DK,2,api
2026-08-28,private-internet-access,DZ,1,api
2026-08-28,private-internet-access,EC,1,api
2026-08-28,private-internet-access,EE,1,api
2026-08-28,private-internet-access,EG,1,api
2026-08-28,private-internet-access,ES,3,api
2026-08-28,private-internet-access,FI,2,api
2026-08-28,private-internet-access,FR,2,api
2026-08-28,private-internet-access,GB,4,api
2026-08-28,private-internet-access,GE,1,api
2026-08-28,private-internet-access,GL,1,api
2026-08-28,private-internet-access,GR,1,api
2026-08-28,private-internet-access,GT,1,api
2026-08-28,private-internet-access,HK,1,api
2026-08-28,private-internet-access,HR,1,api
2026-08-28,private-internet-access,HU,2,api
2026-08-28,private-internet-access,ID,1,api
2026-08-28,private-internet-access,IE,1,api
2026-08-28,private-internet-access,IL,2,api
2026-08-28,private-internet-access,IM,1,api
2026-08-28,private-internet-access,IN,1,api
2026-08-28,private-internet-access,IS,1,api
2026-08-28,private-internet-access,IT,2,api
2026-08-28,private-internet-access,JP,2,api
2026-08-28,private-internet-access,KH,1,api
2026-08-28,private-internet-access,KR,2,api
2026-08-28,private-internet-access,KZ,1,api
2026-08-28,private-internet-access,LI,1,api
2026-08-28,private-internet-access,LK,1,api
2026-08-28,private-internet-access,LT,2,api
2026-08-28,private-internet-access,LU,2,api
2026-08-28,private-internet-access,LV,1,api
2026-08-28,private-internet-access,MA,1,api
2026-08-28,private-internet-access,MC,1,api
2026-08-28,private-internet-access,MD,1,api
2026-08-28,private-internet-access,ME,1,api
2026-08-28,private-internet-access,MK,1,api
2026-08-28,private-internet-access,MN,1,api
2026-08-28,private-internet-access,MO,1,api
2026-08-28,private-internet-access,MT,1,api
2026-08-28,private-internet-access,MX,2,api
2026-08-28,private-internet-access,MY,1,api
2026-08-28,private-internet-access,NG,1,api
2026-08-28,private-internet-access,NL,2,api
2026-08-28,private-internet-access,NO,1,api
2026-08-28,private-internet-access,NP,1,api
2026-08-28,private-internet-access,NZ,2,api
2026-08-28,private-internet-access,PA,1,api
2026-08-28,private-internet-access,PE,1,api
2026-08-28,private-internet-access,PH,1,api
2026-08-28,private-internet-access,PL,2,api
2026-08-28,private-internet-access,PT,2,api
2026-08-28,private-internet-access,QA,1,api
2026-08-28,private-internet-access,RO,2,api
2026-08-28,private-internet-access,RS,2,api
2026-08-28,private-internet-access,SA,1,api
2026-08-28,private-internet-access,SE,2,api
2026-08-28,private-internet-access,SG,2,api
2026-08-28,private-internet-access,SI,1,api
2026-08-28,private-internet-access,SK,2,api
2026-08-28,private-internet-access,TR,1,api
2026-08-28,private-internet-access,TW,2,api
2026-08-28,private-internet-access,UA,1,api
2026-08-28,private-internet-access,US,55,api
2026-08-28,private-internet-access,UY,1,api
2026-08-28,private-internet-access,VE,1,api
2026-08-28,private-internet-access,VN,1,api
2026-08-28,private-internet-access,ZA,2,api
2026-08-28,surfshark,AD,1,api
2026-08-28,surfshark,AE,1,api
2026-08-28,surfshark,AL,1,api
2026-08-28,surfshark,AM,1,api
2026-08-28,surfshark,AR,1,api
2026-08-28,surfshark,AT,1,api
2026-08-28,surfshark,AU,5,api
2026-08-28,surfshark,AZ,1,api
2026-08-28,surfshark,BA,1,api
2026-08-28,surfshark,BD,1,api
2026-08-28,surfshark,BE,2,api
2026-08-28,surfshark,BG,1,api
2026-08-28,surfshark,BN,1,api
2026-08-28,surfshark,BO,1,api
2026-08-28,surfshark,BR,1,api
2026-08-28,surfshark,BS,1,api
2026-08-28,surfshark,BT,1,api
2026-08-28,surfshark,BZ,1,api
2026-08-28,surfshark,CA,3,api
2026-08-28,surfshark,CH,1,api
2026-08-28,surfshark,CL,1,api
2026-08-28,surfshark,CO,1,api
2026-08-28,surfshark,CR,1,api
2026-08-28,surfshark,CY,1,api
2026-08-28,surfshark,CZ,1,api
2026-08-28,surfshark,DE,2,api
2026-08-28,surfshark,DK,1,api
2026-08-28,surfshark,DZ,1,api
2026-08-28,surfshark,EC,1,api
2026-08-28,surfshark,EE,1,api
2026-08-28,surfshark,EG,1,api
2026-08-28,surfshark,ES,3,api
2026-08-28,surfshark,FI,1,api
2026-08-28,surfshark,FR,3,api
2026-08-28,surfshark,GB,4,api
2026-08-28,surfshark,GE,1,api
2026-08-28,surfshark,GH,1,api
2026-08-28,surfshark,GL,1,api
2026-08-28,surfshark,GR,1,api
2026-08-28,surfshark,HK,1,api
2026-08-28,surfshark,HR,1,api
2026-08-28,surfshark,HU,1,api
2026-08-28,surfshark,ID,1,api
2026-08-28,surfshark,IE,1,api
2026-08-28,surfshark,IL,1,api
2026-08-28,surfshark,IM,1,api
2026-08-28,surfshark,IN,2,api
2026-08-28,surfshark,IS,1,api
2026-08-28,surfshark,IT,2,api
2026-08-28,surfshark,JP,1,api
2026-08-28,surfshark,KH,1,api
2026-08-28,surfshark,KR,1,api
2026-08-28,surfshark,KZ,1,api
2026-08-28,surfshark,LA,1,api
2026-08-28,surfshark,LI,1,api
2026-08-28,surfshark,LK,1,api
2026-08-28,surfshark,LT,1,api
2026-08-28,surfshark,LU,1,api
2026-08-28,surfshark,LV,1,api
2026-08-28,surfshark,MA,1,api
2026-08-28,surfshark,MC,1,api
2026-08-28,surfshark,MD,1,api
2026-08-28,surfshark,ME,1,api
2026-08-28,surfshark,MK,1,api
2026-08-28,surfshark,MM,1,api
2026-08-28,surfshark,MN,1,api
2026-08-28,surfshark,MO,1,api
2026-08-28,surfshark,MT,1,api
2026-08-28,surfshark,MX,1,api
2026-08-28,surfshark,MY,1,api
2026-08-28,surfshark,NG,1,api
2026-08-28,surfshark,NL,1,api
2026-08-28,surfshark,NO,1,api
2026-08-28,surfshark,NP,1,api
2026-08-28,surfshark,NZ,1,api
2026-08-28,surfshark,PA,1,api
2026-08-28,surfshark,PE,1,api
2026-08-28,surfshark,PH,1,api
2026-08-28,surfshark,PK,1,api
2026-08-28,surfshark,PL,2,api
2026-08-28,surfshark,PR,1,api
2026-08-28,surfshark,PT,2,api
2026-08-28,surfshark,PY,1,api
2026-08-28,surfshark,RO,1,api
2026-08-28,surfshark,RS,1,api
2026-08-28,surfshark,SA,1,api
2026-08-28,surfshark,SE,1,api
2026-08-28,surfshark,SG,1,api
2026-08-28,surfshark,SI,1,api
2026-08-28,surfshark,SK,1,api
2026-08-28,surfshark,TH,1,api
2026-08-28,surfshark,TR,1,api
2026-08-28,surfshark,TW,1,api
2026-08-28,surfshark,UA,1,api
2026-08-28,surfshark,US,24,api
2026-08-28,surfshark,UY,1,api
2026-08-28,surfshark,UZ,1,api
2026-08-28,surfshark,VE,1,api
2026-08-28,surfshark,VN,1,api
2026-08-28,surfshark,ZA,1,api
2026-08-28,windscribe,AE,1,api
2026-08-28,windscribe,AL,1,api
2026-08-28,windscribe,AR,1,api
2026-08-28,windscribe,AT,1,api
2026-08-28,windscribe,AU,1,api
2026-08-28,windscribe,BA,1,api
2026-08-28,windscribe,BE,1,api
2026-08-28,windscribe,BG,1,api
2026-08-28,windscribe,BR,1,api
2026-08-28,windscribe,CA,2,api
2026-08-28,windscribe,CH,1,api
2026-08-28,windscribe,CL,1,api
2026-08-28,windscribe,CO,1,api
2026-08-28,windscribe,CY,1,api
2026-08-28,windscribe,CZ,1,api
2026-08-28,windscribe,DE,1,api
2026-08-28,windscribe,DK,1,api
2026-08-28,windscribe,EC,1,api
2026-08-28,windscribe,EE,1,api
2026-08-28,windscribe,ES,1,api
2026-08-28,windscribe,FI,1,api
2026-08-28,windscribe,FR,1,api
2026-08-28,windscribe,GB,1,api
2026-08-28,windscribe,GE,1,api
2026-08-28,windscribe,GR,1,api
2026-08-28,windscribe,GT,1,api
2026-08-28,windscribe,HK,1,api
2026-08-28,windscribe,HR,1,api
2026-08-28,windscribe,HU,1,api
2026-08-28,windscribe,ID,1,api
2026-08-28,windscribe,IE,1,api
2026-08-28,windscribe,IL,1,api
2026-08-28,windscribe,IN,1,api
2026-08-28,windscribe,IS,1,api
2026-08-28,windscribe,IT,1,api
2026-08-28,windscribe,JP,1,api
2026-08-28,windscribe,KE,1,api
2026-08-28,windscribe,KR,1,api
2026-08-28,windscribe,LT,1,api
2026-08-28,windscribe,LU,1,api
2026-08-28,windscribe,LV,1,api
2026-08-28,windscribe,MD,1,api
2026-08-28,windscribe,MK,1,api
2026-08-28,windscribe,MX,1,api
2026-08-28,windscribe,MY,1,api
2026-08-28,windscribe,NG,1,api
2026-08-28,windscribe,NL,1,api
2026-08-28,windscribe,NO,1,api
2026-08-28,windscribe,NZ,1,api
2026-08-28,windscribe,PA,1,api
2026-08-28,windscribe,PE,1,api
2026-08-28,windscribe,PH,1,api
2026-08-28,windscribe,PL,1,api
2026-08-28,windscribe,PT,1,api
2026-08-28,windscribe,PY,1,api
2026-08-28,windscribe,RO,1,api
2026-08-28,windscribe,RS,1,api
2026-08-28,windscribe,RU,1,api
2026-08-28,windscribe,SE,1,api
2026-08-28,windscribe,SG,1,api
2026-08-28,windscribe,SI,1,api
2026-08-28,windscribe,SK,1,api
2026-08-28,windscribe,SV,1,api
2026-08-28,windscribe,TH,1,api
2026-08-28,windscribe,TR,1,api
2026-08-28,windscribe,UA,1,api
2026-08-28,windscribe,US,3,api
2026-08-28,windscribe,UY,1,api
2026-08-28,windscribe,VN,1,api
2026-08-28,windscribe,ZA,1,api
2026-08-29,cyberghost,AD,1,html
2026-08-29,cyberghost,AE,1,html
2026-08-29,cyberghost,AL,1,html
2026-08-29,cyberghost,AM,1,html
2026-08-29,cyberghost,AR,1,html
2026-08-29,cyberghost,AT,1,html
2026-08-29,cyberghost,AU,3,html
2026-08-29,cyberghost,BA,1,html
2026-08-29,cyberghost,BD,1,html
2026-08-29,cyberghost,BE,1,html
2026-08-29,cyberghost,BG,1,html
2026-08-29,cyberghost,BO,1,html
2026-08-29,cyberghost,BR,1,html
2026-08-29,cyberghost,BS,1,html
2026-08-29,cyberghost,BY,1,html
2026-08-29,cyberghost,CA,3,html
2026-08-29,cyberghost,CH,2,html
2026-08-29,cyberghost,CL,1,html
2026-08-29,cyberghost,CN,1,html
2026-08-29,cyberghost,CO,1,html
2026-08-29,cyberghost,CR,1,html
2026-08-29,cyberghost,CY,1,html
2026-08-29,cyberghost,CZ,1,html
2026-08-29,cyberghost,DE,3,html
2026-08-29,cyberghost,DK,1,html
2026-08-29,cyberghost,DO,1,html
2026-08-29,cyberghost,DZ,1,html
2026-08-29,cyberghost,EC,1,html
2026-08-29,cyberghost,EE,1,html
2026-08-29,cyberghost,EG,1,html
2026-08-29,cyberghost,ES,3,html
2026-08-29,cyberghost,FI,1,html
2026-08-29,cyberghost,FR,3,html
2026-08-29,cyberghost,GB,3,html
2026-08-29,cyberghost,GE,1,html
2026-08-29,cyberghost,GL,1,html
2026-08-29,cyberghost,GR,1,html
2026-08-29,cyberghost,GT,1,html
2026-08-29,cyberghost,HK,1,html
2026-08-29,cyberghost,HR,1,html
2026-08-29,cyberghost,HU,1,html
2026-08-29,cyberghost,ID,1,html
2026-08-29,cyberghost,IE,1,html
2026-08-29,cyberghost,IL,1,html
2026-08-29,cyberghost,IM,1,html
2026-08-29,cyberghost,IN,1,html
2026-08-29,cyberghost,IR,1,html
2026-08-29,cyberghost,IS,1,html
2026-08-29,cyberghost,IT,2,html
2026-08-29,cyberghost,JP,1,html
2026-08-29,cyberghost,KE,1,html
2026-08-29,cyberghost,KH,1,html
2026-08-29,cyberghost,KR,1,html
2026-08-29,cyberghost,KZ,1,html
2026-08-29,cyberghost,LA,1,html
2026-08-29,cyberghost,LI,1,html
2026-08-29,cyberghost,LK,1,html
2026-08-29,cyberghost,LT,1,html
2026-08-29,cyberghost,LU,1,html
2026-08-29,cyberghost,LV,1,html
2026-08-29,cyberghost,MA,1,html
2026-08-29,cyberghost,MC,1,html
2026-08-29,cyberghost,MD,1,html
2026-08-29,cyberghost,ME,1,html
2026-08-29,cyberghost,MK,1,html
2026-08-29,cyberghost,MM,1,html
2026-08-29,cyberghost,MN,1,html
2026-08-29,cyberghost,MO,1,html
2026-08-29,cyberghost,MT,1,html
2026-08-29,cyberghost,MX,1,html
2026-08-29,cyberghost,MY,1,html
2026-08-29,cyberghost,NG,1,html
2026-08-29,cyberghost,NL,1,html
2026-08-29,cyberghost,NO,1,html
2026-08-29,cyberghost,NP,1,html
2026-08-29,cyberghost,NZ,1,html
2026-08-29,cyberghost,PA,1,html
2026-08-29,cyberghost,PE,1,html
2026-08-29,cyberghost,PH,1,html
2026-08-29,cyberghost,PK,1,html
2026-08-29,cyberghost,PL,1,html
2026-08-29,cyberghost,PT,1,html
2026-08-29,cyberghost,QA,1,html
2026-08-29,cyberghost,RO,2,html
2026-08-29,cyberghost,RS,1,html
2026-08-29,cyberghost,RU,1,html
2026-08-29,cyberghost,SA,1,html
2026-08-29,cyberghost,SE,1,html
2026-08-29,cyberghost,SG,1,html
2026-08-29,cyberghost,SI,1,html
2026-08-29,cyberghost,SK,1,html
2026-08-29,cyberghost,TH,1,html
2026-08-29,cyberghost,TR,1,html
2026-08-29,cyberghost,TW,1,html
2026-08-29,cyberghost,UA,1,html
2026-08-29,cyberghost,US,11,html
2026-08-29,cyberghost,UY,1,html
2026-08-29,cyberghost,VE,1,html
2026-08-29,cyberghost,VN,1,html
2026-08-29,cyberghost,ZA,1,html
2026-08-29,expressvpn,AD,1,html
2026-08-29,expressvpn,AE,1,html
2026-08-29,expressvpn,AL,1,html
2026-08-29,expressvpn,AM,1,html
2026-08-29,expressvpn,AR,1,html
2026-08-29,expressvpn,AT,1,html
2026-08-29,expressvpn,AU,6,html
2026-08-29,expressvpn,AZ,1,html
2026-08-29,expressvpn,BA,1,html
2026-08-29,expressvpn,BD,1,html
2026-08-29,expressvpn,BE,1,html
2026-08-29,expressvpn,BG,1,html
2026-08-29,expressvpn,BM,1,html
2026-08-29,expressvpn,BN,1,html
2026-08-29,expressvpn,BO,1,html
2026-08-29,expressvpn,BR,1,html
2026-08-29,expressvpn,BS,1,html
2026-08-29,expressvpn,BT,1,html
2026-08-29,expressvpn,BY,1,html
2026-08-29,expressvpn,CA,3,html
2026-08-29,expressvpn,CH,1,html
2026-08-29,expressvpn,CL,1,html
2026-08-29,expressvpn,CN,1,html
2026-08-29,expressvpn,CO,1,html
2026-08-29,expressvpn,CR,1,html
2026-08-29,expressvpn,CY,1,html
2026-08-29,expressvpn,CZ,1,html
2026-08-29,expressvpn,DE,3,html
2026-08-29,expressvpn,DK,1,html
2026-08-29,expressvpn,DO,1,html
2026-08-29,expressvpn,DZ,1,html
2026-08-29,expressvpn,EC,1,html
2026-08-29,expressvpn,EE,1,html
2026-08-29,expressvpn,EG,1,html
2026-08-29,expressvpn,ES,3,html
2026-08-29,expressvpn,FI,1,html
2026-08-29,expressvpn,FR,4,html
2026-08-29,expressvpn,GB,7,html
2026-08-29,expressvpn,GE,1,html
2026-08-29,expressvpn,GH,1,html
2026-08-29,expressvpn,GL,1,html
2026-08-29,expressvpn,GR,1,html
2026-08-29,expressvpn,GT,1,html
2026-08-29,expressvpn,GU,1,html
2026-08-29,expressvpn,HK,1,html
2026-08-29,expressvpn,HN,1,html
2026-08-29,expressvpn,HR,1,html
2026-08-29,expressvpn,HU,1,html
2026-08-29,expressvpn,ID,1,html
2026-08-29,expressvpn,IE,1,html
2026-08-29,expressvpn,IL,1,html
2026-08-29,expressvpn,IM,1,html
2026-08-29,expressvpn,IN,1,html
2026-08-29,expressvpn,IS,1,html
2026-08-29,expressvpn,IT,3,html
2026-08-29,expressvpn,JE,1,html
2026-08-29,expressvpn,JM,1,html
2026-08-29,expressvpn,JP,4,html
2026-08-29,expressvpn,KE,1,html
2026-08-29,expressvpn,KH,1,html
2026-08-29,expressvpn,KR,1,html
2026-08-29,expressvpn,KY,1,html
2026-08-29,expressvpn,KZ,1,html
2026-08-29,expressvpn,LA,1,html
2026-08-29,expressvpn,LB,1,html
2026-08-29,expressvpn,LI,1,html
2026-08-29,expressvpn,LK,1,html
2026-08-29,expressvpn,LT,1,html
2026-08-29,expressvpn,LU,1,html
2026-08-29,expressvpn,LV,1,html
2026-08-29,expressvpn,MA,1,html
2026-08-29,expressvpn,MC,1,html
2026-08-29,expressvpn,MD,1,html
2026-08-29,expressvpn,ME,1,html
2026-08-29,expressvpn,MK,1,html
2026-08-29,expressvpn,MM,1,html
2026-08-29,expressvpn,MN,1,html
2026-08-29,expressvpn,MO,1,html
2026-08-29,expressvpn,MT,1,html
2026-08-29,expressvpn,MX,1,html
2026-08-29,expressvpn,MY,1,html
2026-08-29,expressvpn,NG,1,html
2026-08-29,expressvpn,NL,3,html
2026-08-29,expressvpn,NO,1,html
2026-08-29,expressvpn,NP,1,html
2026-08-29,expressvpn,NZ,1,html
2026-08-29,expressvpn,PA,1,html
2026-08-29,expressvpn,PE,1,html
2026-08-29,expressvpn,PH,1,html
2026-08-29,expressvpn,PK,1,html
2026-08-29,expressvpn,PL,1,html
2026-08-29,expressvpn,PR,1,html
2026-08-29,expressvpn,PT,1,html
2026-08-29,expressvpn,QA,1,html
2026-08-29,expressvpn,RO,1,html
2026-08-29,expressvpn,RS,1,html
2026-08-29,expressvpn,SA,1,html
2026-08-29,expressvpn,SE,1,html
2026-08-29,expressvpn,SG,3,html
2026-08-29,expressvpn,SI,1,html
2026-08-29,expressvpn,SK,1,html
2026-08-29,expressvpn,TH,1,html
2026-08-29,expressvpn,TR,1,html
2026-08-29,expressvpn,TT,1,html
2026-08-29,expressvpn,TW,1,html
2026-08-29,expressvpn,UA,1,html
2026-08-29,expressvpn,US,56,html
2026-08-29,expressvpn,UY,1,html
2026-08-29,expressvpn,UZ,1,html
2026-08-29,expressvpn,VE,1,html
2026-08-29,expressvpn,VN,1,html
2026-08-29,expressvpn,ZA,1,html
2026-08-29,mullvad,AL,1,api
2026-08-29,mullvad,AR,1,api
2026-08-29,mullvad,AT,1,api
2026-08-29,mullvad,AU,5,api
2026-08-29,mullvad,BE,1,api
2026-08-29,mullvad,BG,1,api
2026-08-29,mullvad,BR,2,api
2026-08-29,mullvad,CA,4,api
2026-08-29,mullvad,CH,1,api
2026-08-29,mullvad,CL,1,api
2026-08-29,mullvad,CO,1,api
2026-08-29,mullvad,CY,1,api
2026-08-29,mullvad,CZ,1,api
2026-08-29,mullvad,DE,3,api
2026-08-29,mullvad,DK,1,api
2026-08-29,mullvad,EE,1,api
2026-08-29,mullvad,ES,3,api
2026-08-29,mullvad,FI,1,api
2026-08-29,mullvad,FR,3,api
2026-08-29,mullvad,GB,3,api
2026-08-29,mullvad,GR,1,api
2026-08-29,mullvad,HK,1,api
2026-08-29,mullvad,HR,1,api
2026-08-29,mullvad,HU,1,api
2026-08-29,mullvad,ID,1,api
2026-08-29,mullvad,IE,1,api
2026-08-29,mullvad,IL,1,api
2026-08-29,mullvad,IT,2,api
2026-08-29,mullvad,JP,2,api
2026-08-29,mullvad,MX,1,api
2026-08-29,mullvad,MY,1,api
2026-08-29,mullvad,NG,1,api
2026-08-29,mullvad,NL,1,api
2026-08-29,mullvad,NO,2,api
2026-08-29,mullvad,NZ,1,api
2026-08-29,mullvad,PE,1,api
2026-08-29,mullvad,PH,1,api
2026-08-29,mullvad,PL,1,api
2026-08-29,mullvad,PT,1,api
2026-08-29,mullvad,RO,1,api
2026-08-29,mullvad,RS,1,api
2026-08-29,mullvad,SE,3,api
2026-08-29,mullvad,SG,1,api
2026-08-29,mullvad,SI,1,api
2026-08-29,mullvad,SK,1,api
2026-08-29,mullvad,TH,1,api
2026-08-29,mullvad,TR,1,api
2026-08-29,mullvad,UA,1,api
2026-08-29,mullvad,US,21,api
2026-08-29,mullvad,ZA,1,api
2026-08-29,nordvpn,AD,1,api
2026-08-29,nordvpn,AE,2,api
2026-08-29,nordvpn,AF,1,api
2026-08-29,nordvpn,AL,1,api
2026-08-29,nordvpn,AM,1,api
2026-08-29,nordvpn,AO,1,api
2026-08-29,nordvpn,AR,1,api
2026-08-29,nordvpn,AT,1,api
2026-08-29,nordvpn,AU,5,api
2026-08-29,nordvpn,AZ,1,api
2026-08-29,nordvpn,BA,1,api
2026-08-29,nordvpn,BB,1,api
2026-08-29,nordvpn,BD,1,api
2026-08-29,nordvpn,BE,1,api
2026-08-29,nordvpn,BF,1,api
2026-08-29,nordvpn,BG,1,api
2026-08-29,nordvpn,BH,1,api
2026-08-29,nordvpn,BJ,1,api
2026-08-29,nordvpn,BM,1,api
2026-08-29,nordvpn,BN,1,api
2026-08-29,nordvpn,BO,1,api
2026-08-29,nordvpn,BR,1,api
2026-08-29,nordvpn,BS,1,api
2026-08-29,nordvpn,BT,1,api
2026-08-29,nordvpn,BW,1,api
2026-08-29,nordvpn,BZ,1,api
2026-08-29,nordvpn,CA,4,api
2026-08-29,nordvpn,CH,1,api
2026-08-29,nordvpn,CL,1,api
2026-08-29,nordvpn,CO,1,api
2026-08-29,nordvpn,CR,1,api
2026-08-29,nordvpn,CV,1,api
2026-08-29,nordvpn,CY,1,api
2026-08-29,nordvpn,CZ,1,api
2026-08-29,nordvpn,DE,3,api
2026-08-29,nordvpn,DK,1,api
2026-08-29,nordvpn,DO,1,api
2026-08-29,nordvpn,DZ,1,api
2026-08-29,nordvpn,EC,1,api
2026-08-29,nordvpn,EE,1,api
2026-08-29,nordvpn,EG,1,api
2026-08-29,nordvpn,ES,2,api
2026-08-29,nordvpn,ET,1,api
2026-08-29,nordvpn,FI,1,api
2026-08-29,nordvpn,FJ,1,api
2026-08-29,nordvpn,FR,4,api
2026-08-29,nordvpn,GB,4,api
2026-08-29,nordvpn,GE,1,api
2026-08-29,nordvpn,GH,1,api
2026-08-29,nordvpn,GL,1,api
2026-08-29,nordvpn,GM,1,api
2026-08-29,nordvpn,GR,1,api
2026-08-29,nordvpn,GT,1,api
2026-08-29,nordvpn,GU,1,api
2026-08-29,nordvpn,GY,1,api
2026-08-29,nordvpn,HK,1,api
2026-08-29,nordvpn,HN,1,api
2026-08-29,nordvpn,HR,1,api
2026-08-29,nordvpn,HU,1,api
2026-08-29,nordvpn,ID,1,api
2026-08-29,nordvpn,IE,1,api
2026-08-29,nordvpn,IL,1,api
2026-08-29,nordvpn,IM,1,api
2026-08-29,nordvpn,IN,1,api
2026-08-29,nordvpn,IQ,1,api
2026-08-29,nordvpn,IS,1,api
2026-08-29,nordvpn,IT,3,api
2026-08-29,nordvpn,JE,1,api
2026-08-29,nordvpn,JM,1,api
2026-08-29,nordvpn,JO,1,api
2026-08-29,nordvpn,JP,2,api
2026-08-29,nordvpn,KE,1,api
2026-08-29,nordvpn,KG,1,api
2026-08-29,nordvpn,KH,1,api
2026-08-29,nordvpn,KM,1,api
2026-08-29,nordvpn,KR,1,api
2026-08-29,nordvpn,KW,1,api
2026-08-29,nordvpn,KY,1,api
2026-08-29,nordvpn,KZ,1,api
2026-08-29,nordvpn,LA,1,api
2026-08-29,nordvpn,LB,1,api
2026-08-29,nordvpn,LC,1,api
2026-08-29,nordvpn,LI,1,api
2026-08-29,nordvpn,LK,1,api
2026-08-29,nordvpn,LR,1,api
2026-08-29,nordvpn,LT,1,api
2026-08-29,nordvpn,LU,1,api
2026-08-29,nordvpn,LV,1,api
2026-08-29,nordvpn,LY,1,api
2026-08-29,nordvpn,MA,1,api
2026-08-29,nordvpn,MC,1,api
2026-08-29,nordvpn,MD,1,api
2026-08-29,nordvpn,ME,1,api
2026-08-29,nordvpn,MG,1,api
2026-08-29,nordvpn,MK,1,api
2026-08-29,nordvpn,MM,1,api
2026-08-29,nordvpn,MN,1,api
2026-08-29,nordvpn,MR,1,api
2026-08-29,nordvpn,MT,1,api
2026-08-29,nordvpn,MU,1,api
2026-08-29,nordvpn,MV,1,api
2026-08-29,nordvpn,MW,1,api
2026-08-29,nordvpn,MX,1,api
2026-08-29,nordvpn,MY,1,api
2026-08-29,nordvpn,MZ,1,api
2026-08-29,nordvpn,NG,1,api
2026-08-29,nordvpn,NL,1,api
2026-08-29,nordvpn,NO,1,api
2026-08-29,nordvpn,NP,1,api
2026-08-29,nordvpn,NZ,1,api
2026-08-29,nordvpn,PA,1,api
2026-08-29,nordvpn,PE,1,api
2026-08-29,nordvpn,PG,1,api
2026-08-29,nordvpn,PH,1,api
2026-08-29,nordvpn,PK,1,api
2026-08-29,nordvpn,PL,1,api
2026-08-29,nordvpn,PR,1,api
2026-08-29,nordvpn,PT,1,api
2026-08-29,nordvpn,PY,1,api
2026-08-29,nordvpn,QA,1,api
2026-08-29,nordvpn,RO,1,api
2026-08-29,nordvpn,RS,1,api
2026-08-29,nordvpn,SC,1,api
2026-08-29,nordvpn,SE,1,api
2026-08-29,nordvpn,SG,1,api
2026-08-29,nordvpn,SI,1,api
2026-08-29,nordvpn,SK,1,api
2026-08-29,nordvpn,SL,1,api
2026-08-29,nordvpn,SN,1,api
2026-08-29,nordvpn,SO,1,api
2026-08-29,nordvpn,SR,1,api
2026-08-29,nordvpn,SV,1,api
2026-08-29,nordvpn,TD,1,api
2026-08-29,nordvpn,TH,1,api
2026-08-29,nordvpn,TJ,1,api
2026-08-29,nordvpn,TN,1,api
2026-08-29,nordvpn,TR,1,api
2026-08-29,nordvpn,TT,1,api
2026-08-29,nordvpn,TW,1,api
2026-08-29,nordvpn,TZ,1,api
2026-08-29,nordvpn,UA,1,api
2026-08-29,nordvpn,US,55,api
2026-08-29,nordvpn,UY,1,api
2026-08-29,nordvpn,UZ,1,api
2026-08-29,nordvpn,VE,1,api
2026-08-29,nordvpn,VN,2,api
2026-08-29,nordvpn,YE,1,api
2026-08-29,nordvpn,ZA,1,api
2026-08-29,nordvpn,ZM,1,api
2026-08-29,private-internet-access,AD,1,api
2026-08-29,private-internet-access,AE,1,api
2026-08-29,private-internet-access,AL,1,api
2026-08-29,private-internet-access,AM,1,api
2026-08-29,private-internet-access,AR,2,api
2026-08-29,private-internet-access,AT,2,api
2026-08-29,private-internet-access,AU,6,api
2026-08-29,private-internet-access,BA,1,api
2026-08-29,private-internet-access,BD,1,api
2026-08-29,private-internet-access,BE,2,api
2026-08-29,private-internet-access,BG,1,api
2026-08-29,private-internet-access,BO,1,api
2026-08-29,private-internet-access,BR,2,api
2026-08-29,private-internet-access,BS,1,api
2026-08-29,private-internet-access,CA,5,api
2026-08-29,private-internet-access,CH,2,api
2026-08-29,private-internet-access,CL,2,api
2026-08-29,private-internet-access,CN,1,api
2026-08-29,private-internet-access,CO,1,api
2026-08-29,private-internet-access,CR,1,api
2026-08-29,private-internet-access,CY,1,api
2026-08-29,private-internet-access,CZ,1,api
2026-08-29,private-internet-access,DE,3,api
2026-08-29,private-internet-access,DK,2,api
2026-08-29,private-internet-access,DZ,1,api
2026-08-29,private-internet-access,EC,1,api
2026-08-29,private-internet-access,EE,1,api
2026-08-29,private-internet-access,EG,1,api
2026-08-29,private-internet-access,ES,3,api
2026-08-29,private-internet-access,FI,2,api
2026-08-29,private-internet-access,FR,2,api
2026-08-29,private-internet-access,GB,4,api
2026-08-29,private-internet-access,GE,1,api
2026-08-29,private-internet-access,GL,1,api
2026-08-29,private-internet-access,GR,1,api
2026-08-29,private-internet-access,GT,1,api
2026-08-29,private-internet-access,HK,1,api
2026-08-29,private-internet-access,HR,1,api
2026-08-29,private-internet-access,HU,2,api
2026-08-29,private-internet-access,ID,1,api
2026-08-29,private-internet-access,IE,1,api
2026-08-29,private-internet-access,IL,2,api
2026-08-29,private-internet-access,IM,1,api
2026-08-29,private-internet-access,IN,1,api
2026-08-29,private-internet-access,IS,1,api
2026-08-29,private-internet-access,IT,2,api
2026-08-29,private-internet-access,JP,2,api
2026-08-29,private-internet-access,KH,1,api
2026-08-29,private-internet-access,KR,2,api
2026-08-29,private-internet-access,KZ,1,api
2026-08-29,private-internet-access,LI,1,api
2026-08-29,private-internet-access,LK,1,api
2026-08-29,private-internet-access,LT,2,api
2026-08-29,private-internet-access,LU,2,api
2026-08-29,private-internet-access,LV,1,api
2026-08-29,private-internet-access,MA,1,api
2026-08-29,private-internet-access,MC,1,api
2026-08-29,private-internet-access,MD,1,api
2026-08-29,private-internet-access,ME,1,api
2026-08-29,private-internet-access,MK,1,api
2026-08-29,private-internet-access,MN,1,api
2026-08-29,private-internet-access,MO,1,api
2026-08-29,private-internet-access,MT,1,api
2026-08-29,private-internet-access,MX,2,api
2026-08-29,private-internet-access,MY,1,api
2026-08-29,private-internet-access,NG,1,api
2026-08-29,private-internet-access,NL,2,api
2026-08-29,private-internet-access,NO,1,api
2026-08-29,private-internet-access,NP,1,api
2026-08-29,private-internet-access,NZ,2,api
2026-08-29,private-internet-access,PA,1,api
2026-08-29,private-internet-access,PE,1,api
2026-08-29,private-internet-access,PH,1,api
2026-08-29,private-internet-access,PL,2,api
2026-08-29,private-internet-access,PT,2,api
2026-08-29,private-internet-access,QA,1,api
2026-08-29,private-internet-access,RO,2,api
2026-08-29,private-internet-access,RS,2,api
2026-08-29,private-internet-access,SA,1,api
2026-08-29,private-internet-access,SE,2,api
2026-08-29,private-internet-access,SG,2,api
2026-08-29,private-internet-access,SI,1,api
2026-08-29,private-internet-access,SK,2,api
2026-08-29,private-internet-access,TR,1,api
2026-08-29,private-internet-access,TW,2,api
2026-08-29,private-internet-access,UA,1,api
2026-08-29,private-internet-access,US,55,api
2026-08-29,private-internet-access,UY,1,api
2026-08-29,private-internet-access,VE,1,api
2026-08-29,private-internet-access,VN,1,api
2026-08-29,private-internet-access,ZA,2,api
2026-08-29,surfshark,AD,1,api
2026-08-29,surfshark,AE,1,api
2026-08-29,surfshark,AL,1,api
2026-08-29,surfshark,AM,1,api
2026-08-29,surfshark,AR,1,api
2026-08-29,surfshark,AT,1,api
2026-08-29,surfshark,AU,5,api
2026-08-29,surfshark,AZ,1,api
2026-08-29,surfshark,BA,1,api
2026-08-29,surfshark,BD,1,api
2026-08-29,surfshark,BE,2,api
2026-08-29,surfshark,BG,1,api
2026-08-29,surfshark,BN,1,api
2026-08-29,surfshark,BO,1,api
2026-08-29,surfshark,BR,1,api
2026-08-29,surfshark,BS,1,api
2026-08-29,surfshark,BT,1,api
2026-08-29,surfshark,BZ,1,api
2026-08-29,surfshark,CA,3,api
2026-08-29,surfshark,CH,1,api
2026-08-29,surfshark,CL,1,api
2026-08-29,surfshark,CO,1,api
2026-08-29,surfshark,CR,1,api
2026-08-29,surfshark,CY,1,api
2026-08-29,surfshark,CZ,1,api
2026-08-29,surfshark,DE,2,api
2026-08-29,surfshark,DK,1,api
2026-08-29,surfshark,DZ,1,api
2026-08-29,surfshark,EC,1,api
2026-08-29,surfshark,EE,1,api
2026-08-29,surfshark,EG,1,api
2026-08-29,surfshark,ES,3,api
2026-08-29,surfshark,FI,1,api
2026-08-29,surfshark,FR,3,api
2026-08-29,surfshark,GB,4,api
2026-08-29,surfshark,GE,1,api
2026-08-29,surfshark,GH,1,api
2026-08-29,surfshark,GL,1,api
2026-08-29,surfshark,GR,1,api
2026-08-29,surfshark,HK,1,api
2026-08-29,surfshark,HR,1,api
2026-08-29,surfshark,HU,1,api
2026-08-29,surfshark,ID,1,api
2026-08-29,surfshark,IE,1,api
2026-08-29,surfshark,IL,1,api
2026-08-29,surfshark,IM,1,api
2026-08-29,surfshark,IN,2,api
2026-08-29,surfshark,IS,1,api
2026-08-29,surfshark,IT,2,api
2026-08-29,surfshark,JP,1,api
2026-08-29,surfshark,KH,1,api
2026-08-29,surfshark,KR,1,api
2026-08-29,surfshark,KZ,1,api
2026-08-29,surfshark,LA,1,api
2026-08-29,surfshark,LI,1,api
2026-08-29,surfshark,LK,1,api
2026-08-29,surfshark,LT,1,api
2026-08-29,surfshark,LU,1,api
2026-08-29,surfshark,LV,1,api
2026-08-29,surfshark,MA,1,api
2026-08-29,surfshark,MC,1,api
2026-08-29,surfshark,MD,1,api
2026-08-29,surfshark,ME,1,api
2026-08-29,surfshark,MK,1,api
2026-08-29,surfshark,MM,1,api
2026-08-29,surfshark,MN,1,api
2026-08-29,surfshark,MO,1,api
2026-08-29,surfshark,MT,1,api
2026-08-29,surfshark,MX,1,api
2026-08-29,surfshark,MY,1,api
2026-08-29,surfshark,NG,1,api
2026-08-29,surfshark,NL,1,api
2026-08-29,surfshark,NO,1,api
2026-08-29,surfshark,NP,1,api
2026-08-29,surfshark,NZ,1,api
2026-08-29,surfshark,PA,1,api
2026-08-29,surfshark,PE,1,api
2026-08-29,surfshark,PH,1,api
2026-08-29,surfshark,PK,1,api
2026-08-29,surfshark,PL,2,api
2026-08-29,surfshark,PR,1,api
2026-08-29,surfshark,PT,2,api
2026-08-29,surfshark,PY,1,api
2026-08-29,surfshark,RO,1,api
2026-08-29,surfshark,RS,1,api
2026-08-29,surfshark,SA,1,api
2026-08-29,surfshark,SE,1,api
2026-08-29,surfshark,SG,1,api
2026-08-29,surfshark,SI,1,api
2026-08-29,surfshark,SK,1,api
2026-08-29,surfshark,TH,1,api
2026-08-29,surfshark,TR,1,api
2026-08-29,surfshark,TW,1,api
2026-08-29,surfshark,UA,1,api
2026-08-29,surfshark,US,24,api
2026-08-29,surfshark,UY,1,api
2026-08-29,surfshark,UZ,1,api
2026-08-29,surfshark,VE,1,api
2026-08-29,surfshark,VN,1,api
2026-08-29,surfshark,ZA,1,api
2026-08-29,windscribe,AE,1,api
2026-08-29,windscribe,AL,1,api
2026-08-29,windscribe,AR,1,api
2026-08-29,windscribe,AT,1,api
2026-08-29,windscribe,AU,1,api
2026-08-29,windscribe,BA,1,api
2026-08-29,windscribe,BE,1,api
2026-08-29,windscribe,BG,1,api
2026-08-29,windscribe,BR,1,api
2026-08-29,windscribe,CA,2,api
2026-08-29,windscribe,CH,1,api
2026-08-29,windscribe,CL,1,api
2026-08-29,windscribe,CO,1,api
2026-08-29,windscribe,CY,1,api
2026-08-29,windscribe,CZ,1,api
2026-08-29,windscribe,DE,1,api
2026-08-29,windscribe,DK,1,api
2026-08-29,windscribe,EC,1,api
2026-08-29,windscribe,EE,1,api
2026-08-29,windscribe,ES,1,api
2026-08-29,windscribe,FI,1,api
2026-08-29,windscribe,FR,1,api
2026-08-29,windscribe,GB,1,api
2026-08-29,windscribe,GE,1,api
2026-08-29,windscribe,GR,1,api
2026-08-29,windscribe,GT,1,api
2026-08-29,windscribe,HK,1,api
2026-08-29,windscribe,HR,1,api
2026-08-29,windscribe,HU,1,api
2026-08-29,windscribe,ID,1,api
2026-08-29,windscribe,IE,1,api
2026-08-29,windscribe,IL,1,api
2026-08-29,windscribe,IN,1,api
2026-08-29,windscribe,IS,1,api
2026-08-29,windscribe,IT,1,api
2026-08-29,windscribe,JP,1,api
2026-08-29,windscribe,KE,1,api
2026-08-29,windscribe,KR,1,api
2026-08-29,windscribe,LT,1,api
2026-08-29,windscribe,LU,1,api
2026-08-29,windscribe,LV,1,api
2026-08-29,windscribe,MD,1,api
2026-08-29,windscribe,MK,1,api
2026-08-29,windscribe,MX,1,api
2026-08-29,windscribe,MY,1,api
2026-08-29,windscribe,NG,1,api
2026-08-29,windscribe,NL,1,api
2026-08-29,windscribe,NO,1,api
2026-08-29,windscribe,NZ,1,api
2026-08-29,windscribe,PA,1,api
2026-08-29,windscribe,PE,1,api
2026-08-29,windscribe,PH,1,api
2026-08-29,windscribe,PL,1,api
2026-08-29,windscribe,PT,1,api
2026-08-29,windscribe,PY,1,api
2026-08-29,windscribe,RO,1,api
2026-08-29,windscribe,RS,1,api
2026-08-29,windscribe,RU,1,api
2026-08-29,windscribe,SE,1,api
2026-08-29,windscribe,SG,1,api
2026-08-29,windscribe,SI,1,api
2026-08-29,windscribe,SK,1,api
2026-08-29,windscribe,SV,1,api
2026-08-29,windscribe,TH,1,api
2026-08-29,windscribe,TR,1,api
2026-08-29,windscribe,UA,1,api
2026-08-29,windscribe,US,3,api
2026-08-29,windscribe,UY,1,api
2026-08-29,windscribe,VN,1,api
2026-08-29,windscribe,ZA,1,api
2026-08-30,cyberghost,AD,1,html
2026-08-30,cyberghost,AE,1,html
2026-08-30,cyberghost,AL,1,html
2026-08-30,cyberghost,AM,1,html
2026-08-30,cyberghost,AR,1,html
2026-08-30,cyberghost,AT,1,html
2026-08-30,cyberghost,AU,3,html
2026-08-30,cyberghost,BA,1,html
2026-08-30,cyberghost,BD,1,html
2026-08-30,cyberghost,BE,1,html
2026-08-30,cyberghost,BG,1,html
2026-08-30,cyberghost,BO,1,html
2026-08-30,cyberghost,BR,1,html
2026-08-30,cyberghost,BS,1,html
2026-08-30,cyberghost,BY,1,html
2026-08-30,cyberghost,CA,3,html
2026-08-30,cyberghost,CH,2,html
2026-08-30,cyberghost,CL,1,html
2026-08-30,cyberghost,CN,1,html
2026-08-30,cyberghost,CO,1,html
2026-08-30,cyberghost,CR,1,html
2026-08-30,cyberghost,CY,1,html
2026-08-30,cyberghost,CZ,1,html
2026-08-30,cyberghost,DE,3,html
2026-08-30,cyberghost,DK,1,html
2026-08-30,cyberghost,DO,1,html
2026-08-30,cyberghost,DZ,1,html
2026-08-30,cyberghost,EC,1,html
2026-08-30,cyberghost,EE,1,html
2026-08-30,cyberghost,EG,1,html
2026-08-30,cyberghost,ES,3,html
2026-08-30,cyberghost,FI,1,html
2026-08-30,cyberghost,FR,3,html
2026-08-30,cyberghost,GB,3,html
2026-08-30,cyberghost,GE,1,html
2026-08-30,cyberghost,GL,1,html
2026-08-30,cyberghost,GR,1,html
2026-08-30,cyberghost,GT,1,html
2026-08-30,cyberghost,HK,1,html
2026-08-30,cyberghost,HR,1,html
2026-08-30,cyberghost,HU,1,html
2026-08-30,cyberghost,ID,1,html
2026-08-30,cyberghost,IE,1,html
2026-08-30,cyberghost,IL,1,html
2026-08-30,cyberghost,IM,1,html
2026-08-30,cyberghost,IN,1,html
2026-08-30,cyberghost,IR,1,html
2026-08-30,cyberghost,IS,1,html
2026-08-30,cyberghost,IT,2,html
2026-08-30,cyberghost,JP,1,html
2026-08-30,cyberghost,KE,1,html
2026-08-30,cyberghost,KH,1,html
2026-08-30,cyberghost,KR,1,html
2026-08-30,cyberghost,KZ,1,html
2026-08-30,cyberghost,LA,1,html
2026-08-30,cyberghost,LI,1,html
2026-08-30,cyberghost,LK,1,html
2026-08-30,cyberghost,LT,1,html
2026-08-30,cyberghost,LU,1,html
2026-08-30,cyberghost,LV,1,html
2026-08-30,cyberghost,MA,1,html
2026-08-30,cyberghost,MC,1,html
2026-08-30,cyberghost,MD,1,html
2026-08-30,cyberghost,ME,1,html
2026-08-30,cyberghost,MK,1,html
2026-08-30,cyberghost,MM,1,html
2026-08-30,cyberghost,MN,1,html
2026-08-30,cyberghost,MO,1,html
2026-08-30,cyberghost,MT,1,html
2026-08-30,cyberghost,MX,1,html
2026-08-30,cyberghost,MY,1,html
2026-08-30,cyberghost,NG,1,html
2026-08-30,cyberghost,NL,1,html
2026-08-30,cyberghost,NO,1,html
2026-08-30,cyberghost,NP,1,html
2026-08-30,cyberghost,NZ,1,html
2026-08-30,cyberghost,PA,1,html
2026-08-30,cyberghost,PE,1,html
2026-08-30,cyberghost,PH,1,html
2026-08-30,cyberghost,PK,1,html
2026-08-30,cyberghost,PL,1,html
2026-08-30,cyberghost,PT,1,html
2026-08-30,cyberghost,QA,1,html
2026-08-30,cyberghost,RO,2,html
2026-08-30,cyberghost,RS,1,html
2026-08-30,cyberghost,RU,1,html
2026-08-30,cyberghost,SA,1,html
2026-08-30,cyberghost,SE,1,html
2026-08-30,cyberghost,SG,1,html
2026-08-30,cyberghost,SI,1,html
2026-08-30,cyberghost,SK,1,html
2026-08-30,cyberghost,TH,1,html
2026-08-30,cyberghost,TR,1,html
2026-08-30,cyberghost,TW,1,html
2026-08-30,cyberghost,UA,1,html
2026-08-30,cyberghost,US,11,html
2026-08-30,cyberghost,UY,1,html
2026-08-30,cyberghost,VE,1,html
2026-08-30,cyberghost,VN,1,html
2026-08-30,cyberghost,ZA,1,html
2026-08-30,expressvpn,AD,1,html
2026-08-30,expressvpn,AE,1,html
2026-08-30,expressvpn,AL,1,html
2026-08-30,expressvpn,AM,1,html
2026-08-30,expressvpn,AR,1,html
2026-08-30,expressvpn,AT,1,html
2026-08-30,expressvpn,AU,6,html
2026-08-30,expressvpn,AZ,1,html
2026-08-30,expressvpn,BA,1,html
2026-08-30,expressvpn,BD,1,html
2026-08-30,expressvpn,BE,1,html
2026-08-30,expressvpn,BG,1,html
2026-08-30,expressvpn,BM,1,html
2026-08-30,expressvpn,BN,1,html
2026-08-30,expressvpn,BO,1,html
2026-08-30,expressvpn,BR,1,html
2026-08-30,expressvpn,BS,1,html
2026-08-30,expressvpn,BT,1,html
2026-08-30,expressvpn,BY,1,html
2026-08-30,expressvpn,CA,3,html
2026-08-30,expressvpn,CH,1,html
2026-08-30,expressvpn,CL,1,html
2026-08-30,expressvpn,CN,1,html
2026-08-30,expressvpn,CO,1,html
2026-08-30,expressvpn,CR,1,html
2026-08-30,expressvpn,CY,1,html
2026-08-30,expressvpn,CZ,1,html
2026-08-30,expressvpn,DE,3,html
2026-08-30,expressvpn,DK,1,html
2026-08-30,expressvpn,DO,1,html
2026-08-30,expressvpn,DZ,1,html
2026-08-30,expressvpn,EC,1,html
2026-08-30,expressvpn,EE,1,html
2026-08-30,expressvpn,EG,1,html
2026-08-30,expressvpn,ES,3,html
2026-08-30,expressvpn,FI,1,html
2026-08-30,expressvpn,FR,4,html
2026-08-30,expressvpn,GB,7,html
2026-08-30,expressvpn,GE,1,html
2026-08-30,expressvpn,GH,1,html
2026-08-30,expressvpn,GL,1,html
2026-08-30,expressvpn,GR,1,html
2026-08-30,expressvpn,GT,1,html
2026-08-30,expressvpn,GU,1,html
2026-08-30,expressvpn,HK,1,html
2026-08-30,expressvpn,HN,1,html
2026-08-30,expressvpn,HR,1,html
2026-08-30,expressvpn,HU,1,html
2026-08-30,expressvpn,ID,1,html
2026-08-30,expressvpn,IE,1,html
2026-08-30,expressvpn,IL,1,html
2026-08-30,expressvpn,IM,1,html
2026-08-30,expressvpn,IN,1,html
2026-08-30,expressvpn,IS,1,html
2026-08-30,expressvpn,IT,3,html
2026-08-30,expressvpn,JE,1,html
2026-08-30,expressvpn,JM,1,html
2026-08-30,expressvpn,JP,4,html
2026-08-30,expressvpn,KE,1,html
2026-08-30,expressvpn,KH,1,html
2026-08-30,expressvpn,KR,1,html
2026-08-30,expressvpn,KY,1,html
2026-08-30,expressvpn,KZ,1,html
2026-08-30,expressvpn,LA,1,html
2026-08-30,expressvpn,LB,1,html
2026-08-30,expressvpn,LI,1,html
2026-08-30,expressvpn,LK,1,html
2026-08-30,expressvpn,LT,1,html
2026-08-30,expressvpn,LU,1,html
2026-08-30,expressvpn,LV,1,html
2026-08-30,expressvpn,MA,1,html
2026-08-30,expressvpn,MC,1,html
2026-08-30,expressvpn,MD,1,html
2026-08-30,expressvpn,ME,1,html
2026-08-30,expressvpn,MK,1,html
2026-08-30,expressvpn,MM,1,html
2026-08-30,expressvpn,MN,1,html
2026-08-30,expressvpn,MO,1,html
2026-08-30,expressvpn,MT,1,html
2026-08-30,expressvpn,MX,1,html
2026-08-30,expressvpn,MY,1,html
2026-08-30,expressvpn,NG,1,html
2026-08-30,expressvpn,NL,3,html
2026-08-30,expressvpn,NO,1,html
2026-08-30,expressvpn,NP,1,html
2026-08-30,expressvpn,NZ,1,html
2026-08-30,expressvpn,PA,1,html
2026-08-30,expressvpn,PE,1,html
2026-08-30,expressvpn,PH,1,html
2026-08-30,expressvpn,PK,1,html
2026-08-30,expressvpn,PL,1,html
2026-08-30,expressvpn,PR,1,html
2026-08-30,expressvpn,PT,1,html
2026-08-30,expressvpn,QA,1,html
2026-08-30,expressvpn,RO,1,html
2026-08-30,expressvpn,RS,1,html
2026-08-30,expressvpn,SA,1,html
2026-08-30,expressvpn,SE,1,html
2026-08-30,expressvpn,SG,3,html
2026-08-30,expressvpn,SI,1,html
2026-08-30,expressvpn,SK,1,html
2026-08-30,expressvpn,TH,1,html
2026-08-30,expressvpn,TR,1,html
2026-08-30,expressvpn,TT,1,html
2026-08-30,expressvpn,TW,1,html
2026-08-30,expressvpn,UA,1,html
2026-08-30,expressvpn,US,56,html
2026-08-30,expressvpn,UY,1,html
2026-08-30,expressvpn,UZ,1,html
2026-08-30,expressvpn,VE,1,html
2026-08-30,expressvpn,VN,1,html
2026-08-30,expressvpn,ZA,1,html
2026-08-30,mullvad,AL,1,api
2026-08-30,mullvad,AR,1,api
2026-08-30,mullvad,AT,1,api
2026-08-30,mullvad,AU,5,api
2026-08-30,mullvad,BE,1,api
2026-08-30,mullvad,BG,1,api
2026-08-30,mullvad,BR,2,api
2026-08-30,mullvad,CA,4,api
2026-08-30,mullvad,CH,1,api
2026-08-30,mullvad,CL,1,api
2026-08-30,mullvad,CO,1,api
2026-08-30,mullvad,CY,1,api
2026-08-30,mullvad,CZ,1,api
2026-08-30,mullvad,DE,3,api
2026-08-30,mullvad,DK,1,api
2026-08-30,mullvad,EE,1,api
2026-08-30,mullvad,ES,3,api
2026-08-30,mullvad,FI,1,api
2026-08-30,mullvad,FR,3,api
2026-08-30,mullvad,GB,3,api
2026-08-30,mullvad,GR,1,api
2026-08-30,mullvad,HK,1,api
2026-08-30,mullvad,HR,1,api
2026-08-30,mullvad,HU,1,api
2026-08-30,mullvad,ID,1,api
2026-08-30,mullvad,IE,1,api
2026-08-30,mullvad,IL,1,api
2026-08-30,mullvad,IT,2,api
2026-08-30,mullvad,JP,2,api
2026-08-30,mullvad,MX,1,api
2026-08-30,mullvad,MY,1,api
2026-08-30,mullvad,NG,1,api
2026-08-30,mullvad,NL,1,api
2026-08-30,mullvad,NO,2,api
2026-08-30,mullvad,NZ,1,api
2026-08-30,mullvad,PE,1,api
2026-08-30,mullvad,PH,1,api
2026-08-30,mullvad,PL,1,api
2026-08-30,mullvad,PT,1,api
2026-08-30,mullvad,RO,1,api
2026-08-30,mullvad,RS,1,api
2026-08-30,mullvad,SE,3,api
2026-08-30,mullvad,SG,1,api
2026-08-30,mullvad,SI,1,api
2026-08-30,mullvad,SK,1,api
2026-08-30,mullvad,TH,1,api
2026-08-30,mullvad,TR,1,api
2026-08-30,mullvad,UA,1,api
2026-08-30,mullvad,US,21,api
2026-08-30,mullvad,ZA,1,api
2026-08-30,nordvpn,AD,1,api
2026-08-30,nordvpn,AE,2,api
2026-08-30,nordvpn,AF,1,api
2026-08-30,nordvpn,AL,1,api
2026-08-30,nordvpn,AM,1,api
2026-08-30,nordvpn,AO,1,api
2026-08-30,nordvpn,AR,1,api
2026-08-30,nordvpn,AT,1,api
2026-08-30,nordvpn,AU,5,api
2026-08-30,nordvpn,AZ,1,api
2026-08-30,nordvpn,BA,1,api
2026-08-30,nordvpn,BB,1,api
2026-08-30,nordvpn,BD,1,api
2026-08-30,nordvpn,BE,1,api
2026-08-30,nordvpn,BF,1,api
2026-08-30,nordvpn,BG,1,api
2026-08-30,nordvpn,BH,1,api
2026-08-30,nordvpn,BJ,1,api
2026-08-30,nordvpn,BM,1,api
2026-08-30,nordvpn,BN,1,api
2026-08-30,nordvpn,BO,1,api
2026-08-30,nordvpn,BR,1,api
2026-08-30,nordvpn,BS,1,api
2026-08-30,nordvpn,BT,1,api
2026-08-30,nordvpn,BW,1,api
2026-08-30,nordvpn,BZ,1,api
2026-08-30,nordvpn,CA,4,api
2026-08-30,nordvpn,CH,1,api
2026-08-30,nordvpn,CL,1,api
2026-08-30,nordvpn,CO,1,api
2026-08-30,nordvpn,CR,1,api
2026-08-30,nordvpn,CV,1,api
2026-08-30,nordvpn,CY,1,api
2026-08-30,nordvpn,CZ,1,api
2026-08-30,nordvpn,DE,3,api
2026-08-30,nordvpn,DK,1,api
2026-08-30,nordvpn,DO,1,api
2026-08-30,nordvpn,DZ,1,api
2026-08-30,nordvpn,EC,1,api
2026-08-30,nordvpn,EE,1,api
2026-08-30,nordvpn,EG,1,api
2026-08-30,nordvpn,ES,2,api
2026-08-30,nordvpn,ET,1,api
2026-08-30,nordvpn,FI,1,api
2026-08-30,nordvpn,FJ,1,api
2026-08-30,nordvpn,FR,4,api
2026-08-30,nordvpn,GB,4,api
2026-08-30,nordvpn,GE,1,api
2026-08-30,nordvpn,GH,1,api
2026-08-30,nordvpn,GL,1,api
2026-08-30,nordvpn,GM,1,api
2026-08-30,nordvpn,GR,1,api
2026-08-30,nordvpn,GT,1,api
2026-08-30,nordvpn,GU,1,api
2026-08-30,nordvpn,GY,1,api
2026-08-30,nordvpn,HK,1,api
2026-08-30,nordvpn,HN,1,api
2026-08-30,nordvpn,HR,1,api
2026-08-30,nordvpn,HU,1,api
2026-08-30,nordvpn,ID,1,api
2026-08-30,nordvpn,IE,1,api
2026-08-30,nordvpn,IL,1,api
2026-08-30,nordvpn,IM,1,api
2026-08-30,nordvpn,IN,1,api
2026-08-30,nordvpn,IQ,1,api
2026-08-30,nordvpn,IS,1,api
2026-08-30,nordvpn,IT,3,api
2026-08-30,nordvpn,JE,1,api
2026-08-30,nordvpn,JM,1,api
2026-08-30,nordvpn,JO,1,api
2026-08-30,nordvpn,JP,2,api
2026-08-30,nordvpn,KE,1,api
2026-08-30,nordvpn,KG,1,api
2026-08-30,nordvpn,KH,1,api
2026-08-30,nordvpn,KM,1,api
2026-08-30,nordvpn,KR,1,api
2026-08-30,nordvpn,KW,1,api
2026-08-30,nordvpn,KY,1,api
2026-08-30,nordvpn,KZ,1,api
2026-08-30,nordvpn,LA,1,api
2026-08-30,nordvpn,LB,1,api
2026-08-30,nordvpn,LC,1,api
2026-08-30,nordvpn,LI,1,api
2026-08-30,nordvpn,LK,1,api
2026-08-30,nordvpn,LR,1,api
2026-08-30,nordvpn,LT,1,api
2026-08-30,nordvpn,LU,1,api
2026-08-30,nordvpn,LV,1,api
2026-08-30,nordvpn,LY,1,api
2026-08-30,nordvpn,MA,1,api
2026-08-30,nordvpn,MC,1,api
2026-08-30,nordvpn,MD,1,api
2026-08-30,nordvpn,ME,1,api
2026-08-30,nordvpn,MG,1,api
2026-08-30,nordvpn,MK,1,api
2026-08-30,nordvpn,MM,1,api
2026-08-30,nordvpn,MN,1,api
2026-08-30,nordvpn,MR,1,api
2026-08-30,nordvpn,MT,1,api
2026-08-30,nordvpn,MU,1,api
2026-08-30,nordvpn,MV,1,api
2026-08-30,nordvpn,MW,1,api
2026-08-30,nordvpn,MX,1,api
2026-08-30,nordvpn,MY,1,api
2026-08-30,nordvpn,MZ,1,api
2026-08-30,nordvpn,NG,1,api
2026-08-30,nordvpn,NL,1,api
2026-08-30,nordvpn,NO,1,api
2026-08-30,nordvpn,NP,1,api
2026-08-30,nordvpn,NZ,1,api
2026-08-30,nordvpn,PA,1,api
2026-08-30,nordvpn,PE,1,api
2026-08-30,nordvpn,PG,1,api
2026-08-30,nordvpn,PH,1,api
2026-08-30,nordvpn,PK,1,api
2026-08-30,nordvpn,PL,1,api
2026-08-30,nordvpn,PR,1,api
2026-08-30,nordvpn,PT,1,api
2026-08-30,nordvpn,PY,1,api
2026-08-30,nordvpn,QA,1,api
2026-08-30,nordvpn,RO,1,api
2026-08-30,nordvpn,RS,1,api
2026-08-30,nordvpn,SC,1,api
2026-08-30,nordvpn,SE,1,api
2026-08-30,nordvpn,SG,1,api
2026-08-30,nordvpn,SI,1,api
2026-08-30,nordvpn,SK,1,api
2026-08-30,nordvpn,SL,1,api
2026-08-30,nordvpn,SN,1,api
2026-08-30,nordvpn,SO,1,api
2026-08-30,nordvpn,SR,1,api
2026-08-30,nordvpn,SV,1,api
2026-08-30,nordvpn,TD,1,api
2026-08-30,nordvpn,TH,1,api
2026-08-30,nordvpn,TJ,1,api
2026-08-30,nordvpn,TN,1,api
2026-08-30,nordvpn,TR,1,api
2026-08-30,nordvpn,TT,1,api
2026-08-30,nordvpn,TW,1,api
2026-08-30,nordvpn,TZ,1,api
2026-08-30,nordvpn,UA,1,api
2026-08-30,nordvpn,US,55,api
2026-08-30,nordvpn,UY,1,api
2026-08-30,nordvpn,UZ,1,api
2026-08-30,nordvpn,VE,1,api
2026-08-30,nordvpn,VN,2,api
2026-08-30,nordvpn,YE,1,api
2026-08-30,nordvpn,ZA,1,api
2026-08-30,nordvpn,ZM,1,api
2026-08-30,private-internet-access,AD,1,api
2026-08-30,private-internet-access,AE,1,api
2026-08-30,private-internet-access,AL,1,api
2026-08-30,private-internet-access,AM,1,api
2026-08-30,private-internet-access,AR,2,api
2026-08-30,private-internet-access,AT,2,api
2026-08-30,private-internet-access,AU,6,api
2026-08-30,private-internet-access,BA,1,api
2026-08-30,private-internet-access,BD,1,api
2026-08-30,private-internet-access,BE,2,api
2026-08-30,private-internet-access,BG,1,api
2026-08-30,private-internet-access,BO,1,api
2026-08-30,private-internet-access,BR,2,api
2026-08-30,private-internet-access,BS,1,api
2026-08-30,private-internet-access,CA,5,api
2026-08-30,private-internet-access,CH,2,api
2026-08-30,private-internet-access,CL,2,api
2026-08-30,private-internet-access,CN,1,api
2026-08-30,private-internet-access,CO,1,api
2026-08-30,private-internet-access,CR,1,api
2026-08-30,private-internet-access,CY,1,api
2026-08-30,private-internet-access,CZ,1,api
2026-08-30,private-internet-access,DE,3,api
2026-08-30,private-internet-access,DK,2,api
2026-08-30,private-internet-access,DZ,1,api
2026-08-30,private-internet-access,EC,1,api
2026-08-30,private-internet-access,EE,1,api
2026-08-30,private-internet-access,EG,1,api
2026-08-30,private-internet-access,ES,3,api
2026-08-30,private-internet-access,FI,2,api
2026-08-30,private-internet-access,FR,2,api
2026-08-30,private-internet-access,GB,4,api
2026-08-30,private-internet-access,GE,1,api
2026-08-30,private-internet-access,GL,1,api
2026-08-30,private-internet-access,GR,1,api
2026-08-30,private-internet-access,GT,1,api
2026-08-30,private-internet-access,HK,1,api
2026-08-30,private-internet-access,HR,1,api
2026-08-30,private-internet-access,HU,2,api
2026-08-30,private-internet-access,ID,1,api
2026-08-30,private-internet-access,IE,1,api
2026-08-30,private-internet-access,IL,2,api
2026-08-30,private-internet-access,IM,1,api
2026-08-30,private-internet-access,IN,1,api
2026-08-30,private-internet-access,IS,1,api
2026-08-30,private-internet-access,IT,2,api
2026-08-30,private-internet-access,JP,2,api
2026-08-30,private-internet-access,KH,1,api
2026-08-30,private-internet-access,KR,2,api
2026-08-30,private-internet-access,KZ,1,api
2026-08-30,private-internet-access,LI,1,api
2026-08-30,private-internet-access,LK,1,api
2026-08-30,private-internet-access,LT,2,api
2026-08-30,private-internet-access,LU,2,api
2026-08-30,private-internet-access,LV,1,api
2026-08-30,private-internet-access,MA,1,api
2026-08-30,private-internet-access,MC,1,api
2026-08-30,private-internet-access,MD,1,api
2026-08-30,private-internet-access,ME,1,api
2026-08-30,private-internet-access,MK,1,api
2026-08-30,private-internet-access,MN,1,api
2026-08-30,private-internet-access,MO,1,api
2026-08-30,private-internet-access,MT,1,api
2026-08-30,private-internet-access,MX,2,api
2026-08-30,private-internet-access,MY,1,api
2026-08-30,private-internet-access,NG,1,api
2026-08-30,private-internet-access,NL,2,api
2026-08-30,private-internet-access,NO,1,api
2026-08-30,private-internet-access,NP,1,api
2026-08-30,private-internet-access,NZ,2,api
2026-08-30,private-internet-access,PA,1,api
2026-08-30,private-internet-access,PE,1,api
2026-08-30,private-internet-access,PH,1,api
2026-08-30,private-internet-access,PL,2,api
2026-08-30,private-internet-access,PT,2,api
2026-08-30,private-internet-access,QA,1,api
2026-08-30,private-internet-access,RO,2,api
2026-08-30,private-internet-access,RS,2,api
2026-08-30,private-internet-access,SA,1,api
2026-08-30,private-internet-access,SE,2,api
2026-08-30,private-internet-access,SG,2,api
2026-08-30,private-internet-access,SI,1,api
2026-08-30,private-internet-access,SK,2,api
2026-08-30,private-internet-access,TR,1,api
2026-08-30,private-internet-access,TW,2,api
2026-08-30,private-internet-access,UA,1,api
2026-08-30,private-internet-access,US,55,api
2026-08-30,private-internet-access,UY,1,api
2026-08-30,private-internet-access,VE,1,api
2026-08-30,private-internet-access,VN,1,api
2026-08-30,private-internet-access,ZA,2,api
2026-08-30,surfshark,AD,1,api
2026-08-30,surfshark,AE,1,api
2026-08-30,surfshark,AL,1,api
2026-08-30,surfshark,AM,1,api
2026-08-30,surfshark,AR,1,api
2026-08-30,surfshark,AT,1,api
2026-08-30,surfshark,AU,5,api
2026-08-30,surfshark,AZ,1,api
2026-08-30,surfshark,BA,1,api
2026-08-30,surfshark,BD,1,api
2026-08-30,surfshark,BE,2,api
2026-08-30,surfshark,BG,1,api
2026-08-30,surfshark,BN,1,api
2026-08-30,surfshark,BO,1,api
2026-08-30,surfshark,BR,1,api
2026-08-30,surfshark,BS,1,api
2026-08-30,surfshark,BT,1,api
2026-08-30,surfshark,BZ,1,api
2026-08-30,surfshark,CA,3,api
2026-08-30,surfshark,CH,1,api
2026-08-30,surfshark,CL,1,api
2026-08-30,surfshark,CO,1,api
2026-08-30,surfshark,CR,1,api
2026-08-30,surfshark,CY,1,api
2026-08-30,surfshark,CZ,1,api
2026-08-30,surfshark,DE,2,api
2026-08-30,surfshark,DK,1,api
2026-08-30,surfshark,DZ,1,api
2026-08-30,surfshark,EC,1,api
2026-08-30,surfshark,EE,1,api
2026-08-30,surfshark,EG,1,api
2026-08-30,surfshark,ES,3,api
2026-08-30,surfshark,FI,1,api
2026-08-30,surfshark,FR,3,api
2026-08-30,surfshark,GB,4,api
2026-08-30,surfshark,GE,1,api
2026-08-30,surfshark,GH,1,api
2026-08-30,surfshark,GL,1,api
2026-08-30,surfshark,GR,1,api
2026-08-30,surfshark,HK,1,api
2026-08-30,surfshark,HR,1,api
2026-08-30,surfshark,HU,1,api
2026-08-30,surfshark,ID,1,api
2026-08-30,surfshark,IE,1,api
2026-08-30,surfshark,IL,1,api
2026-08-30,surfshark,IM,1,api
2026-08-30,surfshark,IN,2,api
2026-08-30,surfshark,IS,1,api
2026-08-30,surfshark,IT,2,api
2026-08-30,surfshark,JP,1,api
2026-08-30,surfshark,KH,1,api
2026-08-30,surfshark,KR,1,api
2026-08-30,surfshark,KZ,1,api
2026-08-30,surfshark,LA,1,api
2026-08-30,surfshark,LI,1,api
2026-08-30,surfshark,LK,1,api
2026-08-30,surfshark,LT,1,api
2026-08-30,surfshark,LU,1,api
2026-08-30,surfshark,LV,1,api
2026-08-30,surfshark,MA,1,api
2026-08-30,surfshark,MC,1,api
2026-08-30,surfshark,MD,1,api
2026-08-30,surfshark,ME,1,api
2026-08-30,surfshark,MK,1,api
2026-08-30,surfshark,MM,1,api
2026-08-30,surfshark,MN,1,api
2026-08-30,surfshark,MO,1,api
2026-08-30,surfshark,MT,1,api
2026-08-30,surfshark,MX,1,api
2026-08-30,surfshark,MY,1,api
2026-08-30,surfshark,NG,1,api
2026-08-30,surfshark,NL,1,api
2026-08-30,surfshark,NO,1,api
2026-08-30,surfshark,NP,1,api
2026-08-30,surfshark,NZ,1,api
2026-08-30,surfshark,PA,1,api
2026-08-30,surfshark,PE,1,api
2026-08-30,surfshark,PH,1,api
2026-08-30,surfshark,PK,1,api
2026-08-30,surfshark,PL,2,api
2026-08-30,surfshark,PR,1,api
2026-08-30,surfshark,PT,2,api
2026-08-30,surfshark,PY,1,api
2026-08-30,surfshark,RO,1,api
2026-08-30,surfshark,RS,1,api
2026-08-30,surfshark,SA,1,api
2026-08-30,surfshark,SE,1,api
2026-08-30,surfshark,SG,1,api
2026-08-30,surfshark,SI,1,api
2026-08-30,surfshark,SK,1,api
2026-08-30,surfshark,TH,1,api
2026-08-30,surfshark,TR,1,api
2026-08-30,surfshark,TW,1,api
2026-08-30,surfshark,UA,1,api
2026-08-30,surfshark,US,24,api
2026-08-30,surfshark,UY,1,api
2026-08-30,surfshark,UZ,1,api
2026-08-30,surfshark,VE,1,api
2026-08-30,surfshark,VN,1,api
2026-08-30,surfshark,ZA,1,api
2026-08-30,windscribe,AE,1,api
2026-08-30,windscribe,AL,1,api
2026-08-30,windscribe,AR,1,api
2026-08-30,windscribe,AT,1,api
2026-08-30,windscribe,AU,1,api
2026-08-30,windscribe,BA,1,api
2026-08-30,windscribe,BE,1,api
2026-08-30,windscribe,BG,1,api
2026-08-30,windscribe,BR,1,api
2026-08-30,windscribe,CA,2,api
2026-08-30,windscribe,CH,1,api
2026-08-30,windscribe,CL,1,api
2026-08-30,windscribe,CO,1,api
2026-08-30,windscribe,CY,1,api
2026-08-30,windscribe,CZ,1,api
2026-08-30,windscribe,DE,1,api
2026-08-30,windscribe,DK,1,api
2026-08-30,windscribe,EC,1,api
2026-08-30,windscribe,EE,1,api
2026-08-30,windscribe,ES,1,api
2026-08-30,windscribe,FI,1,api
2026-08-30,windscribe,FR,1,api
2026-08-30,windscribe,GB,1,api
2026-08-30,windscribe,GE,1,api
2026-08-30,windscribe,GR,1,api
2026-08-30,windscribe,GT,1,api
2026-08-30,windscribe,HK,1,api
2026-08-30,windscribe,HR,1,api
2026-08-30,windscribe,HU,1,api
2026-08-30,windscribe,ID,1,api
2026-08-30,windscribe,IE,1,api
2026-08-30,windscribe,IL,1,api
2026-08-30,windscribe,IN,1,api
2026-08-30,windscribe,IS,1,api
2026-08-30,windscribe,IT,1,api
2026-08-30,windscribe,JP,1,api
2026-08-30,windscribe,KE,1,api
2026-08-30,windscribe,KR,1,api
2026-08-30,windscribe,LT,1,api
2026-08-30,windscribe,LU,1,api
2026-08-30,windscribe,LV,1,api
2026-08-30,windscribe,MD,1,api
2026-08-30,windscribe,MK,1,api
2026-08-30,windscribe,MX,1,api
2026-08-30,windscribe,MY,1,api
2026-08-30,windscribe,NG,1,api
2026-08-30,windscribe,NL,1,api
2026-08-30,windscribe,NO,1,api
2026-08-30,windscribe,NZ,1,api
2026-08-30,windscribe,PA,1,api
2026-08-30,windscribe,PE,1,api
2026-08-30,windscribe,PH,1,api
2026-08-30,windscribe,PL,1,api
2026-08-30,windscribe,PT,1,api
2026-08-30,windscribe,PY,1,api
2026-08-30,windscribe,RO,1,api
2026-08-30,windscribe,RS,1,api
2026-08-30,windscribe,RU,1,api
2026-08-30,windscribe,SE,1,api
2026-08-30,windscribe,SG,1,api
2026-08-30,windscribe,SI,1,api
2026-08-30,windscribe,SK,1,api
2026-08-30,windscribe,SV,1,api
2026-08-30,windscribe,TH,1,api
2026-08-30,windscribe,TR,1,api
2026-08-30,windscribe,UA,1,api
2026-08-30,windscribe,US,3,api
2026-08-30,windscribe,UY,1,api
2026-08-30,windscribe,VN,1,api
2026-08-30,windscribe,ZA,1,api
2026-08-31,cyberghost,AD,1,html
2026-08-31,cyberghost,AE,1,html
2026-08-31,cyberghost,AL,1,html
2026-08-31,cyberghost,AM,1,html
2026-08-31,cyberghost,AR,1,html
2026-08-31,cyberghost,AT,1,html
2026-08-31,cyberghost,AU,3,html
2026-08-31,cyberghost,BA,1,html
2026-08-31,cyberghost,BD,1,html
2026-08-31,cyberghost,BE,1,html
2026-08-31,cyberghost,BG,1,html
2026-08-31,cyberghost,BO,1,html
2026-08-31,cyberghost,BR,1,html
2026-08-31,cyberghost,BS,1,html
2026-08-31,cyberghost,BY,1,html
2026-08-31,cyberghost,CA,3,html
2026-08-31,cyberghost,CH,2,html
2026-08-31,cyberghost,CL,1,html
2026-08-31,cyberghost,CN,1,html
2026-08-31,cyberghost,CO,1,html
2026-08-31,cyberghost,CR,1,html
2026-08-31,cyberghost,CY,1,html
2026-08-31,cyberghost,CZ,1,html
2026-08-31,cyberghost,DE,3,html
2026-08-31,cyberghost,DK,1,html
2026-08-31,cyberghost,DO,1,html
2026-08-31,cyberghost,DZ,1,html
2026-08-31,cyberghost,EC,1,html
2026-08-31,cyberghost,EE,1,html
2026-08-31,cyberghost,EG,1,html
2026-08-31,cyberghost,ES,3,html
2026-08-31,cyberghost,FI,1,html
2026-08-31,cyberghost,FR,3,html
2026-08-31,cyberghost,GB,3,html
2026-08-31,cyberghost,GE,1,html
2026-08-31,cyberghost,GL,1,html
2026-08-31,cyberghost,GR,1,html
2026-08-31,cyberghost,GT,1,html
2026-08-31,cyberghost,HK,1,html
2026-08-31,cyberghost,HR,1,html
2026-08-31,cyberghost,HU,1,html
2026-08-31,cyberghost,ID,1,html
2026-08-31,cyberghost,IE,1,html
2026-08-31,cyberghost,IL,1,html
2026-08-31,cyberghost,IM,1,html
2026-08-31,cyberghost,IN,1,html
2026-08-31,cyberghost,IR,1,html
2026-08-31,cyberghost,IS,1,html
2026-08-31,cyberghost,IT,2,html
2026-08-31,cyberghost,JP,1,html
2026-08-31,cyberghost,KE,1,html
2026-08-31,cyberghost,KH,1,html
2026-08-31,cyberghost,KR,1,html
2026-08-31,cyberghost,KZ,1,html
2026-08-31,cyberghost,LA,1,html
2026-08-31,cyberghost,LI,1,html
2026-08-31,cyberghost,LK,1,html
2026-08-31,cyberghost,LT,1,html
2026-08-31,cyberghost,LU,1,html
2026-08-31,cyberghost,LV,1,html
2026-08-31,cyberghost,MA,1,html
2026-08-31,cyberghost,MC,1,html
2026-08-31,cyberghost,MD,1,html
2026-08-31,cyberghost,ME,1,html
2026-08-31,cyberghost,MK,1,html
2026-08-31,cyberghost,MM,1,html
2026-08-31,cyberghost,MN,1,html
2026-08-31,cyberghost,MO,1,html
2026-08-31,cyberghost,MT,1,html
2026-08-31,cyberghost,MX,1,html
2026-08-31,cyberghost,MY,1,html
2026-08-31,cyberghost,NG,1,html
2026-08-31,cyberghost,NL,1,html
2026-08-31,cyberghost,NO,1,html
2026-08-31,cyberghost,NP,1,html
2026-08-31,cyberghost,NZ,1,html
2026-08-31,cyberghost,PA,1,html
2026-08-31,cyberghost,PE,1,html
2026-08-31,cyberghost,PH,1,html
2026-08-31,cyberghost,PK,1,html
2026-08-31,cyberghost,PL,1,html
2026-08-31,cyberghost,PT,1,html
2026-08-31,cyberghost,QA,1,html
2026-08-31,cyberghost,RO,2,html
2026-08-31,cyberghost,RS,1,html
2026-08-31,cyberghost,RU,1,html
2026-08-31,cyberghost,SA,1,html
2026-08-31,cyberghost,SE,1,html
2026-08-31,cyberghost,SG,1,html
2026-08-31,cyberghost,SI,1,html
2026-08-31,cyberghost,SK,1,html
2026-08-31,cyberghost,TH,1,html
2026-08-31,cyberghost,TR,1,html
2026-08-31,cyberghost,TW,1,html
2026-08-31,cyberghost,UA,1,html
2026-08-31,cyberghost,US,11,html
2026-08-31,cyberghost,UY,1,html
2026-08-31,cyberghost,VE,1,html
2026-08-31,cyberghost,VN,1,html
2026-08-31,cyberghost,ZA,1,html
2026-08-31,expressvpn,AD,1,html
2026-08-31,expressvpn,AE,1,html
2026-08-31,expressvpn,AL,1,html
2026-08-31,expressvpn,AM,1,html
2026-08-31,expressvpn,AR,1,html
2026-08-31,expressvpn,AT,1,html
2026-08-31,expressvpn,AU,6,html
2026-08-31,expressvpn,AZ,1,html
2026-08-31,expressvpn,BA,1,html
2026-08-31,expressvpn,BD,1,html
2026-08-31,expressvpn,BE,1,html
2026-08-31,expressvpn,BG,1,html
2026-08-31,expressvpn,BM,1,html
2026-08-31,expressvpn,BN,1,html
2026-08-31,expressvpn,BO,1,html
2026-08-31,expressvpn,BR,1,html
2026-08-31,expressvpn,BS,1,html
2026-08-31,expressvpn,BT,1,html
2026-08-31,expressvpn,BY,1,html
2026-08-31,expressvpn,CA,3,html
2026-08-31,expressvpn,CH,1,html
2026-08-31,expressvpn,CL,1,html
2026-08-31,expressvpn,CN,1,html
2026-08-31,expressvpn,CO,1,html
2026-08-31,expressvpn,CR,1,html
2026-08-31,expressvpn,CY,1,html
2026-08-31,expressvpn,CZ,1,html
2026-08-31,expressvpn,DE,3,html
2026-08-31,expressvpn,DK,1,html
2026-08-31,expressvpn,DO,1,html
2026-08-31,expressvpn,DZ,1,html
2026-08-31,expressvpn,EC,1,html
2026-08-31,expressvpn,EE,1,html
2026-08-31,expressvpn,EG,1,html
2026-08-31,expressvpn,ES,3,html
2026-08-31,expressvpn,FI,1,html
2026-08-31,expressvpn,FR,4,html
2026-08-31,expressvpn,GB,7,html
2026-08-31,expressvpn,GE,1,html
2026-08-31,expressvpn,GH,1,html
2026-08-31,expressvpn,GL,1,html
2026-08-31,expressvpn,GR,1,html
2026-08-31,expressvpn,GT,1,html
2026-08-31,expressvpn,GU,1,html
2026-08-31,expressvpn,HK,1,html
2026-08-31,expressvpn,HN,1,html
2026-08-31,expressvpn,HR,1,html
2026-08-31,expressvpn,HU,1,html
2026-08-31,expressvpn,ID,1,html
2026-08-31,expressvpn,IE,1,html
2026-08-31,expressvpn,IL,1,html
2026-08-31,expressvpn,IM,1,html
2026-08-31,expressvpn,IN,1,html
2026-08-31,expressvpn,IS,1,html
2026-08-31,expressvpn,IT,3,html
2026-08-31,expressvpn,JE,1,html
2026-08-31,expressvpn,JM,1,html
2026-08-31,expressvpn,JP,4,html
2026-08-31,expressvpn,KE,1,html
2026-08-31,expressvpn,KH,1,html
2026-08-31,expressvpn,KR,1,html
2026-08-31,expressvpn,KY,1,html
2026-08-31,expressvpn,KZ,1,html
2026-08-31,expressvpn,LA,1,html
2026-08-31,expressvpn,LB,1,html
2026-08-31,expressvpn,LI,1,html
2026-08-31,expressvpn,LK,1,html
2026-08-31,expressvpn,LT,1,html
2026-08-31,expressvpn,LU,1,html
2026-08-31,expressvpn,LV,1,html
2026-08-31,expressvpn,MA,1,html
2026-08-31,expressvpn,MC,1,html
2026-08-31,expressvpn,MD,1,html
2026-08-31,expressvpn,ME,1,html
2026-08-31,expressvpn,MK,1,html
2026-08-31,expressvpn,MM,1,html
2026-08-31,expressvpn,MN,1,html
2026-08-31,expressvpn,MO,1,html
2026-08-31,expressvpn,MT,1,html
2026-08-31,expressvpn,MX,1,html
2026-08-31,expressvpn,MY,1,html
2026-08-31,expressvpn,NG,1,html
2026-08-31,expressvpn,NL,3,html
2026-08-31,expressvpn,NO,1,html
2026-08-31,expressvpn,NP,1,html
2026-08-31,expressvpn,NZ,1,html
2026-08-31,expressvpn,PA,1,html
2026-08-31,expressvpn,PE,1,html
2026-08-31,expressvpn,PH,1,html
2026-08-31,expressvpn,PK,1,html
2026-08-31,expressvpn,PL,1,html
2026-08-31,expressvpn,PR,1,html
2026-08-31,expressvpn,PT,1,html
2026-08-31,expressvpn,QA,1,html
2026-08-31,expressvpn,RO,1,html
2026-08-31,expressvpn,RS,1,html
2026-08-31,expressvpn,SA,1,html
2026-08-31,expressvpn,SE,1,html
2026-08-31,expressvpn,SG,3,html
2026-08-31,expressvpn,SI,1,html
2026-08-31,expressvpn,SK,1,html
2026-08-31,expressvpn,TH,1,html
2026-08-31,expressvpn,TR,1,html
2026-08-31,expressvpn,TT,1,html
2026-08-31,expressvpn,TW,1,html
2026-08-31,expressvpn,UA,1,html
2026-08-31,expressvpn,US,56,html
2026-08-31,expressvpn,UY,1,html
2026-08-31,expressvpn,UZ,1,html
2026-08-31,expressvpn,VE,1,html
2026-08-31,expressvpn,VN,1,html
2026-08-31,expressvpn,ZA,1,html
2026-08-31,mullvad,AL,1,api
2026-08-31,mullvad,AR,1,api
2026-08-31,mullvad,AT,1,api
2026-08-31,mullvad,AU,5,api
2026-08-31,mullvad,BE,1,api
2026-08-31,mullvad,BG,1,api
2026-08-31,mullvad,BR,2,api
2026-08-31,mullvad,CA,4,api
2026-08-31,mullvad,CH,1,api
2026-08-31,mullvad,CL,1,api
2026-08-31,mullvad,CO,1,api
2026-08-31,mullvad,CY,1,api
2026-08-31,mullvad,CZ,1,api
2026-08-31,mullvad,DE,3,api
2026-08-31,mullvad,DK,1,api
2026-08-31,mullvad,EE,1,api
2026-08-31,mullvad,ES,3,api
2026-08-31,mullvad,FI,1,api
2026-08-31,mullvad,FR,3,api
2026-08-31,mullvad,GB,3,api
2026-08-31,mullvad,GR,1,api
2026-08-31,mullvad,HK,1,api
2026-08-31,mullvad,HR,1,api
2026-08-31,mullvad,HU,1,api
2026-08-31,mullvad,ID,1,api
2026-08-31,mullvad,IE,1,api
2026-08-31,mullvad,IL,1,api
2026-08-31,mullvad,IT,2,api
2026-08-31,mullvad,JP,2,api
2026-08-31,mullvad,MX,1,api
2026-08-31,mullvad,MY,1,api
2026-08-31,mullvad,NG,1,api
2026-08-31,mullvad,NL,1,api
2026-08-31,mullvad,NO,2,api
2026-08-31,mullvad,NZ,1,api
2026-08-31,mullvad,PE,1,api
2026-08-31,mullvad,PH,1,api
2026-08-31,mullvad,PL,1,api
2026-08-31,mullvad,PT,1,api
2026-08-31,mullvad,RO,1,api
2026-08-31,mullvad,RS,1,api
2026-08-31,mullvad,SE,3,api
2026-08-31,mullvad,SG,1,api
2026-08-31,mullvad,SI,1,api
2026-08-31,mullvad,SK,1,api
2026-08-31,mullvad,TH,1,api
2026-08-31,mullvad,TR,1,api
2026-08-31,mullvad,UA,1,api
2026-08-31,mullvad,US,21,api
2026-08-31,mullvad,ZA,1,api
2026-08-31,nordvpn,AD,1,api
2026-08-31,nordvpn,AE,2,api
2026-08-31,nordvpn,AF,1,api
2026-08-31,nordvpn,AL,1,api
2026-08-31,nordvpn,AM,1,api
2026-08-31,nordvpn,AO,1,api
2026-08-31,nordvpn,AR,1,api
2026-08-31,nordvpn,AT,1,api
2026-08-31,nordvpn,AU,5,api
2026-08-31,nordvpn,AZ,1,api
2026-08-31,nordvpn,BA,1,api
2026-08-31,nordvpn,BB,1,api
2026-08-31,nordvpn,BD,1,api
2026-08-31,nordvpn,BE,1,api
2026-08-31,nordvpn,BF,1,api
2026-08-31,nordvpn,BG,1,api
2026-08-31,nordvpn,BH,1,api
2026-08-31,nordvpn,BJ,1,api
2026-08-31,nordvpn,BM,1,api
2026-08-31,nordvpn,BN,1,api
2026-08-31,nordvpn,BO,1,api
2026-08-31,nordvpn,BR,1,api
2026-08-31,nordvpn,BS,1,api
2026-08-31,nordvpn,BT,1,api
2026-08-31,nordvpn,BW,1,api
2026-08-31,nordvpn,BZ,1,api
2026-08-31,nordvpn,CA,4,api
2026-08-31,nordvpn,CH,1,api
2026-08-31,nordvpn,CL,1,api
2026-08-31,nordvpn,CO,1,api
2026-08-31,nordvpn,CR,1,api
2026-08-31,nordvpn,CV,1,api
2026-08-31,nordvpn,CY,1,api
2026-08-31,nordvpn,CZ,1,api
2026-08-31,nordvpn,DE,3,api
2026-08-31,nordvpn,DK,1,api
2026-08-31,nordvpn,DO,1,api
2026-08-31,nordvpn,DZ,1,api
2026-08-31,nordvpn,EC,1,api
2026-08-31,nordvpn,EE,1,api
2026-08-31,nordvpn,EG,1,api
2026-08-31,nordvpn,ES,2,api
2026-08-31,nordvpn,ET,1,api
2026-08-31,nordvpn,FI,1,api
2026-08-31,nordvpn,FJ,1,api
2026-08-31,nordvpn,FR,4,api
2026-08-31,nordvpn,GB,4,api
2026-08-31,nordvpn,GE,1,api
2026-08-31,nordvpn,GH,1,api
2026-08-31,nordvpn,GL,1,api
2026-08-31,nordvpn,GM,1,api
2026-08-31,nordvpn,GR,1,api
2026-08-31,nordvpn,GT,1,api
2026-08-31,nordvpn,GU,1,api
2026-08-31,nordvpn,GY,1,api
2026-08-31,nordvpn,HK,1,api
2026-08-31,nordvpn,HN,1,api
2026-08-31,nordvpn,HR,1,api
2026-08-31,nordvpn,HU,1,api
2026-08-31,nordvpn,ID,1,api
2026-08-31,nordvpn,IE,1,api
2026-08-31,nordvpn,IL,1,api
2026-08-31,nordvpn,IM,1,api
2026-08-31,nordvpn,IN,1,api
2026-08-31,nordvpn,IQ,1,api
2026-08-31,nordvpn,IS,1,api
2026-08-31,nordvpn,IT,3,api
2026-08-31,nordvpn,JE,1,api
2026-08-31,nordvpn,JM,1,api
2026-08-31,nordvpn,JO,1,api
2026-08-31,nordvpn,JP,2,api
2026-08-31,nordvpn,KE,1,api
2026-08-31,nordvpn,KG,1,api
2026-08-31,nordvpn,KH,1,api
2026-08-31,nordvpn,KM,1,api
2026-08-31,nordvpn,KR,1,api
2026-08-31,nordvpn,KW,1,api
2026-08-31,nordvpn,KY,1,api
2026-08-31,nordvpn,KZ,1,api
2026-08-31,nordvpn,LA,1,api
2026-08-31,nordvpn,LB,1,api
2026-08-31,nordvpn,LC,1,api
2026-08-31,nordvpn,LI,1,api
2026-08-31,nordvpn,LK,1,api
2026-08-31,nordvpn,LR,1,api
2026-08-31,nordvpn,LT,1,api
2026-08-31,nordvpn,LU,1,api
2026-08-31,nordvpn,LV,1,api
2026-08-31,nordvpn,LY,1,api
2026-08-31,nordvpn,MA,1,api
2026-08-31,nordvpn,MC,1,api
2026-08-31,nordvpn,MD,1,api
2026-08-31,nordvpn,ME,1,api
2026-08-31,nordvpn,MG,1,api
2026-08-31,nordvpn,MK,1,api
2026-08-31,nordvpn,MM,1,api
2026-08-31,nordvpn,MN,1,api
2026-08-31,nordvpn,MR,1,api
2026-08-31,nordvpn,MT,1,api
2026-08-31,nordvpn,MU,1,api
2026-08-31,nordvpn,MV,1,api
2026-08-31,nordvpn,MW,1,api
2026-08-31,nordvpn,MX,1,api
2026-08-31,nordvpn,MY,1,api
2026-08-31,nordvpn,MZ,1,api
2026-08-31,nordvpn,NG,1,api
2026-08-31,nordvpn,NL,1,api
2026-08-31,nordvpn,NO,1,api
2026-08-31,nordvpn,NP,1,api
2026-08-31,nordvpn,NZ,1,api
2026-08-31,nordvpn,PA,1,api
2026-08-31,nordvpn,PE,1,api
2026-08-31,nordvpn,PG,1,api
2026-08-31,nordvpn,PH,1,api
2026-08-31,nordvpn,PK,1,api
2026-08-31,nordvpn,PL,1,api
2026-08-31,nordvpn,PR,1,api
2026-08-31,nordvpn,PT,1,api
2026-08-31,nordvpn,PY,1,api
2026-08-31,nordvpn,QA,1,api
2026-08-31,nordvpn,RO,1,api
2026-08-31,nordvpn,RS,1,api
2026-08-31,nordvpn,SC,1,api
2026-08-31,nordvpn,SE,1,api
2026-08-31,nordvpn,SG,1,api
2026-08-31,nordvpn,SI,1,api
2026-08-31,nordvpn,SK,1,api
2026-08-31,nordvpn,SL,1,api
2026-08-31,nordvpn,SN,1,api
2026-08-31,nordvpn,SO,1,api
2026-08-31,nordvpn,SR,1,api
2026-08-31,nordvpn,SV,1,api
2026-08-31,nordvpn,TD,1,api
2026-08-31,nordvpn,TH,1,api
2026-08-31,nordvpn,TJ,1,api
2026-08-31,nordvpn,TN,1,api
2026-08-31,nordvpn,TR,1,api
2026-08-31,nordvpn,TT,1,api
2026-08-31,nordvpn,TW,1,api
2026-08-31,nordvpn,TZ,1,api
2026-08-31,nordvpn,UA,1,api
2026-08-31,nordvpn,US,55,api
2026-08-31,nordvpn,UY,1,api
2026-08-31,nordvpn,UZ,1,api
2026-08-31,nordvpn,VE,1,api
2026-08-31,nordvpn,VN,2,api
2026-08-31,nordvpn,YE,1,api
2026-08-31,nordvpn,ZA,1,api
2026-08-31,nordvpn,ZM,1,api
2026-08-31,private-internet-access,AD,1,api
2026-08-31,private-internet-access,AE,1,api
2026-08-31,private-internet-access,AL,1,api
2026-08-31,private-internet-access,AM,1,api
2026-08-31,private-internet-access,AR,2,api
2026-08-31,private-internet-access,AT,2,api
2026-08-31,private-internet-access,AU,6,api
2026-08-31,private-internet-access,BA,1,api
2026-08-31,private-internet-access,BD,1,api
2026-08-31,private-internet-access,BE,2,api
2026-08-31,private-internet-access,BG,1,api
2026-08-31,private-internet-access,BO,1,api
2026-08-31,private-internet-access,BR,2,api
2026-08-31,private-internet-access,BS,1,api
2026-08-31,private-internet-access,CA,5,api
2026-08-31,private-internet-access,CH,2,api
2026-08-31,private-internet-access,CL,2,api
2026-08-31,private-internet-access,CN,1,api
2026-08-31,private-internet-access,CO,1,api
2026-08-31,private-internet-access,CR,1,api
2026-08-31,private-internet-access,CY,1,api
2026-08-31,private-internet-access,CZ,1,api
2026-08-31,private-internet-access,DE,3,api
2026-08-31,private-internet-access,DK,2,api
2026-08-31,private-internet-access,DZ,1,api
2026-08-31,private-internet-access,EC,1,api
2026-08-31,private-internet-access,EE,1,api
2026-08-31,private-internet-access,EG,1,api
2026-08-31,private-internet-access,ES,3,api
2026-08-31,private-internet-access,FI,2,api
2026-08-31,private-internet-access,FR,2,api
2026-08-31,private-internet-access,GB,4,api
2026-08-31,private-internet-access,GE,1,api
2026-08-31,private-internet-access,GL,1,api
2026-08-31,private-internet-access,GR,1,api
2026-08-31,private-internet-access,GT,1,api
2026-08-31,private-internet-access,HK,1,api
2026-08-31,private-internet-access,HR,1,api
2026-08-31,private-internet-access,HU,2,api
2026-08-31,private-internet-access,ID,1,api
2026-08-31,private-internet-access,IE,1,api
2026-08-31,private-internet-access,IL,2,api
2026-08-31,private-internet-access,IM,1,api
2026-08-31,private-internet-access,IN,1,api
2026-08-31,private-internet-access,IS,1,api
2026-08-31,private-internet-access,IT,2,api
2026-08-31,private-internet-access,JP,2,api
2026-08-31,private-internet-access,KH,1,api
2026-08-31,private-internet-access,KR,2,api
2026-08-31,private-internet-access,KZ,1,api
2026-08-31,private-internet-access,LI,1,api
2026-08-31,private-internet-access,LK,1,api
2026-08-31,private-internet-access,LT,2,api
2026-08-31,private-internet-access,LU,2,api
2026-08-31,private-internet-access,LV,1,api
2026-08-31,private-internet-access,MA,1,api
2026-08-31,private-internet-access,MC,1,api
2026-08-31,private-internet-access,MD,1,api
2026-08-31,private-internet-access,ME,1,api
2026-08-31,private-internet-access,MK,1,api
2026-08-31,private-internet-access,MN,1,api
2026-08-31,private-internet-access,MO,1,api
2026-08-31,private-internet-access,MT,1,api
2026-08-31,private-internet-access,MX,2,api
2026-08-31,private-internet-access,MY,1,api
2026-08-31,private-internet-access,NG,1,api
2026-08-31,private-internet-access,NL,2,api
2026-08-31,private-internet-access,NO,1,api
2026-08-31,private-internet-access,NP,1,api
2026-08-31,private-internet-access,NZ,2,api
2026-08-31,private-internet-access,PA,1,api
2026-08-31,private-internet-access,PE,1,api
2026-08-31,private-internet-access,PH,1,api
2026-08-31,private-internet-access,PL,2,api
2026-08-31,private-internet-access,PT,2,api
2026-08-31,private-internet-access,QA,1,api
2026-08-31,private-internet-access,RO,2,api
2026-08-31,private-internet-access,RS,2,api
2026-08-31,private-internet-access,SA,1,api
2026-08-31,private-internet-access,SE,2,api
2026-08-31,private-internet-access,SG,2,api
2026-08-31,private-internet-access,SI,1,api
2026-08-31,private-internet-access,SK,2,api
2026-08-31,private-internet-access,TR,1,api
2026-08-31,private-internet-access,TW,2,api
2026-08-31,private-internet-access,UA,1,api
2026-08-31,private-internet-access,US,55,api
2026-08-31,private-internet-access,UY,1,api
2026-08-31,private-internet-access,VE,1,api
2026-08-31,private-internet-access,VN,1,api
2026-08-31,private-internet-access,ZA,2,api
2026-08-31,surfshark,AD,1,api
2026-08-31,surfshark,AE,1,api
2026-08-31,surfshark,AL,1,api
2026-08-31,surfshark,AM,1,api
2026-08-31,surfshark,AR,1,api
2026-08-31,surfshark,AT,1,api
2026-08-31,surfshark,AU,5,api
2026-08-31,surfshark,AZ,1,api
2026-08-31,surfshark,BA,1,api
2026-08-31,surfshark,BD,1,api
2026-08-31,surfshark,BE,2,api
2026-08-31,surfshark,BG,1,api
2026-08-31,surfshark,BN,1,api
2026-08-31,surfshark,BO,1,api
2026-08-31,surfshark,BR,1,api
2026-08-31,surfshark,BS,1,api
2026-08-31,surfshark,BT,1,api
2026-08-31,surfshark,BZ,1,api
2026-08-31,surfshark,CA,3,api
2026-08-31,surfshark,CH,1,api
2026-08-31,surfshark,CL,1,api
2026-08-31,surfshark,CO,1,api
2026-08-31,surfshark,CR,1,api
2026-08-31,surfshark,CY,1,api
2026-08-31,surfshark,CZ,1,api
2026-08-31,surfshark,DE,2,api
2026-08-31,surfshark,DK,1,api
2026-08-31,surfshark,DZ,1,api
2026-08-31,surfshark,EC,1,api
2026-08-31,surfshark,EE,1,api
2026-08-31,surfshark,EG,1,api
2026-08-31,surfshark,ES,3,api
2026-08-31,surfshark,FI,1,api
2026-08-31,surfshark,FR,3,api
2026-08-31,surfshark,GB,4,api
2026-08-31,surfshark,GE,1,api
2026-08-31,surfshark,GH,1,api
2026-08-31,surfshark,GL,1,api
2026-08-31,surfshark,GR,1,api
2026-08-31,surfshark,HK,1,api
2026-08-31,surfshark,HR,1,api
2026-08-31,surfshark,HU,1,api
2026-08-31,surfshark,ID,1,api
2026-08-31,surfshark,IE,1,api
2026-08-31,surfshark,IL,1,api
2026-08-31,surfshark,IM,1,api
2026-08-31,surfshark,IN,2,api
2026-08-31,surfshark,IS,1,api
2026-08-31,surfshark,IT,2,api
2026-08-31,surfshark,JP,1,api
2026-08-31,surfshark,KH,1,api
2026-08-31,surfshark,KR,1,api
2026-08-31,surfshark,KZ,1,api
2026-08-31,surfshark,LA,1,api
2026-08-31,surfshark,LI,1,api
2026-08-31,surfshark,LK,1,api
2026-08-31,surfshark,LT,1,api
2026-08-31,surfshark,LU,1,api
2026-08-31,surfshark,LV,1,api
2026-08-31,surfshark,MA,1,api
2026-08-31,surfshark,MC,1,api
2026-08-31,surfshark,MD,1,api
2026-08-31,surfshark,ME,1,api
2026-08-31,surfshark,MK,1,api
2026-08-31,surfshark,MM,1,api
2026-08-31,surfshark,MN,1,api
2026-08-31,surfshark,MO,1,api
2026-08-31,surfshark,MT,1,api
2026-08-31,surfshark,MX,1,api
2026-08-31,surfshark,MY,1,api
2026-08-31,surfshark,NG,1,api
2026-08-31,surfshark,NL,1,api
2026-08-31,surfshark,NO,1,api
2026-08-31,surfshark,NP,1,api
2026-08-31,surfshark,NZ,1,api
2026-08-31,surfshark,PA,1,api
2026-08-31,surfshark,PE,1,api
2026-08-31,surfshark,PH,1,api
2026-08-31,surfshark,PK,1,api
2026-08-31,surfshark,PL,2,api
2026-08-31,surfshark,PR,1,api
2026-08-31,surfshark,PT,2,api
2026-08-31,surfshark,PY,1,api
2026-08-31,surfshark,RO,1,api
2026-08-31,surfshark,RS,1,api
2026-08-31,surfshark,SA,1,api
2026-08-31,surfshark,SE,1,api
2026-08-31,surfshark,SG,1,api
2026-08-31,surfshark,SI,1,api
2026-08-31,surfshark,SK,1,api
2026-08-31,surfshark,TH,1,api
2026-08-31,surfshark,TR,1,api
2026-08-31,surfshark,TW,1,api
2026-08-31,surfshark,UA,1,api
2026-08-31,surfshark,US,24,api
2026-08-31,surfshark,UY,1,api
2026-08-31,surfshark,UZ,1,api
2026-08-31,surfshark,VE,1,api
2026-08-31,surfshark,VN,1,api
2026-08-31,surfshark,ZA,1,api
2026-08-31,windscribe,AE,1,api
2026-08-31,windscribe,AL,1,api
2026-08-31,windscribe,AR,1,api
2026-08-31,windscribe,AT,1,api
2026-08-31,windscribe,AU,1,api
2026-08-31,windscribe,BA,1,api
2026-08-31,windscribe,BE,1,api
2026-08-31,windscribe,BG,1,api
2026-08-31,windscribe,BR,1,api
2026-08-31,windscribe,CA,2,api
2026-08-31,windscribe,CH,1,api
2026-08-31,windscribe,CL,1,api
2026-08-31,windscribe,CO,1,api
2026-08-31,windscribe,CY,1,api
2026-08-31,windscribe,CZ,1,api
2026-08-31,windscribe,DE,1,api
2026-08-31,windscribe,DK,1,api
2026-08-31,windscribe,EC,1,api
2026-08-31,windscribe,EE,1,api
2026-08-31,windscribe,ES,1,api
2026-08-31,windscribe,FI,1,api
2026-08-31,windscribe,FR,1,api
2026-08-31,windscribe,GB,1,api
2026-08-31,windscribe,GE,1,api
2026-08-31,windscribe,GR,1,api
2026-08-31,windscribe,GT,1,api
2026-08-31,windscribe,HK,1,api
2026-08-31,windscribe,HR,1,api
2026-08-31,windscribe,HU,1,api
2026-08-31,windscribe,ID,1,api
2026-08-31,windscribe,IE,1,api
2026-08-31,windscribe,IL,1,api
2026-08-31,windscribe,IN,1,api
2026-08-31,windscribe,IS,1,api
2026-08-31,windscribe,IT,1,api
2026-08-31,windscribe,JP,1,api
2026-08-31,windscribe,KE,1,api
2026-08-31,windscribe,KR,1,api
2026-08-31,windscribe,LT,1,api
2026-08-31,windscribe,LU,1,api
2026-08-31,windscribe,LV,1,api
2026-08-31,windscribe,MD,1,api
2026-08-31,windscribe,MK,1,api
2026-08-31,windscribe,MX,1,api
2026-08-31,windscribe,MY,1,api
2026-08-31,windscribe,NG,1,api
2026-08-31,windscribe,NL,1,api
2026-08-31,windscribe,NO,1,api
2026-08-31,windscribe,NZ,1,api
2026-08-31,windscribe,PA,1,api
2026-08-31,windscribe,PE,1,api
2026-08-31,windscribe,PH,1,api
2026-08-31,windscribe,PL,1,api
2026-08-31,windscribe,PT,1,api
2026-08-31,windscribe,PY,1,api
2026-08-31,windscribe,RO,1,api
2026-08-31,windscribe,RS,1,api
2026-08-31,windscribe,RU,1,api
2026-08-31,windscribe,SE,1,api
2026-08-31,windscribe,SG,1,api
2026-08-31,windscribe,SI,1,api
2026-08-31,windscribe,SK,1,api
2026-08-31,windscribe,SV,1,api
2026-08-31,windscribe,TH,1,api
2026-08-31,windscribe,TR,1,api
2026-08-31,windscribe,UA,1,api
2026-08-31,windscribe,US,3,api
2026-08-31,windscribe,UY,1,api
2026-08-31,windscribe,VN,1,api
2026-08-31,windscribe,ZA,1,api
2026-09-01,cyberghost,AD,1,html
2026-09-01,cyberghost,AE,1,html
2026-09-01,cyberghost,AL,1,html
2026-09-01,cyberghost,AM,1,html
2026-09-01,cyberghost,AR,1,html
2026-09-01,cyberghost,AT,1,html
2026-09-01,cyberghost,AU,3,html
2026-09-01,cyberghost,BA,1,html
2026-09-01,cyberghost,BD,1,html
2026-09-01,cyberghost,BE,1,html
2026-09-01,cyberghost,BG,1,html
2026-09-01,cyberghost,BO,1,html
2026-09-01,cyberghost,BR,1,html
2026-09-01,cyberghost,BS,1,html
2026-09-01,cyberghost,BY,1,html
2026-09-01,cyberghost,CA,3,html
2026-09-01,cyberghost,CH,2,html
2026-09-01,cyberghost,CL,1,html
2026-09-01,cyberghost,CN,1,html
2026-09-01,cyberghost,CO,1,html
2026-09-01,cyberghost,CR,1,html
2026-09-01,cyberghost,CY,1,html
2026-09-01,cyberghost,CZ,1,html
2026-09-01,cyberghost,DE,3,html
2026-09-01,cyberghost,DK,1,html
2026-09-01,cyberghost,DO,1,html
2026-09-01,cyberghost,DZ,1,html
2026-09-01,cyberghost,EC,1,html
2026-09-01,cyberghost,EE,1,html
2026-09-01,cyberghost,EG,1,html
2026-09-01,cyberghost,ES,3,html
2026-09-01,cyberghost,FI,1,html
2026-09-01,cyberghost,FR,3,html
2026-09-01,cyberghost,GB,3,html
2026-09-01,cyberghost,GE,1,html
2026-09-01,cyberghost,GL,1,html
2026-09-01,cyberghost,GR,1,html
2026-09-01,cyberghost,GT,1,html
2026-09-01,cyberghost,HK,1,html
2026-09-01,cyberghost,HR,1,html
2026-09-01,cyberghost,HU,1,html
2026-09-01,cyberghost,ID,1,html
2026-09-01,cyberghost,IE,1,html
2026-09-01,cyberghost,IL,1,html
2026-09-01,cyberghost,IM,1,html
2026-09-01,cyberghost,IN,1,html
2026-09-01,cyberghost,IR,1,html
2026-09-01,cyberghost,IS,1,html
2026-09-01,cyberghost,IT,2,html
2026-09-01,cyberghost,JP,1,html
2026-09-01,cyberghost,KE,1,html
2026-09-01,cyberghost,KH,1,html
2026-09-01,cyberghost,KR,1,html
2026-09-01,cyberghost,KZ,1,html
2026-09-01,cyberghost,LA,1,html
2026-09-01,cyberghost,LI,1,html
2026-09-01,cyberghost,LK,1,html
2026-09-01,cyberghost,LT,1,html
2026-09-01,cyberghost,LU,1,html
2026-09-01,cyberghost,LV,1,html
2026-09-01,cyberghost,MA,1,html
2026-09-01,cyberghost,MC,1,html
2026-09-01,cyberghost,MD,1,html
2026-09-01,cyberghost,ME,1,html
2026-09-01,cyberghost,MK,1,html
2026-09-01,cyberghost,MM,1,html
2026-09-01,cyberghost,MN,1,html
2026-09-01,cyberghost,MO,1,html
2026-09-01,cyberghost,MT,1,html
2026-09-01,cyberghost,MX,1,html
2026-09-01,cyberghost,MY,1,html
2026-09-01,cyberghost,NG,1,html
2026-09-01,cyberghost,NL,1,html
2026-09-01,cyberghost,NO,1,html
2026-09-01,cyberghost,NP,1,html
2026-09-01,cyberghost,NZ,1,html
2026-09-01,cyberghost,PA,1,html
2026-09-01,cyberghost,PE,1,html
2026-09-01,cyberghost,PH,1,html
2026-09-01,cyberghost,PK,1,html
2026-09-01,cyberghost,PL,1,html
2026-09-01,cyberghost,PT,1,html
2026-09-01,cyberghost,QA,1,html
2026-09-01,cyberghost,RO,2,html
2026-09-01,cyberghost,RS,1,html
2026-09-01,cyberghost,RU,1,html
2026-09-01,cyberghost,SA,1,html
2026-09-01,cyberghost,SE,1,html
2026-09-01,cyberghost,SG,1,html
2026-09-01,cyberghost,SI,1,html
2026-09-01,cyberghost,SK,1,html
2026-09-01,cyberghost,TH,1,html
2026-09-01,cyberghost,TR,1,html
2026-09-01,cyberghost,TW,1,html
2026-09-01,cyberghost,UA,1,html
2026-09-01,cyberghost,US,11,html
2026-09-01,cyberghost,UY,1,html
2026-09-01,cyberghost,VE,1,html
2026-09-01,cyberghost,VN,1,html
2026-09-01,cyberghost,ZA,1,html
2026-09-01,expressvpn,AD,1,html
2026-09-01,expressvpn,AE,1,html
2026-09-01,expressvpn,AL,1,html
2026-09-01,expressvpn,AM,1,html
2026-09-01,expressvpn,AR,1,html
2026-09-01,expressvpn,AT,1,html
2026-09-01,expressvpn,AU,6,html
2026-09-01,expressvpn,AZ,1,html
2026-09-01,expressvpn,BA,1,html
2026-09-01,expressvpn,BD,1,html
2026-09-01,expressvpn,BE,1,html
2026-09-01,expressvpn,BG,1,html
2026-09-01,expressvpn,BM,1,html
2026-09-01,expressvpn,BN,1,html
2026-09-01,expressvpn,BO,1,html
2026-09-01,expressvpn,BR,1,html
2026-09-01,expressvpn,BS,1,html
2026-09-01,expressvpn,BT,1,html
2026-09-01,expressvpn,BY,1,html
2026-09-01,expressvpn,CA,3,html
2026-09-01,expressvpn,CH,1,html
2026-09-01,expressvpn,CL,1,html
2026-09-01,expressvpn,CN,1,html
2026-09-01,expressvpn,CO,1,html
2026-09-01,expressvpn,CR,1,html
2026-09-01,expressvpn,CY,1,html
2026-09-01,expressvpn,CZ,1,html
2026-09-01,expressvpn,DE,3,html
2026-09-01,expressvpn,DK,1,html
2026-09-01,expressvpn,DO,1,html
2026-09-01,expressvpn,DZ,1,html
2026-09-01,expressvpn,EC,1,html
2026-09-01,expressvpn,EE,1,html
2026-09-01,expressvpn,EG,1,html
2026-09-01,expressvpn,ES,3,html
2026-09-01,expressvpn,FI,1,html
2026-09-01,expressvpn,FR,4,html
2026-09-01,expressvpn,GB,7,html
2026-09-01,expressvpn,GE,1,html
2026-09-01,expressvpn,GH,1,html
2026-09-01,expressvpn,GL,1,html
2026-09-01,expressvpn,GR,1,html
2026-09-01,expressvpn,GT,1,html
2026-09-01,expressvpn,GU,1,html
2026-09-01,expressvpn,HK,1,html
2026-09-01,expressvpn,HN,1,html
2026-09-01,expressvpn,HR,1,html
2026-09-01,expressvpn,HU,1,html
2026-09-01,expressvpn,ID,1,html
2026-09-01,expressvpn,IE,1,html
2026-09-01,expressvpn,IL,1,html
2026-09-01,expressvpn,IM,1,html
2026-09-01,expressvpn,IN,1,html
2026-09-01,expressvpn,IS,1,html
2026-09-01,expressvpn,IT,3,html
2026-09-01,expressvpn,JE,1,html
2026-09-01,expressvpn,JM,1,html
2026-09-01,expressvpn,JP,4,html
2026-09-01,expressvpn,KE,1,html
2026-09-01,expressvpn,KH,1,html
2026-09-01,expressvpn,KR,1,html
2026-09-01,expressvpn,KY,1,html
2026-09-01,expressvpn,KZ,1,html
2026-09-01,expressvpn,LA,1,html
2026-09-01,expressvpn,LB,1,html
2026-09-01,expressvpn,LI,1,html
2026-09-01,expressvpn,LK,1,html
2026-09-01,expressvpn,LT,1,html
2026-09-01,expressvpn,LU,1,html
2026-09-01,expressvpn,LV,1,html
2026-09-01,expressvpn,MA,1,html
2026-09-01,expressvpn,MC,1,html
2026-09-01,expressvpn,MD,1,html
2026-09-01,expressvpn,ME,1,html
2026-09-01,expressvpn,MK,1,html
2026-09-01,expressvpn,MM,1,html
2026-09-01,expressvpn,MN,1,html
2026-09-01,expressvpn,MO,1,html
2026-09-01,expressvpn,MT,1,html
2026-09-01,expressvpn,MX,1,html
2026-09-01,expressvpn,MY,1,html
2026-09-01,expressvpn,NG,1,html
2026-09-01,expressvpn,NL,3,html
2026-09-01,expressvpn,NO,1,html
2026-09-01,expressvpn,NP,1,html
2026-09-01,expressvpn,NZ,1,html
2026-09-01,expressvpn,PA,1,html
2026-09-01,expressvpn,PE,1,html
2026-09-01,expressvpn,PH,1,html
2026-09-01,expressvpn,PK,1,html
2026-09-01,expressvpn,PL,1,html
2026-09-01,expressvpn,PR,1,html
2026-09-01,expressvpn,PT,1,html
2026-09-01,expressvpn,QA,1,html
2026-09-01,expressvpn,RO,1,html
2026-09-01,expressvpn,RS,1,html
2026-09-01,expressvpn,SA,1,html
2026-09-01,expressvpn,SE,1,html
2026-09-01,expressvpn,SG,3,html
2026-09-01,expressvpn,SI,1,html
2026-09-01,expressvpn,SK,1,html
2026-09-01,expressvpn,TH,1,html
2026-09-01,expressvpn,TR,1,html
2026-09-01,expressvpn,TT,1,html
2026-09-01,expressvpn,TW,1,html
2026-09-01,expressvpn,UA,1,html
2026-09-01,expressvpn,US,56,html
2026-09-01,expressvpn,UY,1,html
2026-09-01,expressvpn,UZ,1,html
2026-09-01,expressvpn,VE,1,html
2026-09-01,expressvpn,VN,1,html
2026-09-01,expressvpn,ZA,1,html
2026-09-01,mullvad,AL,1,api
2026-09-01,mullvad,AR,1,api
2026-09-01,mullvad,AT,1,api
2026-09-01,mullvad,AU,5,api
2026-09-01,mullvad,BE,1,api
2026-09-01,mullvad,BG,1,api
2026-09-01,mullvad,BR,2,api
2026-09-01,mullvad,CA,4,api
2026-09-01,mullvad,CH,1,api
2026-09-01,mullvad,CL,1,api
2026-09-01,mullvad,CO,1,api
2026-09-01,mullvad,CY,1,api
2026-09-01,mullvad,CZ,1,api
2026-09-01,mullvad,DE,3,api
2026-09-01,mullvad,DK,1,api
2026-09-01,mullvad,EE,1,api
2026-09-01,mullvad,ES,3,api
2026-09-01,mullvad,FI,1,api
2026-09-01,mullvad,FR,3,api
2026-09-01,mullvad,GB,3,api
2026-09-01,mullvad,GR,1,api
2026-09-01,mullvad,HK,1,api
2026-09-01,mullvad,HR,1,api
2026-09-01,mullvad,HU,1,api
2026-09-01,mullvad,ID,1,api
2026-09-01,mullvad,IE,1,api
2026-09-01,mullvad,IL,1,api
2026-09-01,mullvad,IT,2,api
2026-09-01,mullvad,JP,2,api
2026-09-01,mullvad,MX,1,api
2026-09-01,mullvad,MY,1,api
2026-09-01,mullvad,NG,1,api
2026-09-01,mullvad,NL,1,api
2026-09-01,mullvad,NO,2,api
2026-09-01,mullvad,NZ,1,api
2026-09-01,mullvad,PE,1,api
2026-09-01,mullvad,PH,1,api
2026-09-01,mullvad,PL,1,api
2026-09-01,mullvad,PT,1,api
2026-09-01,mullvad,RO,1,api
2026-09-01,mullvad,RS,1,api
2026-09-01,mullvad,SE,3,api
2026-09-01,mullvad,SG,1,api
2026-09-01,mullvad,SI,1,api
2026-09-01,mullvad,SK,1,api
2026-09-01,mullvad,TH,1,api
2026-09-01,mullvad,TR,1,api
2026-09-01,mullvad,UA,1,api
2026-09-01,mullvad,US,21,api
2026-09-01,mullvad,ZA,1,api
2026-09-01,nordvpn,AD,1,api
2026-09-01,nordvpn,AE,2,api
2026-09-01,nordvpn,AF,1,api
2026-09-01,nordvpn,AL,1,api
2026-09-01,nordvpn,AM,1,api
2026-09-01,nordvpn,AO,1,api
2026-09-01,nordvpn,AR,1,api
2026-09-01,nordvpn,AT,1,api
2026-09-01,nordvpn,AU,5,api
2026-09-01,nordvpn,AZ,1,api
2026-09-01,nordvpn,BA,1,api
2026-09-01,nordvpn,BB,1,api
2026-09-01,nordvpn,BD,1,api
2026-09-01,nordvpn,BE,1,api
2026-09-01,nordvpn,BF,1,api
2026-09-01,nordvpn,BG,1,api
2026-09-01,nordvpn,BH,1,api
2026-09-01,nordvpn,BJ,1,api
2026-09-01,nordvpn,BM,1,api
2026-09-01,nordvpn,BN,1,api
2026-09-01,nordvpn,BO,1,api
2026-09-01,nordvpn,BR,1,api
2026-09-01,nordvpn,BS,1,api
2026-09-01,nordvpn,BT,1,api
2026-09-01,nordvpn,BW,1,api
2026-09-01,nordvpn,BZ,1,api
2026-09-01,nordvpn,CA,4,api
2026-09-01,nordvpn,CH,1,api
2026-09-01,nordvpn,CL,1,api
2026-09-01,nordvpn,CO,1,api
2026-09-01,nordvpn,CR,1,api
2026-09-01,nordvpn,CV,1,api
2026-09-01,nordvpn,CY,1,api
2026-09-01,nordvpn,CZ,1,api
2026-09-01,nordvpn,DE,3,api
2026-09-01,nordvpn,DK,1,api
2026-09-01,nordvpn,DO,1,api
2026-09-01,nordvpn,DZ,1,api
2026-09-01,nordvpn,EC,1,api
2026-09-01,nordvpn,EE,1,api
2026-09-01,nordvpn,EG,1,api
2026-09-01,nordvpn,ES,2,api
2026-09-01,nordvpn,ET,1,api
2026-09-01,nordvpn,FI,1,api
2026-09-01,nordvpn,FJ,1,api
2026-09-01,nordvpn,FR,4,api
2026-09-01,nordvpn,GB,4,api
2026-09-01,nordvpn,GE,1,api
2026-09-01,nordvpn,GH,1,api
2026-09-01,nordvpn,GL,1,api
2026-09-01,nordvpn,GM,1,api
2026-09-01,nordvpn,GR,1,api
2026-09-01,nordvpn,GT,1,api
2026-09-01,nordvpn,GU,1,api
2026-09-01,nordvpn,GY,1,api
2026-09-01,nordvpn,HK,1,api
2026-09-01,nordvpn,HN,1,api
2026-09-01,nordvpn,HR,1,api
2026-09-01,nordvpn,HU,1,api
2026-09-01,nordvpn,ID,1,api
2026-09-01,nordvpn,IE,1,api
2026-09-01,nordvpn,IL,1,api
2026-09-01,nordvpn,IM,1,api
2026-09-01,nordvpn,IN,1,api
2026-09-01,nordvpn,IQ,1,api
2026-09-01,nordvpn,IS,1,api
2026-09-01,nordvpn,IT,3,api
2026-09-01,nordvpn,JE,1,api
2026-09-01,nordvpn,JM,1,api
2026-09-01,nordvpn,JO,1,api
2026-09-01,nordvpn,JP,2,api
2026-09-01,nordvpn,KE,1,api
2026-09-01,nordvpn,KG,1,api
2026-09-01,nordvpn,KH,1,api
2026-09-01,nordvpn,KM,1,api
2026-09-01,nordvpn,KR,1,api
2026-09-01,nordvpn,KW,1,api
2026-09-01,nordvpn,KY,1,api
2026-09-01,nordvpn,KZ,1,api
2026-09-01,nordvpn,LA,1,api
2026-09-01,nordvpn,LB,1,api
2026-09-01,nordvpn,LC,1,api
2026-09-01,nordvpn,LI,1,api
2026-09-01,nordvpn,LK,1,api
2026-09-01,nordvpn,LR,1,api
2026-09-01,nordvpn,LT,1,api
2026-09-01,nordvpn,LU,1,api
2026-09-01,nordvpn,LV,1,api
2026-09-01,nordvpn,LY,1,api
2026-09-01,nordvpn,MA,1,api
2026-09-01,nordvpn,MC,1,api
2026-09-01,nordvpn,MD,1,api
2026-09-01,nordvpn,ME,1,api
2026-09-01,nordvpn,MG,1,api
2026-09-01,nordvpn,MK,1,api
2026-09-01,nordvpn,MM,1,api
2026-09-01,nordvpn,MN,1,api
2026-09-01,nordvpn,MR,1,api
2026-09-01,nordvpn,MT,1,api
2026-09-01,nordvpn,MU,1,api
2026-09-01,nordvpn,MV,1,api
2026-09-01,nordvpn,MW,1,api
2026-09-01,nordvpn,MX,1,api
2026-09-01,nordvpn,MY,1,api
2026-09-01,nordvpn,MZ,1,api
2026-09-01,nordvpn,NG,1,api
2026-09-01,nordvpn,NL,1,api
2026-09-01,nordvpn,NO,1,api
2026-09-01,nordvpn,NP,1,api
2026-09-01,nordvpn,NZ,1,api
2026-09-01,nordvpn,PA,1,api
2026-09-01,nordvpn,PE,1,api
2026-09-01,nordvpn,PG,1,api
2026-09-01,nordvpn,PH,1,api
2026-09-01,nordvpn,PK,1,api
2026-09-01,nordvpn,PL,1,api
2026-09-01,nordvpn,PR,1,api
2026-09-01,nordvpn,PT,1,api
2026-09-01,nordvpn,PY,1,api
2026-09-01,nordvpn,QA,1,api
2026-09-01,nordvpn,RO,1,api
2026-09-01,nordvpn,RS,1,api
2026-09-01,nordvpn,SC,1,api
2026-09-01,nordvpn,SE,1,api
2026-09-01,nordvpn,SG,1,api
2026-09-01,nordvpn,SI,1,api
2026-09-01,nordvpn,SK,1,api
2026-09-01,nordvpn,SL,1,api
2026-09-01,nordvpn,SN,1,api
2026-09-01,nordvpn,SO,1,api
2026-09-01,nordvpn,SR,1,api
2026-09-01,nordvpn,SV,1,api
2026-09-01,nordvpn,TD,1,api
2026-09-01,nordvpn,TH,1,api
2026-09-01,nordvpn,TJ,1,api
2026-09-01,nordvpn,TN,1,api
2026-09-01,nordvpn,TR,1,api
2026-09-01,nordvpn,TT,1,api
2026-09-01,nordvpn,TW,1,api
2026-09-01,nordvpn,TZ,1,api
2026-09-01,nordvpn,UA,1,api
2026-09-01,nordvpn,US,55,api
2026-09-01,nordvpn,UY,1,api
2026-09-01,nordvpn,UZ,1,api
2026-09-01,nordvpn,VE,1,api
2026-09-01,nordvpn,VN,2,api
2026-09-01,nordvpn,YE,1,api
2026-09-01,nordvpn,ZA,1,api
2026-09-01,nordvpn,ZM,1,api
2026-09-01,private-internet-access,AD,1,api
2026-09-01,private-internet-access,AE,1,api
2026-09-01,private-internet-access,AL,1,api
2026-09-01,private-internet-access,AM,1,api
2026-09-01,private-internet-access,AR,2,api
2026-09-01,private-internet-access,AT,2,api
2026-09-01,private-internet-access,AU,6,api
2026-09-01,private-internet-access,BA,1,api
2026-09-01,private-internet-access,BD,1,api
2026-09-01,private-internet-access,BE,2,api
2026-09-01,private-internet-access,BG,1,api
2026-09-01,private-internet-access,BO,1,api
2026-09-01,private-internet-access,BR,2,api
2026-09-01,private-internet-access,BS,1,api
2026-09-01,private-internet-access,CA,5,api
2026-09-01,private-internet-access,CH,2,api
2026-09-01,private-internet-access,CL,2,api
2026-09-01,private-internet-access,CN,1,api
2026-09-01,private-internet-access,CO,1,api
2026-09-01,private-internet-access,CR,1,api
2026-09-01,private-internet-access,CY,1,api
2026-09-01,private-internet-access,CZ,1,api
2026-09-01,private-internet-access,DE,3,api
2026-09-01,private-internet-access,DK,2,api
2026-09-01,private-internet-access,DZ,1,api
2026-09-01,private-internet-access,EC,1,api
2026-09-01,private-internet-access,EE,1,api
2026-09-01,private-internet-access,EG,1,api
2026-09-01,private-internet-access,ES,3,api
2026-09-01,private-internet-access,FI,2,api
2026-09-01,private-internet-access,FR,2,api
2026-09-01,private-internet-access,GB,4,api
2026-09-01,private-internet-access,GE,1,api
2026-09-01,private-internet-access,GL,1,api
2026-09-01,private-internet-access,GR,1,api
2026-09-01,private-internet-access,GT,1,api
2026-09-01,private-internet-access,HK,1,api
2026-09-01,private-internet-access,HR,1,api
2026-09-01,private-internet-access,HU,2,api
2026-09-01,private-internet-access,ID,1,api
2026-09-01,private-internet-access,IE,1,api
2026-09-01,private-internet-access,IL,2,api
2026-09-01,private-internet-access,IM,1,api
2026-09-01,private-internet-access,IN,1,api
2026-09-01,private-internet-access,IS,1,api
2026-09-01,private-internet-access,IT,2,api
2026-09-01,private-internet-access,JP,2,api
2026-09-01,private-internet-access,KH,1,api
2026-09-01,private-internet-access,KR,2,api
2026-09-01,private-internet-access,KZ,1,api
2026-09-01,private-internet-access,LI,1,api
2026-09-01,private-internet-access,LK,1,api
2026-09-01,private-internet-access,LT,2,api
2026-09-01,private-internet-access,LU,2,api
2026-09-01,private-internet-access,LV,1,api
2026-09-01,private-internet-access,MA,1,api
2026-09-01,private-internet-access,MC,1,api
2026-09-01,private-internet-access,MD,1,api
2026-09-01,private-internet-access,ME,1,api
2026-09-01,private-internet-access,MK,1,api
2026-09-01,private-internet-access,MN,1,api
2026-09-01,private-internet-access,MO,1,api
2026-09-01,private-internet-access,MT,1,api
2026-09-01,private-internet-access,MX,2,api
2026-09-01,private-internet-access,MY,1,api
2026-09-01,private-internet-access,NG,1,api
2026-09-01,private-internet-access,NL,2,api
2026-09-01,private-internet-access,NO,1,api
2026-09-01,private-internet-access,NP,1,api
2026-09-01,private-internet-access,NZ,2,api
2026-09-01,private-internet-access,PA,1,api
2026-09-01,private-internet-access,PE,1,api
2026-09-01,private-internet-access,PH,1,api
2026-09-01,private-internet-access,PL,2,api
2026-09-01,private-internet-access,PT,2,api
2026-09-01,private-internet-access,QA,1,api
2026-09-01,private-internet-access,RO,2,api
2026-09-01,private-internet-access,RS,2,api
2026-09-01,private-internet-access,SA,1,api
2026-09-01,private-internet-access,SE,2,api
2026-09-01,private-internet-access,SG,2,api
2026-09-01,private-internet-access,SI,1,api
2026-09-01,private-internet-access,SK,2,api
2026-09-01,private-internet-access,TR,1,api
2026-09-01,private-internet-access,TW,2,api
2026-09-01,private-internet-access,UA,1,api
2026-09-01,private-internet-access,US,55,api
2026-09-01,private-internet-access,UY,1,api
2026-09-01,private-internet-access,VE,1,api
2026-09-01,private-internet-access,VN,1,api
2026-09-01,private-internet-access,ZA,2,api
2026-09-01,surfshark,AD,1,api
2026-09-01,surfshark,AE,1,api
2026-09-01,surfshark,AL,1,api
2026-09-01,surfshark,AM,1,api
2026-09-01,surfshark,AR,1,api
2026-09-01,surfshark,AT,1,api
2026-09-01,surfshark,AU,5,api
2026-09-01,surfshark,AZ,1,api
2026-09-01,surfshark,BA,1,api
2026-09-01,surfshark,BD,1,api
2026-09-01,surfshark,BE,2,api
2026-09-01,surfshark,BG,1,api
2026-09-01,surfshark,BN,1,api
2026-09-01,surfshark,BO,1,api
2026-09-01,surfshark,BR,1,api
2026-09-01,surfshark,BS,1,api
2026-09-01,surfshark,BT,1,api
2026-09-01,surfshark,BZ,1,api
2026-09-01,surfshark,CA,3,api
2026-09-01,surfshark,CH,1,api
2026-09-01,surfshark,CL,1,api
2026-09-01,surfshark,CO,1,api
2026-09-01,surfshark,CR,1,api
2026-09-01,surfshark,CY,1,api
2026-09-01,surfshark,CZ,1,api
2026-09-01,surfshark,DE,2,api
2026-09-01,surfshark,DK,1,api
2026-09-01,surfshark,DZ,1,api
2026-09-01,surfshark,EC,1,api
2026-09-01,surfshark,EE,1,api
2026-09-01,surfshark,EG,1,api
2026-09-01,surfshark,ES,3,api
2026-09-01,surfshark,FI,1,api
2026-09-01,surfshark,FR,3,api
2026-09-01,surfshark,GB,4,api
2026-09-01,surfshark,GE,1,api
2026-09-01,surfshark,GH,1,api
2026-09-01,surfshark,GL,1,api
2026-09-01,surfshark,GR,1,api
2026-09-01,surfshark,HK,1,api
2026-09-01,surfshark,HR,1,api
2026-09-01,surfshark,HU,1,api
2026-09-01,surfshark,ID,1,api
2026-09-01,surfshark,IE,1,api
2026-09-01,surfshark,IL,1,api
2026-09-01,surfshark,IM,1,api
2026-09-01,surfshark,IN,2,api
2026-09-01,surfshark,IS,1,api
2026-09-01,surfshark,IT,2,api
2026-09-01,surfshark,JP,1,api
2026-09-01,surfshark,KH,1,api
2026-09-01,surfshark,KR,1,api
2026-09-01,surfshark,KZ,1,api
2026-09-01,surfshark,LA,1,api
2026-09-01,surfshark,LI,1,api
2026-09-01,surfshark,LK,1,api
2026-09-01,surfshark,LT,1,api
2026-09-01,surfshark,LU,1,api
2026-09-01,surfshark,LV,1,api
2026-09-01,surfshark,MA,1,api
2026-09-01,surfshark,MC,1,api
2026-09-01,surfshark,MD,1,api
2026-09-01,surfshark,ME,1,api
2026-09-01,surfshark,MK,1,api
2026-09-01,surfshark,MM,1,api
2026-09-01,surfshark,MN,1,api
2026-09-01,surfshark,MO,1,api
2026-09-01,surfshark,MT,1,api
2026-09-01,surfshark,MX,1,api
2026-09-01,surfshark,MY,1,api
2026-09-01,surfshark,NG,1,api
2026-09-01,surfshark,NL,1,api
2026-09-01,surfshark,NO,1,api
2026-09-01,surfshark,NP,1,api
2026-09-01,surfshark,NZ,1,api
2026-09-01,surfshark,PA,1,api
2026-09-01,surfshark,PE,1,api
2026-09-01,surfshark,PH,1,api
2026-09-01,surfshark,PK,1,api
2026-09-01,surfshark,PL,2,api
2026-09-01,surfshark,PR,1,api
2026-09-01,surfshark,PT,2,api
2026-09-01,surfshark,PY,1,api
2026-09-01,surfshark,RO,1,api
2026-09-01,surfshark,RS,1,api
2026-09-01,surfshark,SA,1,api
2026-09-01,surfshark,SE,1,api
2026-09-01,surfshark,SG,1,api
2026-09-01,surfshark,SI,1,api
2026-09-01,surfshark,SK,1,api
2026-09-01,surfshark,TH,1,api
2026-09-01,surfshark,TR,1,api
2026-09-01,surfshark,TW,1,api
2026-09-01,surfshark,UA,1,api
2026-09-01,surfshark,US,24,api
2026-09-01,surfshark,UY,1,api
2026-09-01,surfshark,UZ,1,api
2026-09-01,surfshark,VE,1,api
2026-09-01,surfshark,VN,1,api
2026-09-01,surfshark,ZA,1,api
2026-09-01,windscribe,AE,1,api
2026-09-01,windscribe,AL,1,api
2026-09-01,windscribe,AR,1,api
2026-09-01,windscribe,AT,1,api
2026-09-01,windscribe,AU,1,api
2026-09-01,windscribe,BA,1,api
2026-09-01,windscribe,BE,1,api
2026-09-01,windscribe,BG,1,api
2026-09-01,windscribe,BR,1,api
2026-09-01,windscribe,CA,2,api
2026-09-01,windscribe,CH,1,api
2026-09-01,windscribe,CL,1,api
2026-09-01,windscribe,CO,1,api
2026-09-01,windscribe,CY,1,api
2026-09-01,windscribe,CZ,1,api
2026-09-01,windscribe,DE,1,api
2026-09-01,windscribe,DK,1,api
2026-09-01,windscribe,EC,1,api
2026-09-01,windscribe,EE,1,api
2026-09-01,windscribe,ES,1,api
2026-09-01,windscribe,FI,1,api
2026-09-01,windscribe,FR,1,api
2026-09-01,windscribe,GB,1,api
2026-09-01,windscribe,GE,1,api
2026-09-01,windscribe,GR,1,api
2026-09-01,windscribe,GT,1,api
2026-09-01,windscribe,HK,1,api
2026-09-01,windscribe,HR,1,api
2026-09-01,windscribe,HU,1,api
2026-09-01,windscribe,ID,1,api
2026-09-01,windscribe,IE,1,api
2026-09-01,windscribe,IL,1,api
2026-09-01,windscribe,IN,1,api
2026-09-01,windscribe,IS,1,api
2026-09-01,windscribe,IT,1,api
2026-09-01,windscribe,JP,1,api
2026-09-01,windscribe,KE,1,api
2026-09-01,windscribe,KR,1,api
2026-09-01,windscribe,LT,1,api
2026-09-01,windscribe,LU,1,api
2026-09-01,windscribe,LV,1,api
2026-09-01,windscribe,MD,1,api
2026-09-01,windscribe,MK,1,api
2026-09-01,windscribe,MX,1,api
2026-09-01,windscribe,MY,1,api
2026-09-01,windscribe,NG,1,api
2026-09-01,windscribe,NL,1,api
2026-09-01,windscribe,NO,1,api
2026-09-01,windscribe,NZ,1,api
2026-09-01,windscribe,PA,1,api
2026-09-01,windscribe,PE,1,api
2026-09-01,windscribe,PH,1,api
2026-09-01,windscribe,PL,1,api
2026-09-01,windscribe,PT,1,api
2026-09-01,windscribe,PY,1,api
2026-09-01,windscribe,RO,1,api
2026-09-01,windscribe,RS,1,api
2026-09-01,windscribe,RU,1,api
2026-09-01,windscribe,SE,1,api
2026-09-01,windscribe,SG,1,api
2026-09-01,windscribe,SI,1,api
2026-09-01,windscribe,SK,1,api
2026-09-01,windscribe,SV,1,api
2026-09-01,windscribe,TH,1,api
2026-09-01,windscribe,TR,1,api
2026-09-01,windscribe,UA,1,api
2026-09-01,windscribe,US,3,api
2026-09-01,windscribe,UY,1,api
2026-09-01,windscribe,VN,1,api
2026-09-01,windscribe,ZA,1,api
2026-09-02,cyberghost,AD,1,html
2026-09-02,cyberghost,AE,1,html
2026-09-02,cyberghost,AL,1,html
2026-09-02,cyberghost,AM,1,html
2026-09-02,cyberghost,AR,1,html
2026-09-02,cyberghost,AT,1,html
2026-09-02,cyberghost,AU,3,html
2026-09-02,cyberghost,BA,1,html
2026-09-02,cyberghost,BD,1,html
2026-09-02,cyberghost,BE,1,html
2026-09-02,cyberghost,BG,1,html
2026-09-02,cyberghost,BO,1,html
2026-09-02,cyberghost,BR,1,html
2026-09-02,cyberghost,BS,1,html
2026-09-02,cyberghost,BY,1,html
2026-09-02,cyberghost,CA,3,html
2026-09-02,cyberghost,CH,2,html
2026-09-02,cyberghost,CL,1,html
2026-09-02,cyberghost,CN,1,html
2026-09-02,cyberghost,CO,1,html
2026-09-02,cyberghost,CR,1,html
2026-09-02,cyberghost,CY,1,html
2026-09-02,cyberghost,CZ,1,html
2026-09-02,cyberghost,DE,3,html
2026-09-02,cyberghost,DK,1,html
2026-09-02,cyberghost,DO,1,html
2026-09-02,cyberghost,DZ,1,html
2026-09-02,cyberghost,EC,1,html
2026-09-02,cyberghost,EE,1,html
2026-09-02,cyberghost,EG,1,html
2026-09-02,cyberghost,ES,3,html
2026-09-02,cyberghost,FI,1,html
2026-09-02,cyberghost,FR,3,html
2026-09-02,cyberghost,GB,3,html
2026-09-02,cyberghost,GE,1,html
2026-09-02,cyberghost,GL,1,html
2026-09-02,cyberghost,GR,1,html
2026-09-02,cyberghost,GT,1,html
2026-09-02,cyberghost,HK,1,html
2026-09-02,cyberghost,HR,1,html
2026-09-02,cyberghost,HU,1,html
2026-09-02,cyberghost,ID,1,html
2026-09-02,cyberghost,IE,1,html
2026-09-02,cyberghost,IL,1,html
2026-09-02,cyberghost,IM,1,html
2026-09-02,cyberghost,IN,1,html
2026-09-02,cyberghost,IR,1,html
2026-09-02,cyberghost,IS,1,html
2026-09-02,cyberghost,IT,2,html
2026-09-02,cyberghost,JP,1,html
2026-09-02,cyberghost,KE,1,html
2026-09-02,cyberghost,KH,1,html
2026-09-02,cyberghost,KR,1,html
2026-09-02,cyberghost,KZ,1,html
2026-09-02,cyberghost,LA,1,html
2026-09-02,cyberghost,LI,1,html
2026-09-02,cyberghost,LK,1,html
2026-09-02,cyberghost,LT,1,html
2026-09-02,cyberghost,LU,1,html
2026-09-02,cyberghost,LV,1,html
2026-09-02,cyberghost,MA,1,html
2026-09-02,cyberghost,MC,1,html
2026-09-02,cyberghost,MD,1,html
2026-09-02,cyberghost,ME,1,html
2026-09-02,cyberghost,MK,1,html
2026-09-02,cyberghost,MM,1,html
2026-09-02,cyberghost,MN,1,html
2026-09-02,cyberghost,MO,1,html
2026-09-02,cyberghost,MT,1,html
2026-09-02,cyberghost,MX,1,html
2026-09-02,cyberghost,MY,1,html
2026-09-02,cyberghost,NG,1,html
2026-09-02,cyberghost,NL,1,html
2026-09-02,cyberghost,NO,1,html
2026-09-02,cyberghost,NP,1,html
2026-09-02,cyberghost,NZ,1,html
2026-09-02,cyberghost,PA,1,html
2026-09-02,cyberghost,PE,1,html
2026-09-02,cyberghost,PH,1,html
2026-09-02,cyberghost,PK,1,html
2026-09-02,cyberghost,PL,1,html
2026-09-02,cyberghost,PT,1,html
2026-09-02,cyberghost,QA,1,html
2026-09-02,cyberghost,RO,2,html
2026-09-02,cyberghost,RS,1,html
2026-09-02,cyberghost,RU,1,html
2026-09-02,cyberghost,SA,1,html
2026-09-02,cyberghost,SE,1,html
2026-09-02,cyberghost,SG,1,html
2026-09-02,cyberghost,SI,1,html
2026-09-02,cyberghost,SK,1,html
2026-09-02,cyberghost,TH,1,html
2026-09-02,cyberghost,TR,1,html
2026-09-02,cyberghost,TW,1,html
2026-09-02,cyberghost,UA,1,html
2026-09-02,cyberghost,US,11,html
2026-09-02,cyberghost,UY,1,html
2026-09-02,cyberghost,VE,1,html
2026-09-02,cyberghost,VN,1,html
2026-09-02,cyberghost,ZA,1,html
2026-09-02,expressvpn,AD,1,html
2026-09-02,expressvpn,AE,1,html
2026-09-02,expressvpn,AL,1,html
2026-09-02,expressvpn,AM,1,html
2026-09-02,expressvpn,AR,1,html
2026-09-02,expressvpn,AT,1,html
2026-09-02,expressvpn,AU,6,html
2026-09-02,expressvpn,AZ,1,html
2026-09-02,expressvpn,BA,1,html
2026-09-02,expressvpn,BD,1,html
2026-09-02,expressvpn,BE,1,html
2026-09-02,expressvpn,BG,1,html
2026-09-02,expressvpn,BM,1,html
2026-09-02,expressvpn,BN,1,html
2026-09-02,expressvpn,BO,1,html
2026-09-02,expressvpn,BR,1,html
2026-09-02,expressvpn,BS,1,html
2026-09-02,expressvpn,BT,1,html
2026-09-02,expressvpn,BY,1,html
2026-09-02,expressvpn,CA,3,html
2026-09-02,expressvpn,CH,1,html
2026-09-02,expressvpn,CL,1,html
2026-09-02,expressvpn,CN,1,html
2026-09-02,expressvpn,CO,1,html
2026-09-02,expressvpn,CR,1,html
2026-09-02,expressvpn,CY,1,html
2026-09-02,expressvpn,CZ,1,html
2026-09-02,expressvpn,DE,3,html
2026-09-02,expressvpn,DK,1,html
2026-09-02,expressvpn,DO,1,html
2026-09-02,expressvpn,DZ,1,html
2026-09-02,expressvpn,EC,1,html
2026-09-02,expressvpn,EE,1,html
2026-09-02,expressvpn,EG,1,html
2026-09-02,expressvpn,ES,3,html
2026-09-02,expressvpn,FI,1,html
2026-09-02,expressvpn,FR,4,html
2026-09-02,expressvpn,GB,7,html
2026-09-02,expressvpn,GE,1,html
2026-09-02,expressvpn,GH,1,html
2026-09-02,expressvpn,GL,1,html
2026-09-02,expressvpn,GR,1,html
2026-09-02,expressvpn,GT,1,html
2026-09-02,expressvpn,GU,1,html
2026-09-02,expressvpn,HK,1,html
2026-09-02,expressvpn,HN,1,html
2026-09-02,expressvpn,HR,1,html
2026-09-02,expressvpn,HU,1,html
2026-09-02,expressvpn,ID,1,html
2026-09-02,expressvpn,IE,1,html
2026-09-02,expressvpn,IL,1,html
2026-09-02,expressvpn,IM,1,html
2026-09-02,expressvpn,IN,1,html
2026-09-02,expressvpn,IS,1,html
2026-09-02,expressvpn,IT,3,html
2026-09-02,expressvpn,JE,1,html
2026-09-02,expressvpn,JM,1,html
2026-09-02,expressvpn,JP,4,html
2026-09-02,expressvpn,KE,1,html
2026-09-02,expressvpn,KH,1,html
2026-09-02,expressvpn,KR,1,html
2026-09-02,expressvpn,KY,1,html
2026-09-02,expressvpn,KZ,1,html
2026-09-02,expressvpn,LA,1,html
2026-09-02,expressvpn,LB,1,html
2026-09-02,expressvpn,LI,1,html
2026-09-02,expressvpn,LK,1,html
2026-09-02,expressvpn,LT,1,html
2026-09-02,expressvpn,LU,1,html
2026-09-02,expressvpn,LV,1,html
2026-09-02,expressvpn,MA,1,html
2026-09-02,expressvpn,MC,1,html
2026-09-02,expressvpn,MD,1,html
2026-09-02,expressvpn,ME,1,html
2026-09-02,expressvpn,MK,1,html
2026-09-02,expressvpn,MM,1,html
2026-09-02,expressvpn,MN,1,html
2026-09-02,expressvpn,MO,1,html
2026-09-02,expressvpn,MT,1,html
2026-09-02,expressvpn,MX,1,html
2026-09-02,expressvpn,MY,1,html
2026-09-02,expressvpn,NG,1,html
2026-09-02,expressvpn,NL,3,html
2026-09-02,expressvpn,NO,1,html
2026-09-02,expressvpn,NP,1,html
2026-09-02,expressvpn,NZ,1,html
2026-09-02,expressvpn,PA,1,html
2026-09-02,expressvpn,PE,1,html
2026-09-02,expressvpn,PH,1,html
2026-09-02,expressvpn,PK,1,html
2026-09-02,expressvpn,PL,1,html
2026-09-02,expressvpn,PR,1,html
2026-09-02,expressvpn,PT,1,html
2026-09-02,expressvpn,QA,1,html
2026-09-02,expressvpn,RO,1,html
2026-09-02,expressvpn,RS,1,html
2026-09-02,expressvpn,SA,1,html
2026-09-02,expressvpn,SE,1,html
2026-09-02,expressvpn,SG,3,html
2026-09-02,expressvpn,SI,1,html
2026-09-02,expressvpn,SK,1,html
2026-09-02,expressvpn,TH,1,html
2026-09-02,expressvpn,TR,1,html
2026-09-02,expressvpn,TT,1,html
2026-09-02,expressvpn,TW,1,html
2026-09-02,expressvpn,UA,1,html
2026-09-02,expressvpn,US,56,html
2026-09-02,expressvpn,UY,1,html
2026-09-02,expressvpn,UZ,1,html
2026-09-02,expressvpn,VE,1,html
2026-09-02,expressvpn,VN,1,html
2026-09-02,expressvpn,ZA,1,html
2026-09-02,mullvad,AL,1,api
2026-09-02,mullvad,AR,1,api
2026-09-02,mullvad,AT,1,api
2026-09-02,mullvad,AU,5,api
2026-09-02,mullvad,BE,1,api
2026-09-02,mullvad,BG,1,api
2026-09-02,mullvad,BR,2,api
2026-09-02,mullvad,CA,4,api
2026-09-02,mullvad,CH,1,api
2026-09-02,mullvad,CL,1,api
2026-09-02,mullvad,CO,1,api
2026-09-02,mullvad,CY,1,api
2026-09-02,mullvad,CZ,1,api
2026-09-02,mullvad,DE,3,api
2026-09-02,mullvad,DK,1,api
2026-09-02,mullvad,EE,1,api
2026-09-02,mullvad,ES,3,api
2026-09-02,mullvad,FI,1,api
2026-09-02,mullvad,FR,3,api
2026-09-02,mullvad,GB,3,api
2026-09-02,mullvad,GR,1,api
2026-09-02,mullvad,HK,1,api
2026-09-02,mullvad,HR,1,api
2026-09-02,mullvad,HU,1,api
2026-09-02,mullvad,ID,1,api
2026-09-02,mullvad,IE,1,api
2026-09-02,mullvad,IL,1,api
2026-09-02,mullvad,IT,2,api
2026-09-02,mullvad,JP,2,api
2026-09-02,mullvad,MX,1,api
2026-09-02,mullvad,MY,1,api
2026-09-02,mullvad,NG,1,api
2026-09-02,mullvad,NL,1,api
2026-09-02,mullvad,NO,2,api
2026-09-02,mullvad,NZ,1,api
2026-09-02,mullvad,PE,1,api
2026-09-02,mullvad,PH,1,api
2026-09-02,mullvad,PL,1,api
2026-09-02,mullvad,PT,1,api
2026-09-02,mullvad,RO,1,api
2026-09-02,mullvad,RS,1,api
2026-09-02,mullvad,SE,3,api
2026-09-02,mullvad,SG,1,api
2026-09-02,mullvad,SI,1,api
2026-09-02,mullvad,SK,1,api
2026-09-02,mullvad,TH,1,api
2026-09-02,mullvad,TR,1,api
2026-09-02,mullvad,UA,1,api
2026-09-02,mullvad,US,21,api
2026-09-02,mullvad,ZA,1,api
2026-09-02,nordvpn,AD,1,api
2026-09-02,nordvpn,AE,2,api
2026-09-02,nordvpn,AF,1,api
2026-09-02,nordvpn,AL,1,api
2026-09-02,nordvpn,AM,1,api
2026-09-02,nordvpn,AO,1,api
2026-09-02,nordvpn,AR,1,api
2026-09-02,nordvpn,AT,1,api
2026-09-02,nordvpn,AU,5,api
2026-09-02,nordvpn,AZ,1,api
2026-09-02,nordvpn,BA,1,api
2026-09-02,nordvpn,BB,1,api
2026-09-02,nordvpn,BD,1,api
2026-09-02,nordvpn,BE,1,api
2026-09-02,nordvpn,BF,1,api
2026-09-02,nordvpn,BG,1,api
2026-09-02,nordvpn,BH,1,api
2026-09-02,nordvpn,BJ,1,api
2026-09-02,nordvpn,BM,1,api
2026-09-02,nordvpn,BN,1,api
2026-09-02,nordvpn,BO,1,api
2026-09-02,nordvpn,BR,1,api
2026-09-02,nordvpn,BS,1,api
2026-09-02,nordvpn,BT,1,api
2026-09-02,nordvpn,BW,1,api
2026-09-02,nordvpn,BZ,1,api
2026-09-02,nordvpn,CA,4,api
2026-09-02,nordvpn,CH,1,api
2026-09-02,nordvpn,CL,1,api
2026-09-02,nordvpn,CO,1,api
2026-09-02,nordvpn,CR,1,api
2026-09-02,nordvpn,CV,1,api
2026-09-02,nordvpn,CY,1,api
2026-09-02,nordvpn,CZ,1,api
2026-09-02,nordvpn,DE,3,api
2026-09-02,nordvpn,DK,1,api
2026-09-02,nordvpn,DO,1,api
2026-09-02,nordvpn,DZ,1,api
2026-09-02,nordvpn,EC,1,api
2026-09-02,nordvpn,EE,1,api
2026-09-02,nordvpn,EG,1,api
2026-09-02,nordvpn,ES,2,api
2026-09-02,nordvpn,ET,1,api
2026-09-02,nordvpn,FI,1,api
2026-09-02,nordvpn,FJ,1,api
2026-09-02,nordvpn,FR,4,api
2026-09-02,nordvpn,GB,4,api
2026-09-02,nordvpn,GE,1,api
2026-09-02,nordvpn,GH,1,api
2026-09-02,nordvpn,GL,1,api
2026-09-02,nordvpn,GM,1,api
2026-09-02,nordvpn,GR,1,api
2026-09-02,nordvpn,GT,1,api
2026-09-02,nordvpn,GU,1,api
2026-09-02,nordvpn,GY,1,api
2026-09-02,nordvpn,HK,1,api
2026-09-02,nordvpn,HN,1,api
2026-09-02,nordvpn,HR,1,api
2026-09-02,nordvpn,HU,1,api
2026-09-02,nordvpn,ID,1,api
2026-09-02,nordvpn,IE,1,api
2026-09-02,nordvpn,IL,1,api
2026-09-02,nordvpn,IM,1,api
2026-09-02,nordvpn,IN,1,api
2026-09-02,nordvpn,IQ,1,api
2026-09-02,nordvpn,IS,1,api
2026-09-02,nordvpn,IT,3,api
2026-09-02,nordvpn,JE,1,api
2026-09-02,nordvpn,JM,1,api
2026-09-02,nordvpn,JO,1,api
2026-09-02,nordvpn,JP,2,api
2026-09-02,nordvpn,KE,1,api
2026-09-02,nordvpn,KG,1,api
2026-09-02,nordvpn,KH,1,api
2026-09-02,nordvpn,KM,1,api
2026-09-02,nordvpn,KR,1,api
2026-09-02,nordvpn,KW,1,api
2026-09-02,nordvpn,KY,1,api
2026-09-02,nordvpn,KZ,1,api
2026-09-02,nordvpn,LA,1,api
2026-09-02,nordvpn,LB,1,api
2026-09-02,nordvpn,LC,1,api
2026-09-02,nordvpn,LI,1,api
2026-09-02,nordvpn,LK,1,api
2026-09-02,nordvpn,LR,1,api
2026-09-02,nordvpn,LT,1,api
2026-09-02,nordvpn,LU,1,api
2026-09-02,nordvpn,LV,1,api
2026-09-02,nordvpn,LY,1,api
2026-09-02,nordvpn,MA,1,api
2026-09-02,nordvpn,MC,1,api
2026-09-02,nordvpn,MD,1,api
2026-09-02,nordvpn,ME,1,api
2026-09-02,nordvpn,MG,1,api
2026-09-02,nordvpn,MK,1,api
2026-09-02,nordvpn,MM,1,api
2026-09-02,nordvpn,MN,1,api
2026-09-02,nordvpn,MR,1,api
2026-09-02,nordvpn,MT,1,api
2026-09-02,nordvpn,MU,1,api
2026-09-02,nordvpn,MV,1,api
2026-09-02,nordvpn,MW,1,api
2026-09-02,nordvpn,MX,1,api
2026-09-02,nordvpn,MY,1,api
2026-09-02,nordvpn,MZ,1,api
2026-09-02,nordvpn,NG,1,api
2026-09-02,nordvpn,NL,1,api
2026-09-02,nordvpn,NO,1,api
2026-09-02,nordvpn,NP,1,api
2026-09-02,nordvpn,NZ,1,api
2026-09-02,nordvpn,PA,1,api
2026-09-02,nordvpn,PE,1,api
2026-09-02,nordvpn,PG,1,api
2026-09-02,nordvpn,PH,1,api
2026-09-02,nordvpn,PK,1,api
2026-09-02,nordvpn,PL,1,api
2026-09-02,nordvpn,PR,1,api
2026-09-02,nordvpn,PT,1,api
2026-09-02,nordvpn,PY,1,api
2026-09-02,nordvpn,QA,1,api
2026-09-02,nordvpn,RO,1,api
2026-09-02,nordvpn,RS,1,api
2026-09-02,nordvpn,SC,1,api
2026-09-02,nordvpn,SE,1,api
2026-09-02,nordvpn,SG,1,api
2026-09-02,nordvpn,SI,1,api
2026-09-02,nordvpn,SK,1,api
2026-09-02,nordvpn,SL,1,api
2026-09-02,nordvpn,SN,1,api
2026-09-02,nordvpn,SO,1,api
2026-09-02,nordvpn,SR,1,api
2026-09-02,nordvpn,SV,1,api
2026-09-02,nordvpn,TD,1,api
2026-09-02,nordvpn,TH,1,api
2026-09-02,nordvpn,TJ,1,api
2026-09-02,nordvpn,TN,1,api
2026-09-02,nordvpn,TR,1,api
2026-09-02,nordvpn,TT,1,api
2026-09-02,nordvpn,TW,1,api
2026-09-02,nordvpn,TZ,1,api
2026-09-02,nordvpn,UA,1,api
2026-09-02,nordvpn,US,55,api
2026-09-02,nordvpn,UY,1,api
2026-09-02,nordvpn,UZ,1,api
2026-09-02,nordvpn,VE,1,api
2026-09-02,nordvpn,VN,2,api
2026-09-02,nordvpn,YE,1,api
2026-09-02,nordvpn,ZA,1,api
2026-09-02,nordvpn,ZM,1,api
2026-09-02,private-internet-access,AD,1,api
2026-09-02,private-internet-access,AE,1,api
2026-09-02,private-internet-access,AL,1,api
2026-09-02,private-internet-access,AM,1,api
2026-09-02,private-internet-access,AR,2,api
2026-09-02,private-internet-access,AT,2,api
2026-09-02,private-internet-access,AU,6,api
2026-09-02,private-internet-access,BA,1,api
2026-09-02,private-internet-access,BD,1,api
2026-09-02,private-internet-access,BE,2,api
2026-09-02,private-internet-access,BG,1,api
2026-09-02,private-internet-access,BO,1,api
2026-09-02,private-internet-access,BR,2,api
2026-09-02,private-internet-access,BS,1,api
2026-09-02,private-internet-access,CA,5,api
2026-09-02,private-internet-access,CH,2,api
2026-09-02,private-internet-access,CL,2,api
2026-09-02,private-internet-access,CN,1,api
2026-09-02,private-internet-access,CO,1,api
2026-09-02,private-internet-access,CR,1,api
2026-09-02,private-internet-access,CY,1,api
2026-09-02,private-internet-access,CZ,1,api
2026-09-02,private-internet-access,DE,3,api
2026-09-02,private-internet-access,DK,2,api
2026-09-02,private-internet-access,DZ,1,api
2026-09-02,private-internet-access,EC,1,api
2026-09-02,private-internet-access,EE,1,api
2026-09-02,private-internet-access,EG,1,api
2026-09-02,private-internet-access,ES,3,api
2026-09-02,private-internet-access,FI,2,api
2026-09-02,private-internet-access,FR,2,api
2026-09-02,private-internet-access,GB,4,api
2026-09-02,private-internet-access,GE,1,api
2026-09-02,private-internet-access,GL,1,api
2026-09-02,private-internet-access,GR,1,api
2026-09-02,private-internet-access,GT,1,api
2026-09-02,private-internet-access,HK,1,api
2026-09-02,private-internet-access,HR,1,api
2026-09-02,private-internet-access,HU,2,api
2026-09-02,private-internet-access,ID,1,api
2026-09-02,private-internet-access,IE,1,api
2026-09-02,private-internet-access,IL,2,api
2026-09-02,private-internet-access,IM,1,api
2026-09-02,private-internet-access,IN,1,api
2026-09-02,private-internet-access,IS,1,api
2026-09-02,private-internet-access,IT,2,api
2026-09-02,private-internet-access,JP,2,api
2026-09-02,private-internet-access,KH,1,api
2026-09-02,private-internet-access,KR,2,api
2026-09-02,private-internet-access,KZ,1,api
2026-09-02,private-internet-access,LI,1,api
2026-09-02,private-internet-access,LK,1,api
2026-09-02,private-internet-access,LT,2,api
2026-09-02,private-internet-access,LU,2,api
2026-09-02,private-internet-access,LV,1,api
2026-09-02,private-internet-access,MA,1,api
2026-09-02,private-internet-access,MC,1,api
2026-09-02,private-internet-access,MD,1,api
2026-09-02,private-internet-access,ME,1,api
2026-09-02,private-internet-access,MK,1,api
2026-09-02,private-internet-access,MN,1,api
2026-09-02,private-internet-access,MO,1,api
2026-09-02,private-internet-access,MT,1,api
2026-09-02,private-internet-access,MX,2,api
2026-09-02,private-internet-access,MY,1,api
2026-09-02,private-internet-access,NG,1,api
2026-09-02,private-internet-access,NL,2,api
2026-09-02,private-internet-access,NO,1,api
2026-09-02,private-internet-access,NP,1,api
2026-09-02,private-internet-access,NZ,2,api
2026-09-02,private-internet-access,PA,1,api
2026-09-02,private-internet-access,PE,1,api
2026-09-02,private-internet-access,PH,1,api
2026-09-02,private-internet-access,PL,2,api
2026-09-02,private-internet-access,PT,2,api
2026-09-02,private-internet-access,QA,1,api
2026-09-02,private-internet-access,RO,2,api
2026-09-02,private-internet-access,RS,2,api
2026-09-02,private-internet-access,SA,1,api
2026-09-02,private-internet-access,SE,2,api
2026-09-02,private-internet-access,SG,2,api
2026-09-02,private-internet-access,SI,1,api
2026-09-02,private-internet-access,SK,2,api
2026-09-02,private-internet-access,TR,1,api
2026-09-02,private-internet-access,UA,1,api
2026-09-02,private-internet-access,US,55,api
2026-09-02,private-internet-access,UY,1,api
2026-09-02,private-internet-access,VE,1,api
2026-09-02,private-internet-access,VN,1,api
2026-09-02,private-internet-access,ZA,2,api
2026-09-02,surfshark,AD,1,api
2026-09-02,surfshark,AE,1,api
2026-09-02,surfshark,AL,1,api
2026-09-02,surfshark,AM,1,api
2026-09-02,surfshark,AR,1,api
2026-09-02,surfshark,AT,1,api
2026-09-02,surfshark,AU,5,api
2026-09-02,surfshark,AZ,1,api
2026-09-02,surfshark,BA,1,api
2026-09-02,surfshark,BD,1,api
2026-09-02,surfshark,BE,2,api
2026-09-02,surfshark,BG,1,api
2026-09-02,surfshark,BN,1,api
2026-09-02,surfshark,BO,1,api
2026-09-02,surfshark,BR,1,api
2026-09-02,surfshark,BS,1,api
2026-09-02,surfshark,BT,1,api
2026-09-02,surfshark,BZ,1,api
2026-09-02,surfshark,CA,3,api
2026-09-02,surfshark,CH,1,api
2026-09-02,surfshark,CL,1,api
2026-09-02,surfshark,CO,1,api
2026-09-02,surfshark,CR,1,api
2026-09-02,surfshark,CY,1,api
2026-09-02,surfshark,CZ,1,api
2026-09-02,surfshark,DE,2,api
2026-09-02,surfshark,DK,1,api
2026-09-02,surfshark,DZ,1,api
2026-09-02,surfshark,EC,1,api
2026-09-02,surfshark,EE,1,api
2026-09-02,surfshark,EG,1,api
2026-09-02,surfshark,ES,3,api
2026-09-02,surfshark,FI,1,api
2026-09-02,surfshark,FR,3,api
2026-09-02,surfshark,GB,4,api
2026-09-02,surfshark,GE,1,api
2026-09-02,surfshark,GH,1,api
2026-09-02,surfshark,GL,1,api
2026-09-02,surfshark,GR,1,api
2026-09-02,surfshark,HK,1,api
2026-09-02,surfshark,HR,1,api
2026-09-02,surfshark,HU,1,api
2026-09-02,surfshark,ID,1,api
2026-09-02,surfshark,IE,1,api
2026-09-02,surfshark,IL,1,api
2026-09-02,surfshark,IM,1,api
2026-09-02,surfshark,IN,2,api
2026-09-02,surfshark,IS,1,api
2026-09-02,surfshark,IT,2,api
2026-09-02,surfshark,JP,1,api
2026-09-02,surfshark,KH,1,api
2026-09-02,surfshark,KR,1,api
2026-09-02,surfshark,KZ,1,api
2026-09-02,surfshark,LA,1,api
2026-09-02,surfshark,LI,1,api
2026-09-02,surfshark,LK,1,api
2026-09-02,surfshark,LT,1,api
2026-09-02,surfshark,LU,1,api
2026-09-02,surfshark,LV,1,api
2026-09-02,surfshark,MA,1,api
2026-09-02,surfshark,MC,1,api
2026-09-02,surfshark,MD,1,api
2026-09-02,surfshark,ME,1,api
2026-09-02,surfshark,MK,1,api
2026-09-02,surfshark,MM,1,api
2026-09-02,surfshark,MN,1,api
2026-09-02,surfshark,MO,1,api
2026-09-02,surfshark,MT,1,api
2026-09-02,surfshark,MX,1,api
2026-09-02,surfshark,MY,1,api
2026-09-02,surfshark,NG,1,api
2026-09-02,surfshark,NL,1,api
2026-09-02,surfshark,NO,1,api
2026-09-02,surfshark,NP,1,api
2026-09-02,surfshark,NZ,1,api
2026-09-02,surfshark,PA,1,api
2026-09-02,surfshark,PE,1,api
2026-09-02,surfshark,PH,1,api
2026-09-02,surfshark,PK,1,api
2026-09-02,surfshark,PL,2,api
2026-09-02,surfshark,PR,1,api
2026-09-02,surfshark,PT,2,api
2026-09-02,surfshark,PY,1,api
2026-09-02,surfshark,RO,1,api
2026-09-02,surfshark,RS,1,api
2026-09-02,surfshark,SA,1,api
2026-09-02,surfshark,SE,1,api
2026-09-02,surfshark,SG,1,api
2026-09-02,surfshark,SI,1,api
2026-09-02,surfshark,SK,1,api
2026-09-02,surfshark,TH,1,api
2026-09-02,surfshark,TR,1,api
2026-09-02,surfshark,TW,1,api
2026-09-02,surfshark,UA,1,api
2026-09-02,surfshark,US,24,api
2026-09-02,surfshark,UY,1,api
2026-09-02,surfshark,UZ,1,api
2026-09-02,surfshark,VE,1,api
2026-09-02,surfshark,VN,1,api
2026-09-02,surfshark,ZA,1,api
2026-09-02,windscribe,AE,1,api
2026-09-02,windscribe,AL,1,api
2026-09-02,windscribe,AR,1,api
2026-09-02,windscribe,AT,1,api
2026-09-02,windscribe,AU,1,api
2026-09-02,windscribe,BA,1,api
2026-09-02,windscribe,BE,1,api
2026-09-02,windscribe,BG,1,api
2026-09-02,windscribe,BR,1,api
2026-09-02,windscribe,CA,2,api
2026-09-02,windscribe,CH,1,api
2026-09-02,windscribe,CL,1,api
2026-09-02,windscribe,CO,1,api
2026-09-02,windscribe,CY,1,api
2026-09-02,windscribe,CZ,1,api
2026-09-02,windscribe,DE,1,api
2026-09-02,windscribe,DK,1,api
2026-09-02,windscribe,EC,1,api
2026-09-02,windscribe,EE,1,api
2026-09-02,windscribe,ES,1,api
2026-09-02,windscribe,FI,1,api
2026-09-02,windscribe,FR,1,api
2026-09-02,windscribe,GB,1,api
2026-09-02,windscribe,GE,1,api
2026-09-02,windscribe,GR,1,api
2026-09-02,windscribe,GT,1,api
2026-09-02,windscribe,HK,1,api
2026-09-02,windscribe,HR,1,api
2026-09-02,windscribe,HU,1,api
2026-09-02,windscribe,ID,1,api
2026-09-02,windscribe,IE,1,api
2026-09-02,windscribe,IL,1,api
2026-09-02,windscribe,IN,1,api
2026-09-02,windscribe,IS,1,api
2026-09-02,windscribe,IT,1,api
2026-09-02,windscribe,JP,1,api
2026-09-02,windscribe,KE,1,api
2026-09-02,windscribe,KR,1,api
2026-09-02,windscribe,LT,1,api
2026-09-02,windscribe,LU,1,api
2026-09-02,windscribe,LV,1,api
2026-09-02,windscribe,MD,1,api
2026-09-02,windscribe,MK,1,api
2026-09-02,windscribe,MX,1,api
2026-09-02,windscribe,MY,1,api
2026-09-02,windscribe,NG,1,api
2026-09-02,windscribe,NL,1,api
2026-09-02,windscribe,NO,1,api
2026-09-02,windscribe,NZ,1,api
2026-09-02,windscribe,PA,1,api
2026-09-02,windscribe,PE,1,api
2026-09-02,windscribe,PH,1,api
2026-09-02,windscribe,PL,1,api
2026-09-02,windscribe,PT,1,api
2026-09-02,windscribe,PY,1,api
2026-09-02,windscribe,RO,1,api
2026-09-02,windscribe,RS,1,api
2026-09-02,windscribe,RU,1,api
2026-09-02,windscribe,SE,1,api
2026-09-02,windscribe,SG,1,api
2026-09-02,windscribe,SI,1,api
2026-09-02,windscribe,SK,1,api
2026-09-02,windscribe,SV,1,api
2026-09-02,windscribe,TH,1,api
2026-09-02,windscribe,TR,1,api
2026-09-02,windscribe,UA,1,api
2026-09-02,windscribe,US,3,api
2026-09-02,windscribe,UY,1,api
2026-09-02,windscribe,VN,1,api
2026-09-02,windscribe,ZA,1,api
2026-09-03,cyberghost,AD,1,html
2026-09-03,cyberghost,AE,1,html
2026-09-03,cyberghost,AL,1,html
2026-09-03,cyberghost,AM,1,html
2026-09-03,cyberghost,AR,1,html
2026-09-03,cyberghost,AT,1,html
2026-09-03,cyberghost,AU,3,html
2026-09-03,cyberghost,BA,1,html
2026-09-03,cyberghost,BD,1,html
2026-09-03,cyberghost,BE,1,html
2026-09-03,cyberghost,BG,1,html
2026-09-03,cyberghost,BO,1,html
2026-09-03,cyberghost,BR,1,html
2026-09-03,cyberghost,BS,1,html
2026-09-03,cyberghost,BY,1,html
2026-09-03,cyberghost,CA,3,html
2026-09-03,cyberghost,CH,2,html
2026-09-03,cyberghost,CL,1,html
2026-09-03,cyberghost,CN,1,html
2026-09-03,cyberghost,CO,1,html
2026-09-03,cyberghost,CR,1,html
2026-09-03,cyberghost,CY,1,html
2026-09-03,cyberghost,CZ,1,html
2026-09-03,cyberghost,DE,3,html
2026-09-03,cyberghost,DK,1,html
2026-09-03,cyberghost,DO,1,html
2026-09-03,cyberghost,DZ,1,html
2026-09-03,cyberghost,EC,1,html
2026-09-03,cyberghost,EE,1,html
2026-09-03,cyberghost,EG,1,html
2026-09-03,cyberghost,ES,3,html
2026-09-03,cyberghost,FI,1,html
2026-09-03,cyberghost,FR,3,html
2026-09-03,cyberghost,GB,3,html
2026-09-03,cyberghost,GE,1,html
2026-09-03,cyberghost,GL,1,html
2026-09-03,cyberghost,GR,1,html
2026-09-03,cyberghost,GT,1,html
2026-09-03,cyberghost,HK,1,html
2026-09-03,cyberghost,HR,1,html
2026-09-03,cyberghost,HU,1,html
2026-09-03,cyberghost,ID,1,html
2026-09-03,cyberghost,IE,1,html
2026-09-03,cyberghost,IL,1,html
2026-09-03,cyberghost,IM,1,html
2026-09-03,cyberghost,IN,1,html
2026-09-03,cyberghost,IR,1,html
2026-09-03,cyberghost,IS,1,html
2026-09-03,cyberghost,IT,2,html
2026-09-03,cyberghost,JP,1,html
2026-09-03,cyberghost,KE,1,html
2026-09-03,cyberghost,KH,1,html
2026-09-03,cyberghost,KR,1,html
2026-09-03,cyberghost,KZ,1,html
2026-09-03,cyberghost,LA,1,html
2026-09-03,cyberghost,LI,1,html
2026-09-03,cyberghost,LK,1,html
2026-09-03,cyberghost,LT,1,html
2026-09-03,cyberghost,LU,1,html
2026-09-03,cyberghost,LV,1,html
2026-09-03,cyberghost,MA,1,html
2026-09-03,cyberghost,MC,1,html
2026-09-03,cyberghost,MD,1,html
2026-09-03,cyberghost,ME,1,html
2026-09-03,cyberghost,MK,1,html
2026-09-03,cyberghost,MM,1,html
2026-09-03,cyberghost,MN,1,html
2026-09-03,cyberghost,MO,1,html
2026-09-03,cyberghost,MT,1,html
2026-09-03,cyberghost,MX,1,html
2026-09-03,cyberghost,MY,1,html
2026-09-03,cyberghost,NG,1,html
2026-09-03,cyberghost,NL,1,html
2026-09-03,cyberghost,NO,1,html
2026-09-03,cyberghost,NP,1,html
2026-09-03,cyberghost,NZ,1,html
2026-09-03,cyberghost,PA,1,html
2026-09-03,cyberghost,PE,1,html
2026-09-03,cyberghost,PH,1,html
2026-09-03,cyberghost,PK,1,html
2026-09-03,cyberghost,PL,1,html
2026-09-03,cyberghost,PT,1,html
2026-09-03,cyberghost,QA,1,html
2026-09-03,cyberghost,RO,2,html
2026-09-03,cyberghost,RS,1,html
2026-09-03,cyberghost,RU,1,html
2026-09-03,cyberghost,SA,1,html
2026-09-03,cyberghost,SE,1,html
2026-09-03,cyberghost,SG,1,html
2026-09-03,cyberghost,SI,1,html
2026-09-03,cyberghost,SK,1,html
2026-09-03,cyberghost,TH,1,html
2026-09-03,cyberghost,TR,1,html
2026-09-03,cyberghost,TW,1,html
2026-09-03,cyberghost,UA,1,html
2026-09-03,cyberghost,US,11,html
2026-09-03,cyberghost,UY,1,html
2026-09-03,cyberghost,VE,1,html
2026-09-03,cyberghost,VN,1,html
2026-09-03,cyberghost,ZA,1,html
2026-09-03,expressvpn,AD,1,html
2026-09-03,expressvpn,AE,1,html
2026-09-03,expressvpn,AL,1,html
2026-09-03,expressvpn,AM,1,html
2026-09-03,expressvpn,AR,1,html
2026-09-03,expressvpn,AT,1,html
2026-09-03,expressvpn,AU,6,html
2026-09-03,expressvpn,AZ,1,html
2026-09-03,expressvpn,BA,1,html
2026-09-03,expressvpn,BD,1,html
2026-09-03,expressvpn,BE,1,html
2026-09-03,expressvpn,BG,1,html
2026-09-03,expressvpn,BM,1,html
2026-09-03,expressvpn,BN,1,html
2026-09-03,expressvpn,BO,1,html
2026-09-03,expressvpn,BR,1,html
2026-09-03,expressvpn,BS,1,html
2026-09-03,expressvpn,BT,1,html
2026-09-03,expressvpn,BY,1,html
2026-09-03,expressvpn,CA,3,html
2026-09-03,expressvpn,CH,1,html
2026-09-03,expressvpn,CL,1,html
2026-09-03,expressvpn,CN,1,html
2026-09-03,expressvpn,CO,1,html
2026-09-03,expressvpn,CR,1,html
2026-09-03,expressvpn,CY,1,html
2026-09-03,expressvpn,CZ,1,html
2026-09-03,expressvpn,DE,3,html
2026-09-03,expressvpn,DK,1,html
2026-09-03,expressvpn,DO,1,html
2026-09-03,expressvpn,DZ,1,html
2026-09-03,expressvpn,EC,1,html
2026-09-03,expressvpn,EE,1,html
2026-09-03,expressvpn,EG,1,html
2026-09-03,expressvpn,ES,3,html
2026-09-03,expressvpn,FI,1,html
2026-09-03,expressvpn,FR,4,html
2026-09-03,expressvpn,GB,7,html
2026-09-03,expressvpn,GE,1,html
2026-09-03,expressvpn,GH,1,html
2026-09-03,expressvpn,GL,1,html
2026-09-03,expressvpn,GR,1,html
2026-09-03,expressvpn,GT,1,html
2026-09-03,expressvpn,GU,1,html
2026-09-03,expressvpn,HK,1,html
2026-09-03,expressvpn,HN,1,html
2026-09-03,expressvpn,HR,1,html
2026-09-03,expressvpn,HU,1,html
2026-09-03,expressvpn,ID,1,html
2026-09-03,expressvpn,IE,1,html
2026-09-03,expressvpn,IL,1,html
2026-09-03,expressvpn,IM,1,html
2026-09-03,expressvpn,IN,1,html
2026-09-03,expressvpn,IS,1,html
2026-09-03,expressvpn,IT,3,html
2026-09-03,expressvpn,JE,1,html
2026-09-03,expressvpn,JM,1,html
2026-09-03,expressvpn,JP,4,html
2026-09-03,expressvpn,KE,1,html
2026-09-03,expressvpn,KH,1,html
2026-09-03,expressvpn,KR,1,html
2026-09-03,expressvpn,KY,1,html
2026-09-03,expressvpn,KZ,1,html
2026-09-03,expressvpn,LA,1,html
2026-09-03,expressvpn,LB,1,html
2026-09-03,expressvpn,LI,1,html
2026-09-03,expressvpn,LK,1,html
2026-09-03,expressvpn,LT,1,html
2026-09-03,expressvpn,LU,1,html
2026-09-03,expressvpn,LV,1,html
2026-09-03,expressvpn,MA,1,html
2026-09-03,expressvpn,MC,1,html
2026-09-03,expressvpn,MD,1,html
2026-09-03,expressvpn,ME,1,html
2026-09-03,expressvpn,MK,1,html
2026-09-03,expressvpn,MM,1,html
2026-09-03,expressvpn,MN,1,html
2026-09-03,expressvpn,MO,1,html
2026-09-03,expressvpn,MT,1,html
2026-09-03,expressvpn,MX,1,html
2026-09-03,expressvpn,MY,1,html
2026-09-03,expressvpn,NG,1,html
2026-09-03,expressvpn,NL,3,html
2026-09-03,expressvpn,NO,1,html
2026-09-03,expressvpn,NP,1,html
2026-09-03,expressvpn,NZ,1,html
2026-09-03,expressvpn,PA,1,html
2026-09-03,expressvpn,PE,1,html
2026-09-03,expressvpn,PH,1,html
2026-09-03,expressvpn,PK,1,html
2026-09-03,expressvpn,PL,1,html
2026-09-03,expressvpn,PR,1,html
2026-09-03,expressvpn,PT,1,html
2026-09-03,expressvpn,QA,1,html
2026-09-03,expressvpn,RO,1,html
2026-09-03,expressvpn,RS,1,html
2026-09-03,expressvpn,SA,1,html
2026-09-03,expressvpn,SE,1,html
2026-09-03,expressvpn,SG,3,html
2026-09-03,expressvpn,SI,1,html
2026-09-03,expressvpn,SK,1,html
2026-09-03,expressvpn,TH,1,html
2026-09-03,expressvpn,TR,1,html
2026-09-03,expressvpn,TT,1,html
2026-09-03,expressvpn,TW,1,html
2026-09-03,expressvpn,UA,1,html
2026-09-03,expressvpn,US,56,html
2026-09-03,expressvpn,UY,1,html
2026-09-03,expressvpn,UZ,1,html
2026-09-03,expressvpn,VE,1,html
2026-09-03,expressvpn,VN,1,html
2026-09-03,expressvpn,ZA,1,html
2026-09-03,mullvad,AL,1,api
2026-09-03,mullvad,AR,1,api
2026-09-03,mullvad,AT,1,api
2026-09-03,mullvad,AU,5,api
2026-09-03,mullvad,BE,1,api
2026-09-03,mullvad,BG,1,api
2026-09-03,mullvad,BR,2,api
2026-09-03,mullvad,CA,4,api
2026-09-03,mullvad,CH,1,api
2026-09-03,mullvad,CL,1,api
2026-09-03,mullvad,CO,1,api
2026-09-03,mullvad,CY,1,api
2026-09-03,mullvad,CZ,1,api
2026-09-03,mullvad,DE,3,api
2026-09-03,mullvad,DK,1,api
2026-09-03,mullvad,EE,1,api
2026-09-03,mullvad,ES,3,api
2026-09-03,mullvad,FI,1,api
2026-09-03,mullvad,FR,3,api
2026-09-03,mullvad,GB,3,api
2026-09-03,mullvad,GR,1,api
2026-09-03,mullvad,HK,1,api
2026-09-03,mullvad,HR,1,api
2026-09-03,mullvad,HU,1,api
2026-09-03,mullvad,ID,1,api
2026-09-03,mullvad,IE,1,api
2026-09-03,mullvad,IL,1,api
2026-09-03,mullvad,IT,2,api
2026-09-03,mullvad,JP,2,api
2026-09-03,mullvad,MX,1,api
2026-09-03,mullvad,MY,1,api
2026-09-03,mullvad,NG,1,api
2026-09-03,mullvad,NL,1,api
2026-09-03,mullvad,NO,2,api
2026-09-03,mullvad,NZ,1,api
2026-09-03,mullvad,PE,1,api
2026-09-03,mullvad,PH,1,api
2026-09-03,mullvad,PL,1,api
2026-09-03,mullvad,PT,1,api
2026-09-03,mullvad,RO,1,api
2026-09-03,mullvad,RS,1,api
2026-09-03,mullvad,SE,3,api
2026-09-03,mullvad,SG,1,api
2026-09-03,mullvad,SI,1,api
2026-09-03,mullvad,SK,1,api
2026-09-03,mullvad,TH,1,api
2026-09-03,mullvad,TR,1,api
2026-09-03,mullvad,UA,1,api
2026-09-03,mullvad,US,21,api
2026-09-03,mullvad,ZA,1,api
2026-09-03,nordvpn,AD,1,api
2026-09-03,nordvpn,AE,2,api
2026-09-03,nordvpn,AF,1,api
2026-09-03,nordvpn,AL,1,api
2026-09-03,nordvpn,AM,1,api
2026-09-03,nordvpn,AO,1,api
2026-09-03,nordvpn,AR,1,api
2026-09-03,nordvpn,AT,1,api
2026-09-03,nordvpn,AU,5,api
2026-09-03,nordvpn,AZ,1,api
2026-09-03,nordvpn,BA,1,api
2026-09-03,nordvpn,BB,1,api
2026-09-03,nordvpn,BD,1,api
2026-09-03,nordvpn,BE,1,api
2026-09-03,nordvpn,BF,1,api
2026-09-03,nordvpn,BG,1,api
2026-09-03,nordvpn,BH,1,api
2026-09-03,nordvpn,BJ,1,api
2026-09-03,nordvpn,BM,1,api
2026-09-03,nordvpn,BN,1,api
2026-09-03,nordvpn,BO,1,api
2026-09-03,nordvpn,BR,1,api
2026-09-03,nordvpn,BS,1,api
2026-09-03,nordvpn,BT,1,api
2026-09-03,nordvpn,BW,1,api
2026-09-03,nordvpn,BZ,1,api
2026-09-03,nordvpn,CA,4,api
2026-09-03,nordvpn,CH,1,api
2026-09-03,nordvpn,CL,1,api
2026-09-03,nordvpn,CO,1,api
2026-09-03,nordvpn,CR,1,api
2026-09-03,nordvpn,CV,1,api
2026-09-03,nordvpn,CY,1,api
2026-09-03,nordvpn,CZ,1,api
2026-09-03,nordvpn,DE,3,api
2026-09-03,nordvpn,DK,1,api
2026-09-03,nordvpn,DO,1,api
2026-09-03,nordvpn,DZ,1,api
2026-09-03,nordvpn,EC,1,api
2026-09-03,nordvpn,EE,1,api
2026-09-03,nordvpn,EG,1,api
2026-09-03,nordvpn,ES,2,api
2026-09-03,nordvpn,ET,1,api
2026-09-03,nordvpn,FI,1,api
2026-09-03,nordvpn,FJ,1,api
2026-09-03,nordvpn,FR,4,api
2026-09-03,nordvpn,GB,4,api
2026-09-03,nordvpn,GE,1,api
2026-09-03,nordvpn,GH,1,api
2026-09-03,nordvpn,GL,1,api
2026-09-03,nordvpn,GM,1,api
2026-09-03,nordvpn,GR,1,api
2026-09-03,nordvpn,GT,1,api
2026-09-03,nordvpn,GU,1,api
2026-09-03,nordvpn,GY,1,api
2026-09-03,nordvpn,HK,1,api
2026-09-03,nordvpn,HN,1,api
2026-09-03,nordvpn,HR,1,api
2026-09-03,nordvpn,HU,1,api
2026-09-03,nordvpn,ID,1,api
2026-09-03,nordvpn,IE,1,api
2026-09-03,nordvpn,IL,1,api
2026-09-03,nordvpn,IM,1,api
2026-09-03,nordvpn,IN,1,api
2026-09-03,nordvpn,IQ,1,api
2026-09-03,nordvpn,IS,1,api
2026-09-03,nordvpn,IT,3,api
2026-09-03,nordvpn,JE,1,api
2026-09-03,nordvpn,JM,1,api
2026-09-03,nordvpn,JO,1,api
2026-09-03,nordvpn,JP,2,api
2026-09-03,nordvpn,KE,1,api
2026-09-03,nordvpn,KG,1,api
2026-09-03,nordvpn,KH,1,api
2026-09-03,nordvpn,KM,1,api
2026-09-03,nordvpn,KR,1,api
2026-09-03,nordvpn,KW,1,api
2026-09-03,nordvpn,KY,1,api
2026-09-03,nordvpn,KZ,1,api
2026-09-03,nordvpn,LA,1,api
2026-09-03,nordvpn,LB,1,api
2026-09-03,nordvpn,LC,1,api
2026-09-03,nordvpn,LI,1,api
2026-09-03,nordvpn,LK,1,api
2026-09-03,nordvpn,LR,1,api
2026-09-03,nordvpn,LT,1,api
2026-09-03,nordvpn,LU,1,api
2026-09-03,nordvpn,LV,1,api
2026-09-03,nordvpn,LY,1,api
2026-09-03,nordvpn,MA,1,api
2026-09-03,nordvpn,MC,1,api
2026-09-03,nordvpn,MD,1,api
2026-09-03,nordvpn,ME,1,api
2026-09-03,nordvpn,MG,1,api
2026-09-03,nordvpn,MK,1,api
2026-09-03,nordvpn,MM,1,api
2026-09-03,nordvpn,MN,1,api
2026-09-03,nordvpn,MR,1,api
2026-09-03,nordvpn,MT,1,api
2026-09-03,nordvpn,MU,1,api
2026-09-03,nordvpn,MV,1,api
2026-09-03,nordvpn,MW,1,api
2026-09-03,nordvpn,MX,1,api
2026-09-03,nordvpn,MY,1,api
2026-09-03,nordvpn,MZ,1,api
2026-09-03,nordvpn,NG,1,api
2026-09-03,nordvpn,NL,1,api
2026-09-03,nordvpn,NO,1,api
2026-09-03,nordvpn,NP,1,api
2026-09-03,nordvpn,NZ,1,api
2026-09-03,nordvpn,PA,1,api
2026-09-03,nordvpn,PE,1,api
2026-09-03,nordvpn,PG,1,api
2026-09-03,nordvpn,PH,1,api
2026-09-03,nordvpn,PK,1,api
2026-09-03,nordvpn,PL,1,api
2026-09-03,nordvpn,PR,1,api
2026-09-03,nordvpn,PT,1,api
2026-09-03,nordvpn,PY,1,api
2026-09-03,nordvpn,QA,1,api
2026-09-03,nordvpn,RO,1,api
2026-09-03,nordvpn,RS,1,api
2026-09-03,nordvpn,SC,1,api
2026-09-03,nordvpn,SE,1,api
2026-09-03,nordvpn,SG,1,api
2026-09-03,nordvpn,SI,1,api
2026-09-03,nordvpn,SK,1,api
2026-09-03,nordvpn,SL,1,api
2026-09-03,nordvpn,SN,1,api
2026-09-03,nordvpn,SO,1,api
2026-09-03,nordvpn,SR,1,api
2026-09-03,nordvpn,SV,1,api
2026-09-03,nordvpn,TD,1,api
2026-09-03,nordvpn,TH,1,api
2026-09-03,nordvpn,TJ,1,api
2026-09-03,nordvpn,TN,1,api
2026-09-03,nordvpn,TR,1,api
2026-09-03,nordvpn,TT,1,api
2026-09-03,nordvpn,TW,1,api
2026-09-03,nordvpn,TZ,1,api
2026-09-03,nordvpn,UA,1,api
2026-09-03,nordvpn,US,55,api
2026-09-03,nordvpn,UY,1,api
2026-09-03,nordvpn,UZ,1,api
2026-09-03,nordvpn,VE,1,api
2026-09-03,nordvpn,VN,2,api
2026-09-03,nordvpn,YE,1,api
2026-09-03,nordvpn,ZA,1,api
2026-09-03,nordvpn,ZM,1,api
2026-09-03,private-internet-access,AD,1,api
2026-09-03,private-internet-access,AE,1,api
2026-09-03,private-internet-access,AL,1,api
2026-09-03,private-internet-access,AM,1,api
2026-09-03,private-internet-access,AR,2,api
2026-09-03,private-internet-access,AT,2,api
2026-09-03,private-internet-access,AU,6,api
2026-09-03,private-internet-access,BA,1,api
2026-09-03,private-internet-access,BD,1,api
2026-09-03,private-internet-access,BE,2,api
2026-09-03,private-internet-access,BG,1,api
2026-09-03,private-internet-access,BO,1,api
2026-09-03,private-internet-access,BR,2,api
2026-09-03,private-internet-access,BS,1,api
2026-09-03,private-internet-access,CA,5,api
2026-09-03,private-internet-access,CH,2,api
2026-09-03,private-internet-access,CL,2,api
2026-09-03,private-internet-access,CN,1,api
2026-09-03,private-internet-access,CO,1,api
2026-09-03,private-internet-access,CR,1,api
2026-09-03,private-internet-access,CY,1,api
2026-09-03,private-internet-access,CZ,1,api
2026-09-03,private-internet-access,DE,3,api
2026-09-03,private-internet-access,DK,2,api
2026-09-03,private-internet-access,DZ,1,api
2026-09-03,private-internet-access,EC,1,api
2026-09-03,private-internet-access,EE,1,api
2026-09-03,private-internet-access,EG,1,api
2026-09-03,private-internet-access,ES,3,api
2026-09-03,private-internet-access,FI,2,api
2026-09-03,private-internet-access,FR,2,api
2026-09-03,private-internet-access,GB,4,api
2026-09-03,private-internet-access,GE,1,api
2026-09-03,private-internet-access,GL,1,api
2026-09-03,private-internet-access,GR,1,api
2026-09-03,private-internet-access,GT,1,api
2026-09-03,private-internet-access,HK,1,api
2026-09-03,private-internet-access,HR,1,api
2026-09-03,private-internet-access,HU,2,api
2026-09-03,private-internet-access,ID,1,api
2026-09-03,private-internet-access,IE,1,api
2026-09-03,private-internet-access,IL,2,api
2026-09-03,private-internet-access,IM,1,api
2026-09-03,private-internet-access,IN,1,api
2026-09-03,private-internet-access,IS,1,api
2026-09-03,private-internet-access,IT,2,api
2026-09-03,private-internet-access,JP,2,api
2026-09-03,private-internet-access,KH,1,api
2026-09-03,private-internet-access,KR,2,api
2026-09-03,private-internet-access,KZ,1,api
2026-09-03,private-internet-access,LI,1,api
2026-09-03,private-internet-access,LK,1,api
2026-09-03,private-internet-access,LT,2,api
2026-09-03,private-internet-access,LU,2,api
2026-09-03,private-internet-access,LV,1,api
2026-09-03,private-internet-access,MA,1,api
2026-09-03,private-internet-access,MC,1,api
2026-09-03,private-internet-access,MD,1,api
2026-09-03,private-internet-access,ME,1,api
2026-09-03,private-internet-access,MK,1,api
2026-09-03,private-internet-access,MN,1,api
2026-09-03,private-internet-access,MO,1,api
2026-09-03,private-internet-access,MT,1,api
2026-09-03,private-internet-access,MX,2,api
2026-09-03,private-internet-access,MY,1,api
2026-09-03,private-internet-access,NG,1,api
2026-09-03,private-internet-access,NL,2,api
2026-09-03,private-internet-access,NO,1,api
2026-09-03,private-internet-access,NP,1,api
2026-09-03,private-internet-access,NZ,2,api
2026-09-03,private-internet-access,PA,1,api
2026-09-03,private-internet-access,PE,1,api
2026-09-03,private-internet-access,PH,1,api
2026-09-03,private-internet-access,PL,2,api
2026-09-03,private-internet-access,PT,2,api
2026-09-03,private-internet-access,QA,1,api
2026-09-03,private-internet-access,RO,2,api
2026-09-03,private-internet-access,RS,2,api
2026-09-03,private-internet-access,SA,1,api
2026-09-03,private-internet-access,SE,2,api
2026-09-03,private-internet-access,SG,2,api
2026-09-03,private-internet-access,SI,1,api
2026-09-03,private-internet-access,SK,2,api
2026-09-03,private-internet-access,TR,1,api
2026-09-03,private-internet-access,TW,2,api
2026-09-03,private-internet-access,UA,1,api
2026-09-03,private-internet-access,US,55,api
2026-09-03,private-internet-access,UY,1,api
2026-09-03,private-internet-access,VE,1,api
2026-09-03,private-internet-access,VN,1,api
2026-09-03,private-internet-access,ZA,2,api
2026-09-03,surfshark,AD,1,api
2026-09-03,surfshark,AE,1,api
2026-09-03,surfshark,AL,1,api
2026-09-03,surfshark,AM,1,api
2026-09-03,surfshark,AR,1,api
2026-09-03,surfshark,AT,1,api
2026-09-03,surfshark,AU,5,api
2026-09-03,surfshark,AZ,1,api
2026-09-03,surfshark,BA,1,api
2026-09-03,surfshark,BD,1,api
2026-09-03,surfshark,BE,2,api
2026-09-03,surfshark,BG,1,api
2026-09-03,surfshark,BN,1,api
2026-09-03,surfshark,BO,1,api
2026-09-03,surfshark,BR,1,api
2026-09-03,surfshark,BS,1,api
2026-09-03,surfshark,BT,1,api
2026-09-03,surfshark,BZ,1,api
2026-09-03,surfshark,CA,3,api
2026-09-03,surfshark,CH,1,api
2026-09-03,surfshark,CL,1,api
2026-09-03,surfshark,CO,1,api
2026-09-03,surfshark,CR,1,api
2026-09-03,surfshark,CY,1,api
2026-09-03,surfshark,CZ,1,api
2026-09-03,surfshark,DE,2,api
2026-09-03,surfshark,DK,1,api
2026-09-03,surfshark,DZ,1,api
2026-09-03,surfshark,EC,1,api
2026-09-03,surfshark,EE,1,api
2026-09-03,surfshark,EG,1,api
2026-09-03,surfshark,ES,3,api
2026-09-03,surfshark,FI,1,api
2026-09-03,surfshark,FR,3,api
2026-09-03,surfshark,GB,4,api
2026-09-03,surfshark,GE,1,api
2026-09-03,surfshark,GH,1,api
2026-09-03,surfshark,GL,1,api
2026-09-03,surfshark,GR,1,api
2026-09-03,surfshark,HK,1,api
2026-09-03,surfshark,HR,1,api
2026-09-03,surfshark,HU,1,api
2026-09-03,surfshark,ID,1,api
2026-09-03,surfshark,IE,1,api
2026-09-03,surfshark,IL,1,api
2026-09-03,surfshark,IM,1,api
2026-09-03,surfshark,IN,2,api
2026-09-03,surfshark,IS,1,api
2026-09-03,surfshark,IT,2,api
2026-09-03,surfshark,JP,1,api
2026-09-03,surfshark,KH,1,api
2026-09-03,surfshark,KR,1,api
2026-09-03,surfshark,KZ,1,api
2026-09-03,surfshark,LA,1,api
2026-09-03,surfshark,LI,1,api
2026-09-03,surfshark,LK,1,api
2026-09-03,surfshark,LT,1,api
2026-09-03,surfshark,LU,1,api
2026-09-03,surfshark,LV,1,api
2026-09-03,surfshark,MA,1,api
2026-09-03,surfshark,MC,1,api
2026-09-03,surfshark,MD,1,api
2026-09-03,surfshark,ME,1,api
2026-09-03,surfshark,MK,1,api
2026-09-03,surfshark,MM,1,api
2026-09-03,surfshark,MN,1,api
2026-09-03,surfshark,MO,1,api
2026-09-03,surfshark,MT,1,api
2026-09-03,surfshark,MX,1,api
2026-09-03,surfshark,MY,1,api
2026-09-03,surfshark,NG,1,api
2026-09-03,surfshark,NL,1,api
2026-09-03,surfshark,NO,1,api
2026-09-03,surfshark,NP,1,api
2026-09-03,surfshark,NZ,1,api
2026-09-03,surfshark,PA,1,api
2026-09-03,surfshark,PE,1,api
2026-09-03,surfshark,PH,1,api
2026-09-03,surfshark,PK,1,api
2026-09-03,surfshark,PL,2,api
2026-09-03,surfshark,PR,1,api
2026-09-03,surfshark,PT,2,api
2026-09-03,surfshark,PY,1,api
2026-09-03,surfshark,RO,1,api
2026-09-03,surfshark,RS,1,api
2026-09-03,surfshark,SA,1,api
2026-09-03,surfshark,SE,1,api
2026-09-03,surfshark,SG,1,api
2026-09-03,surfshark,SI,1,api
2026-09-03,surfshark,SK,1,api
2026-09-03,surfshark,TH,1,api
2026-09-03,surfshark,TR,1,api
2026-09-03,surfshark,TW,1,api
2026-09-03,surfshark,UA,1,api
2026-09-03,surfshark,US,24,api
2026-09-03,surfshark,UY,1,api
2026-09-03,surfshark,UZ,1,api
2026-09-03,surfshark,VE,1,api
2026-09-03,surfshark,VN,1,api
2026-09-03,surfshark,ZA,1,api
2026-09-03,windscribe,AE,1,api
2026-09-03,windscribe,AL,1,api
2026-09-03,windscribe,AR,1,api
2026-09-03,windscribe,AT,1,api
2026-09-03,windscribe,AU,1,api
2026-09-03,windscribe,BA,1,api
2026-09-03,windscribe,BE,1,api
2026-09-03,windscribe,BG,1,api
2026-09-03,windscribe,BR,1,api
2026-09-03,windscribe,CA,2,api
2026-09-03,windscribe,CH,1,api
2026-09-03,windscribe,CL,1,api
2026-09-03,windscribe,CO,1,api
2026-09-03,windscribe,CY,1,api
2026-09-03,windscribe,CZ,1,api
2026-09-03,windscribe,DE,1,api
2026-09-03,windscribe,DK,1,api
2026-09-03,windscribe,EC,1,api
2026-09-03,windscribe,EE,1,api
2026-09-03,windscribe,ES,1,api
2026-09-03,windscribe,FI,1,api
2026-09-03,windscribe,FR,1,api
2026-09-03,windscribe,GB,1,api
2026-09-03,windscribe,GE,1,api
2026-09-03,windscribe,GR,1,api
2026-09-03,windscribe,GT,1,api
2026-09-03,windscribe,HK,1,api
2026-09-03,windscribe,HR,1,api
2026-09-03,windscribe,HU,1,api
2026-09-03,windscribe,ID,1,api
2026-09-03,windscribe,IE,1,api
2026-09-03,windscribe,IL,1,api
2026-09-03,windscribe,IN,1,api
2026-09-03,windscribe,IS,1,api
2026-09-03,windscribe,IT,1,api
2026-09-03,windscribe,JP,1,api
2026-09-03,windscribe,KE,1,api
2026-09-03,windscribe,KR,1,api
2026-09-03,windscribe,LT,1,api
2026-09-03,windscribe,LU,1,api
2026-09-03,windscribe,LV,1,api
2026-09-03,windscribe,MD,1,api
2026-09-03,windscribe,MK,1,api
2026-09-03,windscribe,MX,1,api
2026-09-03,windscribe,MY,1,api
2026-09-03,windscribe,NG,1,api
2026-09-03,windscribe,NL,1,api
2026-09-03,windscribe,NO,1,api
2026-09-03,windscribe,NZ,1,api
2026-09-03,windscribe,PA,1,api
2026-09-03,windscribe,PE,1,api
2026-09-03,windscribe,PH,1,api
2026-09-03,windscribe,PL,1,api
2026-09-03,windscribe,PT,1,api
2026-09-03,windscribe,PY,1,api
2026-09-03,windscribe,RO,1,api
2026-09-03,windscribe,RS,1,api
2026-09-03,windscribe,RU,1,api
2026-09-03,windscribe,SE,1,api
2026-09-03,windscribe,SG,1,api
2026-09-03,windscribe,SI,1,api
2026-09-03,windscribe,SK,1,api
2026-09-03,windscribe,SV,1,api
2026-09-03,windscribe,TH,1,api
2026-09-03,windscribe,TR,1,api
2026-09-03,windscribe,UA,1,api
2026-09-03,windscribe,US,3,api
2026-09-03,windscribe,UY,1,api
2026-09-03,windscribe,VN,1,api
2026-09-03,windscribe,ZA,1,api
