date,vpn,country_code,servers
2026-08-26,mullvad,AL,4
2026-08-26,mullvad,AR,2
2026-08-26,mullvad,AT,5
2026-08-26,mullvad,AU,23
2026-08-26,mullvad,BE,3
2026-08-26,mullvad,BG,2
2026-08-26,mullvad,BR,7
2026-08-26,mullvad,CA,30
2026-08-26,mullvad,CH,17
2026-08-26,mullvad,CL,2
2026-08-26,mullvad,CO,2
2026-08-26,mullvad,CY,2
2026-08-26,mullvad,CZ,5
2026-08-26,mullvad,DE,32
2026-08-26,mullvad,DK,7
2026-08-26,mullvad,EE,6
2026-08-26,mullvad,ES,11
2026-08-26,mullvad,FI,11
2026-08-26,mullvad,FR,16
2026-08-26,mullvad,GB,27
2026-08-26,mullvad,GR,2
2026-08-26,mullvad,HK,7
2026-08-26,mullvad,HR,2
2026-08-26,mullvad,HU,4
2026-08-26,mullvad,ID,2
2026-08-26,mullvad,IE,3
2026-08-26,mullvad,IL,3
2026-08-26,mullvad,IT,7
2026-08-26,mullvad,JP,9
2026-08-26,mullvad,MX,4
2026-08-26,mullvad,MY,2
2026-08-26,mullvad,NG,2
2026-08-26,mullvad,NL,20
2026-08-26,mullvad,NO,10
2026-08-26,mullvad,NZ,3
2026-08-26,mullvad,PE,2
2026-08-26,mullvad,PH,2
2026-08-26,mullvad,PL,5
2026-08-26,mullvad,PT,4
2026-08-26,mullvad,RO,3
2026-08-26,mullvad,RS,2
2026-08-26,mullvad,SE,41
2026-08-26,mullvad,SG,6
2026-08-26,mullvad,SI,2
2026-08-26,mullvad,SK,2
2026-08-26,mullvad,TH,2
2026-08-26,mullvad,TR,2
2026-08-26,mullvad,UA,2
2026-08-26,mullvad,US,218
2026-08-26,mullvad,ZA,2
2026-08-26,nordvpn,AD,8
2026-08-26,nordvpn,AE,19
2026-08-26,nordvpn,AF,4
2026-08-26,nordvpn,AL,72
2026-08-26,nordvpn,AM,4
2026-08-26,nordvpn,AO,2
2026-08-26,nordvpn,AR,19
2026-08-26,nordvpn,AT,64
2026-08-26,nordvpn,AU,245
2026-08-26,nordvpn,AZ,2
2026-08-26,nordvpn,BA,4
2026-08-26,nordvpn,BB,2
2026-08-26,nordvpn,BD,2
2026-08-26,nordvpn,BE,64
2026-08-26,nordvpn,BF,2
2026-08-26,nordvpn,BG,15
2026-08-26,nordvpn,BH,2
2026-08-26,nordvpn,BJ,2
2026-08-26,nordvpn,BM,3
2026-08-26,nordvpn,BN,2
2026-08-26,nordvpn,BO,2
2026-08-26,nordvpn,BR,45
2026-08-26,nordvpn,BS,5
2026-08-26,nordvpn,BT,2
2026-08-26,nordvpn,BW,2
2026-08-26,nordvpn,BZ,2
2026-08-26,nordvpn,CA,536
2026-08-26,nordvpn,CH,173
2026-08-26,nordvpn,CL,7
2026-08-26,nordvpn,CO,20
2026-08-26,nordvpn,CR,6
2026-08-26,nordvpn,CV,2
2026-08-26,nordvpn,CY,12
2026-08-26,nordvpn,CZ,57
2026-08-26,nordvpn,DE,400
2026-08-26,nordvpn,DK,73
2026-08-26,nordvpn,DO,5
2026-08-26,nordvpn,DZ,4
2026-08-26,nordvpn,EC,2
2026-08-26,nordvpn,EE,10
2026-08-26,nordvpn,EG,2
2026-08-26,nordvpn,ES,121
2026-08-26,nordvpn,ET,2
2026-08-26,nordvpn,FI,23
2026-08-26,nordvpn,FJ,2
2026-08-26,nordvpn,FR,346
2026-08-26,nordvpn,GB,916
2026-08-26,nordvpn,GE,3
2026-08-26,nordvpn,GH,2
2026-08-26,nordvpn,GL,2
2026-08-26,nordvpn,GM,2
2026-08-26,nordvpn,GR,32
2026-08-26,nordvpn,GT,2
2026-08-26,nordvpn,GU,2
2026-08-26,nordvpn,GY,1
2026-08-26,nordvpn,HK,33
2026-08-26,nordvpn,HN,2
2026-08-26,nordvpn,HR,16
2026-08-26,nordvpn,HU,24
2026-08-26,nordvpn,ID,16
2026-08-26,nordvpn,IE,92
2026-08-26,nordvpn,IL,24
2026-08-26,nordvpn,IM,3
2026-08-26,nordvpn,IN,34
2026-08-26,nordvpn,IQ,2
2026-08-26,nordvpn,IS,14
2026-08-26,nordvpn,IT,178
2026-08-26,nordvpn,JE,3
2026-08-26,nordvpn,JM,2
2026-08-26,nordvpn,JO,2
2026-08-26,nordvpn,JP,292
2026-08-26,nordvpn,KE,2
2026-08-26,nordvpn,KG,2
2026-08-26,nordvpn,KH,2
2026-08-26,nordvpn,KM,2
2026-08-26,nordvpn,KR,77
2026-08-26,nordvpn,KW,2
2026-08-26,nordvpn,KY,2
2026-08-26,nordvpn,KZ,2
2026-08-26,nordvpn,LA,2
2026-08-26,nordvpn,LB,2
2026-08-26,nordvpn,LC,2
2026-08-26,nordvpn,LI,2
2026-08-26,nordvpn,LK,2
2026-08-26,nordvpn,LR,2
2026-08-26,nordvpn,LT,17
2026-08-26,nordvpn,LU,16
2026-08-26,nordvpn,LV,10
2026-08-26,nordvpn,LY,2
2026-08-26,nordvpn,MA,4
2026-08-26,nordvpn,MC,6
2026-08-26,nordvpn,MD,2
2026-08-26,nordvpn,ME,2
2026-08-26,nordvpn,MG,2
2026-08-26,nordvpn,MK,2
2026-08-26,nordvpn,MM,2
2026-08-26,nordvpn,MN,2
2026-08-26,nordvpn,MR,2
2026-08-26,nordvpn,MT,4
2026-08-26,nordvpn,MU,2
2026-08-26,nordvpn,MV,2
2026-08-26,nordvpn,MW,2
2026-08-26,nordvpn,MX,62
2026-08-26,nordvpn,MY,10
2026-08-26,nordvpn,MZ,2
2026-08-26,nordvpn,NG,6
2026-08-26,nordvpn,NL,219
2026-08-26,nordvpn,NO,92
2026-08-26,nordvpn,NP,2
2026-08-26,nordvpn,NZ,35
2026-08-26,nordvpn,PA,3
2026-08-26,nordvpn,PE,2
2026-08-26,nordvpn,PG,2
2026-08-26,nordvpn,PH,10
2026-08-26,nordvpn,PK,2
2026-08-26,nordvpn,PL,65
2026-08-26,nordvpn,PR,2
2026-08-26,nordvpn,PT,41
2026-08-26,nordvpn,PY,2
2026-08-26,nordvpn,QA,2
2026-08-26,nordvpn,RO,29
2026-08-26,nordvpn,RS,15
2026-08-26,nordvpn,SC,2
2026-08-26,nordvpn,SE,180
2026-08-26,nordvpn,SG,85
2026-08-26,nordvpn,SI,2
2026-08-26,nordvpn,SK,13
2026-08-26,nordvpn,SL,2
2026-08-26,nordvpn,SN,2
2026-08-26,nordvpn,SO,2
2026-08-26,nordvpn,SR,2
2026-08-26,nordvpn,SV,2
2026-08-26,nordvpn,TD,2
2026-08-26,nordvpn,TH,16
2026-08-26,nordvpn,TJ,2
2026-08-26,nordvpn,TN,2
2026-08-26,nordvpn,TR,26
2026-08-26,nordvpn,TT,2
2026-08-26,nordvpn,TW,40
2026-08-26,nordvpn,TZ,2
2026-08-26,nordvpn,UA,12
2026-08-26,nordvpn,US,3110
2026-08-26,nordvpn,UY,2
2026-08-26,nordvpn,UZ,2
2026-08-26,nordvpn,VE,2
2026-08-26,nordvpn,VN,10
2026-08-26,nordvpn,YE,2
2026-08-26,nordvpn,ZA,26
2026-08-26,nordvpn,ZM,2
2026-08-27,mullvad,AL,4
2026-08-27,mullvad,AR,2
2026-08-27,mullvad,AT,5
2026-08-27,mullvad,AU,23
2026-08-27,mullvad,BE,3
2026-08-27,mullvad,BG,2
2026-08-27,mullvad,BR,7
2026-08-27,mullvad,CA,30
2026-08-27,mullvad,CH,17
2026-08-27,mullvad,CL,2
2026-08-27,mullvad,CO,2
2026-08-27,mullvad,CY,2
2026-08-27,mullvad,CZ,5
2026-08-27,mullvad,DE,25
2026-08-27,mullvad,DK,7
2026-08-27,mullvad,EE,3
2026-08-27,mullvad,ES,11
2026-08-27,mullvad,FI,11
2026-08-27,mullvad,FR,16
2026-08-27,mullvad,GB,23
2026-08-27,mullvad,GR,2
2026-08-27,mullvad,HK,6
2026-08-27,mullvad,HR,2
2026-08-27,mullvad,HU,4
2026-08-27,mullvad,ID,2
2026-08-27,mullvad,IE,3
2026-08-27,mullvad,IL,3
2026-08-27,mullvad,IT,7
2026-08-27,mullvad,JP,9
2026-08-27,mullvad,MX,4
2026-08-27,mullvad,MY,2
2026-08-27,mullvad,NG,2
2026-08-27,mullvad,NL,17
2026-08-27,mullvad,NO,10
2026-08-27,mullvad,NZ,3
2026-08-27,mullvad,PE,2
2026-08-27,mullvad,PH,2
2026-08-27,mullvad,PL,5
2026-08-27,mullvad,PT,4
2026-08-27,mullvad,RO,3
2026-08-27,mullvad,RS,2
2026-08-27,mullvad,SE,41
2026-08-27,mullvad,SG,6
2026-08-27,mullvad,SI,2
2026-08-27,mullvad,SK,2
2026-08-27,mullvad,TH,2
2026-08-27,mullvad,TR,2
2026-08-27,mullvad,UA,2
2026-08-27,mullvad,US,216
2026-08-27,mullvad,ZA,2
2026-08-27,nordvpn,AD,8
2026-08-27,nordvpn,AE,21
2026-08-27,nordvpn,AF,4
2026-08-27,nordvpn,AL,72
2026-08-27,nordvpn,AM,4
2026-08-27,nordvpn,AO,2
2026-08-27,nordvpn,AR,20
2026-08-27,nordvpn,AT,64
2026-08-27,nordvpn,AU,221
2026-08-27,nordvpn,AZ,2
2026-08-27,nordvpn,BA,4
2026-08-27,nordvpn,BB,2
2026-08-27,nordvpn,BD,2
2026-08-27,nordvpn,BE,64
2026-08-27,nordvpn,BF,2
2026-08-27,nordvpn,BG,15
2026-08-27,nordvpn,BH,2
2026-08-27,nordvpn,BJ,2
2026-08-27,nordvpn,BM,3
2026-08-27,nordvpn,BN,2
2026-08-27,nordvpn,BO,2
2026-08-27,nordvpn,BR,42
2026-08-27,nordvpn,BS,5
2026-08-27,nordvpn,BT,2
2026-08-27,nordvpn,BW,2
2026-08-27,nordvpn,BZ,2
2026-08-27,nordvpn,CA,549
2026-08-27,nordvpn,CH,168
2026-08-27,nordvpn,CL,7
2026-08-27,nordvpn,CO,20
2026-08-27,nordvpn,CR,6
2026-08-27,nordvpn,CV,2
2026-08-27,nordvpn,CY,12
2026-08-27,nordvpn,CZ,57
2026-08-27,nordvpn,DE,418
2026-08-27,nordvpn,DK,73
2026-08-27,nordvpn,DO,5
2026-08-27,nordvpn,DZ,4
2026-08-27,nordvpn,EC,2
2026-08-27,nordvpn,EE,10
2026-08-27,nordvpn,EG,2
2026-08-27,nordvpn,ES,121
2026-08-27,nordvpn,ET,2
2026-08-27,nordvpn,FI,23
2026-08-27,nordvpn,FJ,2
2026-08-27,nordvpn,FR,346
2026-08-27,nordvpn,GB,916
2026-08-27,nordvpn,GE,2
2026-08-27,nordvpn,GH,2
2026-08-27,nordvpn,GL,2
2026-08-27,nordvpn,GM,2
2026-08-27,nordvpn,GR,32
2026-08-27,nordvpn,GT,2
2026-08-27,nordvpn,GU,2
2026-08-27,nordvpn,GY,1
2026-08-27,nordvpn,HK,33
2026-08-27,nordvpn,HN,2
2026-08-27,nordvpn,HR,16
2026-08-27,nordvpn,HU,24
2026-08-27,nordvpn,ID,16
2026-08-27,nordvpn,IE,94
2026-08-27,nordvpn,IL,24
2026-08-27,nordvpn,IM,3
2026-08-27,nordvpn,IN,33
2026-08-27,nordvpn,IQ,2
2026-08-27,nordvpn,IS,14
2026-08-27,nordvpn,IT,178
2026-08-27,nordvpn,JE,3
2026-08-27,nordvpn,JM,2
2026-08-27,nordvpn,JO,2
2026-08-27,nordvpn,JP,212
2026-08-27,nordvpn,KE,2
2026-08-27,nordvpn,KG,2
2026-08-27,nordvpn,KH,2
2026-08-27,nordvpn,KM,2
2026-08-27,nordvpn,KR,77
2026-08-27,nordvpn,KW,2
2026-08-27,nordvpn,KY,2
2026-08-27,nordvpn,KZ,2
2026-08-27,nordvpn,LA,2
2026-08-27,nordvpn,LB,2
2026-08-27,nordvpn,LC,2
2026-08-27,nordvpn,LI,2
2026-08-27,nordvpn,LK,2
2026-08-27,nordvpn,LR,2
2026-08-27,nordvpn,LT,17
2026-08-27,nordvpn,LU,16
2026-08-27,nordvpn,LV,10
2026-08-27,nordvpn,LY,2
2026-08-27,nordvpn,MA,4
2026-08-27,nordvpn,MC,6
2026-08-27,nordvpn,MD,2
2026-08-27,nordvpn,ME,2
2026-08-27,nordvpn,MG,2
2026-08-27,nordvpn,MK,2
2026-08-27,nordvpn,MM,2
2026-08-27,nordvpn,MN,2
2026-08-27,nordvpn,MR,2
2026-08-27,nordvpn,MT,4
2026-08-27,nordvpn,MU,2
2026-08-27,nordvpn,MV,2
2026-08-27,nordvpn,MW,2
2026-08-27,nordvpn,MX,62
2026-08-27,nordvpn,MY,10
2026-08-27,nordvpn,MZ,2
2026-08-27,nordvpn,NG,6
2026-08-27,nordvpn,NL,219
2026-08-27,nordvpn,NO,92
2026-08-27,nordvpn,NP,2
2026-08-27,nordvpn,NZ,35
2026-08-27,nordvpn,PA,3
2026-08-27,nordvpn,PE,2
2026-08-27,nordvpn,PG,2
2026-08-27,nordvpn,PH,10
2026-08-27,nordvpn,PK,2
2026-08-27,nordvpn,PL,65
2026-08-27,nordvpn,PR,2
2026-08-27,nordvpn,PT,41
2026-08-27,nordvpn,PY,2
2026-08-27,nordvpn,QA,2
2026-08-27,nordvpn,RO,29
2026-08-27,nordvpn,RS,15
2026-08-27,nordvpn,SC,2
2026-08-27,nordvpn,SE,185
2026-08-27,nordvpn,SG,85
2026-08-27,nordvpn,SI,6
2026-08-27,nordvpn,SK,12
2026-08-27,nordvpn,SL,2
2026-08-27,nordvpn,SN,2
2026-08-27,nordvpn,SO,2
2026-08-27,nordvpn,SR,2
2026-08-27,nordvpn,SV,2
2026-08-27,nordvpn,TD,2
2026-08-27,nordvpn,TH,16
2026-08-27,nordvpn,TJ,2
2026-08-27,nordvpn,TN,2
2026-08-27,nordvpn,TR,26
2026-08-27,nordvpn,TT,2
2026-08-27,nordvpn,TW,40
2026-08-27,nordvpn,TZ,2
2026-08-27,nordvpn,UA,12
2026-08-27,nordvpn,US,2996
2026-08-27,nordvpn,UY,2
2026-08-27,nordvpn,UZ,2
2026-08-27,nordvpn,VE,2
2026-08-27,nordvpn,VN,10
2026-08-27,nordvpn,YE,2
2026-08-27,nordvpn,ZA,26
2026-08-27,nordvpn,ZM,2
2026-08-28,cyberghost,AD,50
2026-08-28,cyberghost,AE,12
2026-08-28,cyberghost,AL,34
2026-08-28,cyberghost,AM,26
2026-08-28,cyberghost,AR,76
2026-08-28,cyberghost,AT,376
2026-08-28,cyberghost,AU,217
2026-08-28,cyberghost,BA,24
2026-08-28,cyberghost,BD,58
2026-08-28,cyberghost,BE,221
2026-08-28,cyberghost,BG,29
2026-08-28,cyberghost,BO,28
2026-08-28,cyberghost,BR,72
2026-08-28,cyberghost,BS,22
2026-08-28,cyberghost,BY,36
2026-08-28,cyberghost,CA,307
2026-08-28,cyberghost,CH,182
2026-08-28,cyberghost,CL,24
2026-08-28,cyberghost,CN,12
2026-08-28,cyberghost,CO,52
2026-08-28,cyberghost,CR,24
2026-08-28,cyberghost,CY,34
2026-08-28,cyberghost,CZ,76
2026-08-28,cyberghost,DE,1333
2026-08-28,cyberghost,DK,96
2026-08-28,cyberghost,DO,28
2026-08-28,cyberghost,DZ,34
2026-08-28,cyberghost,EC,28
2026-08-28,cyberghost,EE,24
2026-08-28,cyberghost,EG,40
2026-08-28,cyberghost,ES,205
2026-08-28,cyberghost,FI,68
2026-08-28,cyberghost,FR,776
2026-08-28,cyberghost,GB,523
2026-08-28,cyberghost,GE,28
2026-08-28,cyberghost,GL,30
2026-08-28,cyberghost,GR,116
2026-08-28,cyberghost,GT,28
2026-08-28,cyberghost,HK,74
2026-08-28,cyberghost,HR,66
2026-08-28,cyberghost,HU,24
2026-08-28,cyberghost,ID,12
2026-08-28,cyberghost,IE,113
2026-08-28,cyberghost,IL,123
2026-08-28,cyberghost,IM,28
2026-08-28,cyberghost,IN,60
2026-08-28,cyberghost,IR,27
2026-08-28,cyberghost,IS,24
2026-08-28,cyberghost,IT,178
2026-08-28,cyberghost,JP,108
2026-08-28,cyberghost,KE,10
2026-08-28,cyberghost,KH,23
2026-08-28,cyberghost,KR,84
2026-08-28,cyberghost,KZ,28
2026-08-28,cyberghost,LA,12
2026-08-28,cyberghost,LI,28
2026-08-28,cyberghost,LK,43
2026-08-28,cyberghost,LT,22
2026-08-28,cyberghost,LU,31
2026-08-28,cyberghost,LV,36
2026-08-28,cyberghost,MA,26
2026-08-28,cyberghost,MC,38
2026-08-28,cyberghost,MD,18
2026-08-28,cyberghost,ME,15
2026-08-28,cyberghost,MK,9
2026-08-28,cyberghost,MM,12
2026-08-28,cyberghost,MN,11
2026-08-28,cyberghost,MO,15
2026-08-28,cyberghost,MT,35
2026-08-28,cyberghost,MX,50
2026-08-28,cyberghost,MY,37
2026-08-28,cyberghost,NG,26
2026-08-28,cyberghost,NL,317
2026-08-28,cyberghost,NO,46
2026-08-28,cyberghost,NP,13
2026-08-28,cyberghost,NZ,107
2026-08-28,cyberghost,PA,30
2026-08-28,cyberghost,PE,28
2026-08-28,cyberghost,PH,40
2026-08-28,cyberghost,PK,11
2026-08-28,cyberghost,PL,72
2026-08-28,cyberghost,PT,50
2026-08-28,cyberghost,QA,14
2026-08-28,cyberghost,RO,107
2026-08-28,cyberghost,RS,15
2026-08-28,cyberghost,RU,60
2026-08-28,cyberghost,SA,14
2026-08-28,cyberghost,SE,112
2026-08-28,cyberghost,SG,24
2026-08-28,cyberghost,SI,12
2026-08-28,cyberghost,SK,52
2026-08-28,cyberghost,TH,48
2026-08-28,cyberghost,TR,26
2026-08-28,cyberghost,TW,46
2026-08-28,cyberghost,UA,30
2026-08-28,cyberghost,US,1563
2026-08-28,cyberghost,UY,28
2026-08-28,cyberghost,VE,14
2026-08-28,cyberghost,VN,46
2026-08-28,cyberghost,ZA,67
2026-08-28,mullvad,AL,4
2026-08-28,mullvad,AR,2
2026-08-28,mullvad,AT,5
2026-08-28,mullvad,AU,23
2026-08-28,mullvad,BE,3
2026-08-28,mullvad,BG,2
2026-08-28,mullvad,BR,7
2026-08-28,mullvad,CA,30
2026-08-28,mullvad,CH,17
2026-08-28,mullvad,CL,2
2026-08-28,mullvad,CO,2
2026-08-28,mullvad,CY,2
2026-08-28,mullvad,CZ,5
2026-08-28,mullvad,DE,25
2026-08-28,mullvad,DK,7
2026-08-28,mullvad,EE,3
2026-08-28,mullvad,ES,11
2026-08-28,mullvad,FI,11
2026-08-28,mullvad,FR,16
2026-08-28,mullvad,GB,23
2026-08-28,mullvad,GR,2
2026-08-28,mullvad,HK,6
2026-08-28,mullvad,HR,2
2026-08-28,mullvad,HU,4
2026-08-28,mullvad,ID,2
2026-08-28,mullvad,IE,3
2026-08-28,mullvad,IL,3
2026-08-28,mullvad,IT,7
2026-08-28,mullvad,JP,9
2026-08-28,mullvad,MX,4
2026-08-28,mullvad,MY,2
2026-08-28,mullvad,NG,2
2026-08-28,mullvad,NL,17
2026-08-28,mullvad,NO,10
2026-08-28,mullvad,NZ,3
2026-08-28,mullvad,PE,2
2026-08-28,mullvad,PH,2
2026-08-28,mullvad,PL,5
2026-08-28,mullvad,PT,4
2026-08-28,mullvad,RO,3
2026-08-28,mullvad,RS,2
2026-08-28,mullvad,SE,41
2026-08-28,mullvad,SG,6
2026-08-28,mullvad,SI,2
2026-08-28,mullvad,SK,2
2026-08-28,mullvad,TH,2
2026-08-28,mullvad,TR,2
2026-08-28,mullvad,UA,2
2026-08-28,mullvad,US,216
2026-08-28,mullvad,ZA,2
2026-08-28,nordvpn,AD,8
2026-08-28,nordvpn,AE,21
2026-08-28,nordvpn,AF,4
2026-08-28,nordvpn,AL,72
2026-08-28,nordvpn,AM,4
2026-08-28,nordvpn,AO,2
2026-08-28,nordvpn,AR,20
2026-08-28,nordvpn,AT,68
2026-08-28,nordvpn,AU,221
2026-08-28,nordvpn,AZ,2
2026-08-28,nordvpn,BA,4
2026-08-28,nordvpn,BB,2
2026-08-28,nordvpn,BD,2
2026-08-28,nordvpn,BE,72
2026-08-28,nordvpn,BF,2
2026-08-28,nordvpn,BG,15
2026-08-28,nordvpn,BH,2
2026-08-28,nordvpn,BJ,2
2026-08-28,nordvpn,BM,3
2026-08-28,nordvpn,BN,2
2026-08-28,nordvpn,BO,2
2026-08-28,nordvpn,BR,47
2026-08-28,nordvpn,BS,5
2026-08-28,nordvpn,BT,2
2026-08-28,nordvpn,BW,2
2026-08-28,nordvpn,BZ,2
2026-08-28,nordvpn,CA,548
2026-08-28,nordvpn,CH,168
2026-08-28,nordvpn,CL,7
2026-08-28,nordvpn,CO,20
2026-08-28,nordvpn,CR,6
2026-08-28,nordvpn,CV,2
2026-08-28,nordvpn,CY,12
2026-08-28,nordvpn,CZ,54
2026-08-28,nordvpn,DE,394
2026-08-28,nordvpn,DK,73
2026-08-28,nordvpn,DO,5
2026-08-28,nordvpn,DZ,4
2026-08-28,nordvpn,EC,2
2026-08-28,nordvpn,EE,10
2026-08-28,nordvpn,EG,2
2026-08-28,nordvpn,ES,121
2026-08-28,nordvpn,ET,2
2026-08-28,nordvpn,FI,23
2026-08-28,nordvpn,FJ,2
2026-08-28,nordvpn,FR,346
2026-08-28,nordvpn,GB,914
2026-08-28,nordvpn,GE,2
2026-08-28,nordvpn,GH,2
2026-08-28,nordvpn,GL,2
2026-08-28,nordvpn,GM,2
2026-08-28,nordvpn,GR,32
2026-08-28,nordvpn,GT,2
2026-08-28,nordvpn,GU,2
2026-08-28,nordvpn,GY,1
2026-08-28,nordvpn,HK,33
2026-08-28,nordvpn,HN,2
2026-08-28,nordvpn,HR,16
2026-08-28,nordvpn,HU,27
2026-08-28,nordvpn,ID,16
2026-08-28,nordvpn,IE,94
2026-08-28,nordvpn,IL,24
2026-08-28,nordvpn,IM,3
2026-08-28,nordvpn,IN,33
2026-08-28,nordvpn,IQ,2
2026-08-28,nordvpn,IS,14
2026-08-28,nordvpn,IT,176
2026-08-28,nordvpn,JE,3
2026-08-28,nordvpn,JM,2
2026-08-28,nordvpn,JO,2
2026-08-28,nordvpn,JP,212
2026-08-28,nordvpn,KE,2
2026-08-28,nordvpn,KG,2
2026-08-28,nordvpn,KH,2
2026-08-28,nordvpn,KM,2
2026-08-28,nordvpn,KR,77
2026-08-28,nordvpn,KW,2
2026-08-28,nordvpn,KY,2
2026-08-28,nordvpn,KZ,2
2026-08-28,nordvpn,LA,2
2026-08-28,nordvpn,LB,2
2026-08-28,nordvpn,LC,2
2026-08-28,nordvpn,LI,2
2026-08-28,nordvpn,LK,2
2026-08-28,nordvpn,LR,2
2026-08-28,nordvpn,LT,17
2026-08-28,nordvpn,LU,16
2026-08-28,nordvpn,LV,10
2026-08-28,nordvpn,LY,2
2026-08-28,nordvpn,MA,4
2026-08-28,nordvpn,MC,6
2026-08-28,nordvpn,MD,2
2026-08-28,nordvpn,ME,2
2026-08-28,nordvpn,MG,2
2026-08-28,nordvpn,MK,2
2026-08-28,nordvpn,MM,2
2026-08-28,nordvpn,MN,2
2026-08-28,nordvpn,MR,2
2026-08-28,nordvpn,MT,4
2026-08-28,nordvpn,MU,2
2026-08-28,nordvpn,MV,2
2026-08-28,nordvpn,MW,2
2026-08-28,nordvpn,MX,62
2026-08-28,nordvpn,MY,10
2026-08-28,nordvpn,MZ,2
2026-08-28,nordvpn,NG,6
2026-08-28,nordvpn,NL,219
2026-08-28,nordvpn,NO,92
2026-08-28,nordvpn,NP,2
2026-08-28,nordvpn,NZ,33
2026-08-28,nordvpn,PA,3
2026-08-28,nordvpn,PE,2
2026-08-28,nordvpn,PG,2
2026-08-28,nordvpn,PH,10
2026-08-28,nordvpn,PK,2
2026-08-28,nordvpn,PL,65
2026-08-28,nordvpn,PR,2
2026-08-28,nordvpn,PT,41
2026-08-28,nordvpn,PY,2
2026-08-28,nordvpn,QA,2
2026-08-28,nordvpn,RO,29
2026-08-28,nordvpn,RS,15
2026-08-28,nordvpn,SC,2
2026-08-28,nordvpn,SE,184
2026-08-28,nordvpn,SG,85
2026-08-28,nordvpn,SI,6
2026-08-28,nordvpn,SK,15
2026-08-28,nordvpn,SL,2
2026-08-28,nordvpn,SN,2
2026-08-28,nordvpn,SO,2
2026-08-28,nordvpn,SR,2
2026-08-28,nordvpn,SV,2
2026-08-28,nordvpn,TD,2
2026-08-28,nordvpn,TH,16
2026-08-28,nordvpn,TJ,2
2026-08-28,nordvpn,TN,2
2026-08-28,nordvpn,TR,26
2026-08-28,nordvpn,TT,2
2026-08-28,nordvpn,TW,40
2026-08-28,nordvpn,TZ,2
2026-08-28,nordvpn,UA,12
2026-08-28,nordvpn,US,2993
2026-08-28,nordvpn,UY,2
2026-08-28,nordvpn,UZ,2
2026-08-28,nordvpn,VE,2
2026-08-28,nordvpn,VN,10
2026-08-28,nordvpn,YE,2
2026-08-28,nordvpn,ZA,26
2026-08-28,nordvpn,ZM,2
2026-08-29,cyberghost,AD,50
2026-08-29,cyberghost,AE,12
2026-08-29,cyberghost,AL,34
2026-08-29,cyberghost,AM,26
2026-08-29,cyberghost,AR,76
2026-08-29,cyberghost,AT,376
2026-08-29,cyberghost,AU,217
2026-08-29,cyberghost,BA,24
2026-08-29,cyberghost,BD,58
2026-08-29,cyberghost,BE,221
2026-08-29,cyberghost,BG,29
2026-08-29,cyberghost,BO,28
2026-08-29,cyberghost,BR,72
2026-08-29,cyberghost,BS,22
2026-08-29,cyberghost,BY,36
2026-08-29,cyberghost,CA,307
2026-08-29,cyberghost,CH,182
2026-08-29,cyberghost,CL,24
2026-08-29,cyberghost,CN,12
2026-08-29,cyberghost,CO,52
2026-08-29,cyberghost,CR,24
2026-08-29,cyberghost,CY,34
2026-08-29,cyberghost,CZ,76
2026-08-29,cyberghost,DE,1333
2026-08-29,cyberghost,DK,96
2026-08-29,cyberghost,DO,28
2026-08-29,cyberghost,DZ,34
2026-08-29,cyberghost,EC,28
2026-08-29,cyberghost,EE,24
2026-08-29,cyberghost,EG,40
2026-08-29,cyberghost,ES,205
2026-08-29,cyberghost,FI,68
2026-08-29,cyberghost,FR,776
2026-08-29,cyberghost,GB,523
2026-08-29,cyberghost,GE,28
2026-08-29,cyberghost,GL,30
2026-08-29,cyberghost,GR,116
2026-08-29,cyberghost,GT,28
2026-08-29,cyberghost,HK,74
2026-08-29,cyberghost,HR,66
2026-08-29,cyberghost,HU,24
2026-08-29,cyberghost,ID,12
2026-08-29,cyberghost,IE,113
2026-08-29,cyberghost,IL,123
2026-08-29,cyberghost,IM,28
2026-08-29,cyberghost,IN,60
2026-08-29,cyberghost,IR,27
2026-08-29,cyberghost,IS,24
2026-08-29,cyberghost,IT,178
2026-08-29,cyberghost,JP,108
2026-08-29,cyberghost,KE,10
2026-08-29,cyberghost,KH,23
2026-08-29,cyberghost,KR,84
2026-08-29,cyberghost,KZ,28
2026-08-29,cyberghost,LA,12
2026-08-29,cyberghost,LI,28
2026-08-29,cyberghost,LK,43
2026-08-29,cyberghost,LT,22
2026-08-29,cyberghost,LU,31
2026-08-29,cyberghost,LV,36
2026-08-29,cyberghost,MA,26
2026-08-29,cyberghost,MC,38
2026-08-29,cyberghost,MD,18
2026-08-29,cyberghost,ME,15
2026-08-29,cyberghost,MK,9
2026-08-29,cyberghost,MM,12
2026-08-29,cyberghost,MN,11
2026-08-29,cyberghost,MO,15
2026-08-29,cyberghost,MT,35
2026-08-29,cyberghost,MX,50
2026-08-29,cyberghost,MY,37
2026-08-29,cyberghost,NG,26
2026-08-29,cyberghost,NL,317
2026-08-29,cyberghost,NO,46
2026-08-29,cyberghost,NP,13
2026-08-29,cyberghost,NZ,107
2026-08-29,cyberghost,PA,30
2026-08-29,cyberghost,PE,28
2026-08-29,cyberghost,PH,40
2026-08-29,cyberghost,PK,11
2026-08-29,cyberghost,PL,72
2026-08-29,cyberghost,PT,50
2026-08-29,cyberghost,QA,14
2026-08-29,cyberghost,RO,107
2026-08-29,cyberghost,RS,15
2026-08-29,cyberghost,RU,60
2026-08-29,cyberghost,SA,14
2026-08-29,cyberghost,SE,112
2026-08-29,cyberghost,SG,24
2026-08-29,cyberghost,SI,12
2026-08-29,cyberghost,SK,52
2026-08-29,cyberghost,TH,48
2026-08-29,cyberghost,TR,26
2026-08-29,cyberghost,TW,46
2026-08-29,cyberghost,UA,30
2026-08-29,cyberghost,US,1563
2026-08-29,cyberghost,UY,28
2026-08-29,cyberghost,VE,14
2026-08-29,cyberghost,VN,46
2026-08-29,cyberghost,ZA,67
2026-08-29,mullvad,AL,4
2026-08-29,mullvad,AR,2
2026-08-29,mullvad,AT,5
2026-08-29,mullvad,AU,23
2026-08-29,mullvad,BE,3
2026-08-29,mullvad,BG,2
2026-08-29,mullvad,BR,7
2026-08-29,mullvad,CA,30
2026-08-29,mullvad,CH,17
2026-08-29,mullvad,CL,2
2026-08-29,mullvad,CO,2
2026-08-29,mullvad,CY,2
2026-08-29,mullvad,CZ,5
2026-08-29,mullvad,DE,25
2026-08-29,mullvad,DK,7
2026-08-29,mullvad,EE,3
2026-08-29,mullvad,ES,11
2026-08-29,mullvad,FI,11
2026-08-29,mullvad,FR,16
2026-08-29,mullvad,GB,23
2026-08-29,mullvad,GR,2
2026-08-29,mullvad,HK,6
2026-08-29,mullvad,HR,2
2026-08-29,mullvad,HU,4
2026-08-29,mullvad,ID,2
2026-08-29,mullvad,IE,3
2026-08-29,mullvad,IL,3
2026-08-29,mullvad,IT,7
2026-08-29,mullvad,JP,9
2026-08-29,mullvad,MX,4
2026-08-29,mullvad,MY,2
2026-08-29,mullvad,NG,2
2026-08-29,mullvad,NL,17
2026-08-29,mullvad,NO,10
2026-08-29,mullvad,NZ,3
2026-08-29,mullvad,PE,2
2026-08-29,mullvad,PH,2
2026-08-29,mullvad,PL,5
2026-08-29,mullvad,PT,4
2026-08-29,mullvad,RO,3
2026-08-29,mullvad,RS,2
2026-08-29,mullvad,SE,41
2026-08-29,mullvad,SG,6
2026-08-29,mullvad,SI,2
2026-08-29,mullvad,SK,2
2026-08-29,mullvad,TH,2
2026-08-29,mullvad,TR,2
2026-08-29,mullvad,UA,2
2026-08-29,mullvad,US,216
2026-08-29,mullvad,ZA,2
2026-08-29,nordvpn,AD,8
2026-08-29,nordvpn,AE,21
2026-08-29,nordvpn,AF,4
2026-08-29,nordvpn,AL,72
2026-08-29,nordvpn,AM,4
2026-08-29,nordvpn,AO,2
2026-08-29,nordvpn,AR,20
2026-08-29,nordvpn,AT,68
2026-08-29,nordvpn,AU,221
2026-08-29,nordvpn,AZ,2
2026-08-29,nordvpn,BA,4
2026-08-29,nordvpn,BB,2
2026-08-29,nordvpn,BD,2
2026-08-29,nordvpn,BE,72
2026-08-29,nordvpn,BF,2
2026-08-29,nordvpn,BG,15
2026-08-29,nordvpn,BH,2
2026-08-29,nordvpn,BJ,2
2026-08-29,nordvpn,BM,3
2026-08-29,nordvpn,BN,2
2026-08-29,nordvpn,BO,2
2026-08-29,nordvpn,BR,47
2026-08-29,nordvpn,BS,5
2026-08-29,nordvpn,BT,2
2026-08-29,nordvpn,BW,2
2026-08-29,nordvpn,BZ,2
2026-08-29,nordvpn,CA,549
2026-08-29,nordvpn,CH,168
2026-08-29,nordvpn,CL,7
2026-08-29,nordvpn,CO,20
2026-08-29,nordvpn,CR,6
2026-08-29,nordvpn,CV,2
2026-08-29,nordvpn,CY,12
2026-08-29,nordvpn,CZ,54
2026-08-29,nordvpn,DE,394
2026-08-29,nordvpn,DK,73
2026-08-29,nordvpn,DO,5
2026-08-29,nordvpn,DZ,4
2026-08-29,nordvpn,EC,2
2026-08-29,nordvpn,EE,10
2026-08-29,nordvpn,EG,2
2026-08-29,nordvpn,ES,121
2026-08-29,nordvpn,ET,2
2026-08-29,nordvpn,FI,23
2026-08-29,nordvpn,FJ,2
2026-08-29,nordvpn,FR,346
2026-08-29,nordvpn,GB,915
2026-08-29,nordvpn,GE,2
2026-08-29,nordvpn,GH,2
2026-08-29,nordvpn,GL,2
2026-08-29,nordvpn,GM,2
2026-08-29,nordvpn,GR,32
2026-08-29,nordvpn,GT,2
2026-08-29,nordvpn,GU,2
2026-08-29,nordvpn,GY,1
2026-08-29,nordvpn,HK,33
2026-08-29,nordvpn,HN,2
2026-08-29,nordvpn,HR,16
2026-08-29,nordvpn,HU,28
2026-08-29,nordvpn,ID,16
2026-08-29,nordvpn,IE,94
2026-08-29,nordvpn,IL,24
2026-08-29,nordvpn,IM,3
2026-08-29,nordvpn,IN,33
2026-08-29,nordvpn,IQ,2
2026-08-29,nordvpn,IS,14
2026-08-29,nordvpn,IT,175
2026-08-29,nordvpn,JE,3
2026-08-29,nordvpn,JM,2
2026-08-29,nordvpn,JO,2
2026-08-29,nordvpn,JP,212
2026-08-29,nordvpn,KE,2
2026-08-29,nordvpn,KG,2
2026-08-29,nordvpn,KH,2
2026-08-29,nordvpn,KM,2
2026-08-29,nordvpn,KR,77
2026-08-29,nordvpn,KW,2
2026-08-29,nordvpn,KY,2
2026-08-29,nordvpn,KZ,2
2026-08-29,nordvpn,LA,2
2026-08-29,nordvpn,LB,2
2026-08-29,nordvpn,LC,2
2026-08-29,nordvpn,LI,2
2026-08-29,nordvpn,LK,2
2026-08-29,nordvpn,LR,2
2026-08-29,nordvpn,LT,17
2026-08-29,nordvpn,LU,16
2026-08-29,nordvpn,LV,10
2026-08-29,nordvpn,LY,2
2026-08-29,nordvpn,MA,4
2026-08-29,nordvpn,MC,6
2026-08-29,nordvpn,MD,2
2026-08-29,nordvpn,ME,2
2026-08-29,nordvpn,MG,2
2026-08-29,nordvpn,MK,2
2026-08-29,nordvpn,MM,2
2026-08-29,nordvpn,MN,2
2026-08-29,nordvpn,MR,2
2026-08-29,nordvpn,MT,4
2026-08-29,nordvpn,MU,2
2026-08-29,nordvpn,MV,2
2026-08-29,nordvpn,MW,2
2026-08-29,nordvpn,MX,62
2026-08-29,nordvpn,MY,10
2026-08-29,nordvpn,MZ,2
2026-08-29,nordvpn,NG,6
2026-08-29,nordvpn,NL,218
2026-08-29,nordvpn,NO,92
2026-08-29,nordvpn,NP,2
2026-08-29,nordvpn,NZ,33
2026-08-29,nordvpn,PA,3
2026-08-29,nordvpn,PE,2
2026-08-29,nordvpn,PG,2
2026-08-29,nordvpn,PH,10
2026-08-29,nordvpn,PK,2
2026-08-29,nordvpn,PL,65
2026-08-29,nordvpn,PR,2
2026-08-29,nordvpn,PT,41
2026-08-29,nordvpn,PY,2
2026-08-29,nordvpn,QA,2
2026-08-29,nordvpn,RO,29
2026-08-29,nordvpn,RS,15
2026-08-29,nordvpn,SC,2
2026-08-29,nordvpn,SE,184
2026-08-29,nordvpn,SG,85
2026-08-29,nordvpn,SI,6
2026-08-29,nordvpn,SK,15
2026-08-29,nordvpn,SL,2
2026-08-29,nordvpn,SN,2
2026-08-29,nordvpn,SO,2
2026-08-29,nordvpn,SR,2
2026-08-29,nordvpn,SV,2
2026-08-29,nordvpn,TD,2
2026-08-29,nordvpn,TH,16
2026-08-29,nordvpn,TJ,2
2026-08-29,nordvpn,TN,2
2026-08-29,nordvpn,TR,26
2026-08-29,nordvpn,TT,2
2026-08-29,nordvpn,TW,40
2026-08-29,nordvpn,TZ,2
2026-08-29,nordvpn,UA,12
2026-08-29,nordvpn,US,2993
2026-08-29,nordvpn,UY,2
2026-08-29,nordvpn,UZ,2
2026-08-29,nordvpn,VE,2
2026-08-29,nordvpn,VN,10
2026-08-29,nordvpn,YE,2
2026-08-29,nordvpn,ZA,26
2026-08-29,nordvpn,ZM,2
2026-08-30,cyberghost,AD,50
2026-08-30,cyberghost,AE,12
2026-08-30,cyberghost,AL,34
2026-08-30,cyberghost,AM,26
2026-08-30,cyberghost,AR,76
2026-08-30,cyberghost,AT,376
2026-08-30,cyberghost,AU,217
2026-08-30,cyberghost,BA,24
2026-08-30,cyberghost,BD,58
2026-08-30,cyberghost,BE,221
2026-08-30,cyberghost,BG,29
2026-08-30,cyberghost,BO,28
2026-08-30,cyberghost,BR,72
2026-08-30,cyberghost,BS,22
2026-08-30,cyberghost,BY,36
2026-08-30,cyberghost,CA,307
2026-08-30,cyberghost,CH,158
2026-08-30,cyberghost,CL,24
2026-08-30,cyberghost,CN,12
2026-08-30,cyberghost,CO,52
2026-08-30,cyberghost,CR,24
2026-08-30,cyberghost,CY,34
2026-08-30,cyberghost,CZ,76
2026-08-30,cyberghost,DE,1333
2026-08-30,cyberghost,DK,96
2026-08-30,cyberghost,DO,28
2026-08-30,cyberghost,DZ,34
2026-08-30,cyberghost,EC,28
2026-08-30,cyberghost,EE,24
2026-08-30,cyberghost,EG,40
2026-08-30,cyberghost,ES,205
2026-08-30,cyberghost,FI,68
2026-08-30,cyberghost,FR,776
2026-08-30,cyberghost,GB,523
2026-08-30,cyberghost,GE,28
2026-08-30,cyberghost,GL,30
2026-08-30,cyberghost,GR,116
2026-08-30,cyberghost,GT,28
2026-08-30,cyberghost,HK,74
2026-08-30,cyberghost,HR,66
2026-08-30,cyberghost,HU,24
2026-08-30,cyberghost,ID,12
2026-08-30,cyberghost,IE,113
2026-08-30,cyberghost,IL,123
2026-08-30,cyberghost,IM,28
2026-08-30,cyberghost,IN,60
2026-08-30,cyberghost,IR,27
2026-08-30,cyberghost,IS,24
2026-08-30,cyberghost,IT,178
2026-08-30,cyberghost,JP,108
2026-08-30,cyberghost,KE,10
2026-08-30,cyberghost,KH,23
2026-08-30,cyberghost,KR,84
2026-08-30,cyberghost,KZ,28
2026-08-30,cyberghost,LA,12
2026-08-30,cyberghost,LI,28
2026-08-30,cyberghost,LK,43
2026-08-30,cyberghost,LT,22
2026-08-30,cyberghost,LU,31
2026-08-30,cyberghost,LV,36
2026-08-30,cyberghost,MA,26
2026-08-30,cyberghost,MC,38
2026-08-30,cyberghost,MD,18
2026-08-30,cyberghost,ME,15
2026-08-30,cyberghost,MK,9
2026-08-30,cyberghost,MM,12
2026-08-30,cyberghost,MN,11
2026-08-30,cyberghost,MO,15
2026-08-30,cyberghost,MT,35
2026-08-30,cyberghost,MX,50
2026-08-30,cyberghost,MY,37
2026-08-30,cyberghost,NG,26
2026-08-30,cyberghost,NL,317
2026-08-30,cyberghost,NO,46
2026-08-30,cyberghost,NP,13
2026-08-30,cyberghost,NZ,107
2026-08-30,cyberghost,PA,30
2026-08-30,cyberghost,PE,28
2026-08-30,cyberghost,PH,40
2026-08-30,cyberghost,PK,11
2026-08-30,cyberghost,PL,72
2026-08-30,cyberghost,PT,50
2026-08-30,cyberghost,QA,14
2026-08-30,cyberghost,RO,107
2026-08-30,cyberghost,RS,15
2026-08-30,cyberghost,RU,60
2026-08-30,cyberghost,SA,14
2026-08-30,cyberghost,SE,112
2026-08-30,cyberghost,SG,24
2026-08-30,cyberghost,SI,12
2026-08-30,cyberghost,SK,52
2026-08-30,cyberghost,TH,48
2026-08-30,cyberghost,TR,26
2026-08-30,cyberghost,TW,46
2026-08-30,cyberghost,UA,30
2026-08-30,cyberghost,US,1563
2026-08-30,cyberghost,UY,28
2026-08-30,cyberghost,VE,14
2026-08-30,cyberghost,VN,46
2026-08-30,cyberghost,ZA,67
2026-08-30,mullvad,AL,4
2026-08-30,mullvad,AR,2
2026-08-30,mullvad,AT,5
2026-08-30,mullvad,AU,23
2026-08-30,mullvad,BE,3
2026-08-30,mullvad,BG,2
2026-08-30,mullvad,BR,7
2026-08-30,mullvad,CA,30
2026-08-30,mullvad,CH,17
2026-08-30,mullvad,CL,2
2026-08-30,mullvad,CO,2
2026-08-30,mullvad,CY,2
2026-08-30,mullvad,CZ,5
2026-08-30,mullvad,DE,25
2026-08-30,mullvad,DK,7
2026-08-30,mullvad,EE,3
2026-08-30,mullvad,ES,11
2026-08-30,mullvad,FI,11
2026-08-30,mullvad,FR,16
2026-08-30,mullvad,GB,23
2026-08-30,mullvad,GR,2
2026-08-30,mullvad,HK,6
2026-08-30,mullvad,HR,2
2026-08-30,mullvad,HU,4
2026-08-30,mullvad,ID,2
2026-08-30,mullvad,IE,3
2026-08-30,mullvad,IL,3
2026-08-30,mullvad,IT,7
2026-08-30,mullvad,JP,9
2026-08-30,mullvad,MX,4
2026-08-30,mullvad,MY,2
2026-08-30,mullvad,NG,2
2026-08-30,mullvad,NL,17
2026-08-30,mullvad,NO,10
2026-08-30,mullvad,NZ,3
2026-08-30,mullvad,PE,2
2026-08-30,mullvad,PH,2
2026-08-30,mullvad,PL,5
2026-08-30,mullvad,PT,4
2026-08-30,mullvad,RO,3
2026-08-30,mullvad,RS,2
2026-08-30,mullvad,SE,41
2026-08-30,mullvad,SG,6
2026-08-30,mullvad,SI,2
2026-08-30,mullvad,SK,2
2026-08-30,mullvad,TH,2
2026-08-30,mullvad,TR,2
2026-08-30,mullvad,UA,2
2026-08-30,mullvad,US,216
2026-08-30,mullvad,ZA,2
2026-08-30,nordvpn,AD,8
2026-08-30,nordvpn,AE,21
2026-08-30,nordvpn,AF,4
2026-08-30,nordvpn,AL,72
2026-08-30,nordvpn,AM,4
2026-08-30,nordvpn,AO,2
2026-08-30,nordvpn,AR,20
2026-08-30,nordvpn,AT,68
2026-08-30,nordvpn,AU,220
2026-08-30,nordvpn,AZ,2
2026-08-30,nordvpn,BA,4
2026-08-30,nordvpn,BB,2
2026-08-30,nordvpn,BD,2
2026-08-30,nordvpn,BE,72
2026-08-30,nordvpn,BF,2
2026-08-30,nordvpn,BG,15
2026-08-30,nordvpn,BH,2
2026-08-30,nordvpn,BJ,2
2026-08-30,nordvpn,BM,3
2026-08-30,nordvpn,BN,2
2026-08-30,nordvpn,BO,2
2026-08-30,nordvpn,BR,47
2026-08-30,nordvpn,BS,5
2026-08-30,nordvpn,BT,2
2026-08-30,nordvpn,BW,2
2026-08-30,nordvpn,BZ,2
2026-08-30,nordvpn,CA,549
2026-08-30,nordvpn,CH,168
2026-08-30,nordvpn,CL,7
2026-08-30,nordvpn,CO,20
2026-08-30,nordvpn,CR,6
2026-08-30,nordvpn,CV,2
2026-08-30,nordvpn,CY,12
2026-08-30,nordvpn,CZ,54
2026-08-30,nordvpn,DE,394
2026-08-30,nordvpn,DK,73
2026-08-30,nordvpn,DO,5
2026-08-30,nordvpn,DZ,4
2026-08-30,nordvpn,EC,2
2026-08-30,nordvpn,EE,10
2026-08-30,nordvpn,EG,2
2026-08-30,nordvpn,ES,121
2026-08-30,nordvpn,ET,2
2026-08-30,nordvpn,FI,23
2026-08-30,nordvpn,FJ,2
2026-08-30,nordvpn,FR,346
2026-08-30,nordvpn,GB,915
2026-08-30,nordvpn,GE,2
2026-08-30,nordvpn,GH,2
2026-08-30,nordvpn,GL,2
2026-08-30,nordvpn,GM,2
2026-08-30,nordvpn,GR,32
2026-08-30,nordvpn,GT,2
2026-08-30,nordvpn,GU,2
2026-08-30,nordvpn,GY,1
2026-08-30,nordvpn,HK,33
2026-08-30,nordvpn,HN,2
2026-08-30,nordvpn,HR,16
2026-08-30,nordvpn,HU,28
2026-08-30,nordvpn,ID,16
2026-08-30,nordvpn,IE,94
2026-08-30,nordvpn,IL,24
2026-08-30,nordvpn,IM,3
2026-08-30,nordvpn,IN,33
2026-08-30,nordvpn,IQ,2
2026-08-30,nordvpn,IS,14
2026-08-30,nordvpn,IT,175
2026-08-30,nordvpn,JE,3
2026-08-30,nordvpn,JM,2
2026-08-30,nordvpn,JO,2
2026-08-30,nordvpn,JP,212
2026-08-30,nordvpn,KE,2
2026-08-30,nordvpn,KG,2
2026-08-30,nordvpn,KH,2
2026-08-30,nordvpn,KM,2
2026-08-30,nordvpn,KR,77
2026-08-30,nordvpn,KW,2
2026-08-30,nordvpn,KY,2
2026-08-30,nordvpn,KZ,2
2026-08-30,nordvpn,LA,2
2026-08-30,nordvpn,LB,2
2026-08-30,nordvpn,LC,2
2026-08-30,nordvpn,LI,2
2026-08-30,nordvpn,LK,2
2026-08-30,nordvpn,LR,2
2026-08-30,nordvpn,LT,17
2026-08-30,nordvpn,LU,16
2026-08-30,nordvpn,LV,10
2026-08-30,nordvpn,LY,2
2026-08-30,nordvpn,MA,4
2026-08-30,nordvpn,MC,6
2026-08-30,nordvpn,MD,2
2026-08-30,nordvpn,ME,2
2026-08-30,nordvpn,MG,2
2026-08-30,nordvpn,MK,2
2026-08-30,nordvpn,MM,2
2026-08-30,nordvpn,MN,2
2026-08-30,nordvpn,MR,2
2026-08-30,nordvpn,MT,4
2026-08-30,nordvpn,MU,2
2026-08-30,nordvpn,MV,2
2026-08-30,nordvpn,MW,2
2026-08-30,nordvpn,MX,62
2026-08-30,nordvpn,MY,10
2026-08-30,nordvpn,MZ,2
2026-08-30,nordvpn,NG,6
2026-08-30,nordvpn,NL,218
2026-08-30,nordvpn,NO,92
2026-08-30,nordvpn,NP,2
2026-08-30,nordvpn,NZ,33
2026-08-30,nordvpn,PA,3
2026-08-30,nordvpn,PE,2
2026-08-30,nordvpn,PG,2
2026-08-30,nordvpn,PH,10
2026-08-30,nordvpn,PK,2
2026-08-30,nordvpn,PL,65
2026-08-30,nordvpn,PR,2
2026-08-30,nordvpn,PT,41
2026-08-30,nordvpn,PY,2
2026-08-30,nordvpn,QA,2
2026-08-30,nordvpn,RO,29
2026-08-30,nordvpn,RS,15
2026-08-30,nordvpn,SC,2
2026-08-30,nordvpn,SE,184
2026-08-30,nordvpn,SG,85
2026-08-30,nordvpn,SI,6
2026-08-30,nordvpn,SK,15
2026-08-30,nordvpn,SL,2
2026-08-30,nordvpn,SN,2
2026-08-30,nordvpn,SO,2
2026-08-30,nordvpn,SR,2
2026-08-30,nordvpn,SV,2
2026-08-30,nordvpn,TD,2
2026-08-30,nordvpn,TH,16
2026-08-30,nordvpn,TJ,2
2026-08-30,nordvpn,TN,2
2026-08-30,nordvpn,TR,26
2026-08-30,nordvpn,TT,2
2026-08-30,nordvpn,TW,40
2026-08-30,nordvpn,TZ,2
2026-08-30,nordvpn,UA,12
2026-08-30,nordvpn,US,2993
2026-08-30,nordvpn,UY,2
2026-08-30,nordvpn,UZ,2
2026-08-30,nordvpn,VE,2
2026-08-30,nordvpn,VN,10
2026-08-30,nordvpn,YE,2
2026-08-30,nordvpn,ZA,26
2026-08-30,nordvpn,ZM,2
2026-08-31,cyberghost,AD,50
2026-08-31,cyberghost,AE,12
2026-08-31,cyberghost,AL,34
2026-08-31,cyberghost,AM,26
2026-08-31,cyberghost,AR,76
2026-08-31,cyberghost,AT,376
2026-08-31,cyberghost,AU,217
2026-08-31,cyberghost,BA,24
2026-08-31,cyberghost,BD,58
2026-08-31,cyberghost,BE,221
2026-08-31,cyberghost,BG,29
2026-08-31,cyberghost,BO,28
2026-08-31,cyberghost,BR,72
2026-08-31,cyberghost,BS,22
2026-08-31,cyberghost,BY,36
2026-08-31,cyberghost,CA,307
2026-08-31,cyberghost,CH,158
2026-08-31,cyberghost,CL,24
2026-08-31,cyberghost,CN,12
2026-08-31,cyberghost,CO,52
2026-08-31,cyberghost,CR,24
2026-08-31,cyberghost,CY,34
2026-08-31,cyberghost,CZ,76
2026-08-31,cyberghost,DE,1333
2026-08-31,cyberghost,DK,96
2026-08-31,cyberghost,DO,28
2026-08-31,cyberghost,DZ,34
2026-08-31,cyberghost,EC,28
2026-08-31,cyberghost,EE,24
2026-08-31,cyberghost,EG,40
2026-08-31,cyberghost,ES,205
2026-08-31,cyberghost,FI,68
2026-08-31,cyberghost,FR,776
2026-08-31,cyberghost,GB,523
2026-08-31,cyberghost,GE,28
2026-08-31,cyberghost,GL,30
2026-08-31,cyberghost,GR,116
2026-08-31,cyberghost,GT,28
2026-08-31,cyberghost,HK,74
2026-08-31,cyberghost,HR,66
2026-08-31,cyberghost,HU,24
2026-08-31,cyberghost,ID,12
2026-08-31,cyberghost,IE,113
2026-08-31,cyberghost,IL,123
2026-08-31,cyberghost,IM,28
2026-08-31,cyberghost,IN,60
2026-08-31,cyberghost,IR,27
2026-08-31,cyberghost,IS,24
2026-08-31,cyberghost,IT,178
2026-08-31,cyberghost,JP,108
2026-08-31,cyberghost,KE,10
2026-08-31,cyberghost,KH,23
2026-08-31,cyberghost,KR,84
2026-08-31,cyberghost,KZ,28
2026-08-31,cyberghost,LA,12
2026-08-31,cyberghost,LI,28
2026-08-31,cyberghost,LK,43
2026-08-31,cyberghost,LT,22
2026-08-31,cyberghost,LU,31
2026-08-31,cyberghost,LV,36
2026-08-31,cyberghost,MA,26
2026-08-31,cyberghost,MC,38
2026-08-31,cyberghost,MD,18
2026-08-31,cyberghost,ME,15
2026-08-31,cyberghost,MK,9
2026-08-31,cyberghost,MM,12
2026-08-31,cyberghost,MN,11
2026-08-31,cyberghost,MO,15
2026-08-31,cyberghost,MT,35
2026-08-31,cyberghost,MX,50
2026-08-31,cyberghost,MY,37
2026-08-31,cyberghost,NG,26
2026-08-31,cyberghost,NL,317
2026-08-31,cyberghost,NO,46
2026-08-31,cyberghost,NP,13
2026-08-31,cyberghost,NZ,107
2026-08-31,cyberghost,PA,30
2026-08-31,cyberghost,PE,28
2026-08-31,cyberghost,PH,40
2026-08-31,cyberghost,PK,11
2026-08-31,cyberghost,PL,72
2026-08-31,cyberghost,PT,50
2026-08-31,cyberghost,QA,14
2026-08-31,cyberghost,RO,107
2026-08-31,cyberghost,RS,15
2026-08-31,cyberghost,RU,60
2026-08-31,cyberghost,SA,14
2026-08-31,cyberghost,SE,112
2026-08-31,cyberghost,SG,24
2026-08-31,cyberghost,SI,12
2026-08-31,cyberghost,SK,52
2026-08-31,cyberghost,TH,48
2026-08-31,cyberghost,TR,26
2026-08-31,cyberghost,TW,46
2026-08-31,cyberghost,UA,30
2026-08-31,cyberghost,US,1563
2026-08-31,cyberghost,UY,28
2026-08-31,cyberghost,VE,14
2026-08-31,cyberghost,VN,46
2026-08-31,cyberghost,ZA,67
2026-08-31,mullvad,AL,4
2026-08-31,mullvad,AR,2
2026-08-31,mullvad,AT,5
2026-08-31,mullvad,AU,23
2026-08-31,mullvad,BE,3
2026-08-31,mullvad,BG,2
2026-08-31,mullvad,BR,7
2026-08-31,mullvad,CA,30
2026-08-31,mullvad,CH,17
2026-08-31,mullvad,CL,2
2026-08-31,mullvad,CO,2
2026-08-31,mullvad,CY,2
2026-08-31,mullvad,CZ,5
2026-08-31,mullvad,DE,25
2026-08-31,mullvad,DK,7
2026-08-31,mullvad,EE,3
2026-08-31,mullvad,ES,11
2026-08-31,mullvad,FI,11
2026-08-31,mullvad,FR,16
2026-08-31,mullvad,GB,23
2026-08-31,mullvad,GR,2
2026-08-31,mullvad,HK,6
2026-08-31,mullvad,HR,2
2026-08-31,mullvad,HU,4
2026-08-31,mullvad,ID,2
2026-08-31,mullvad,IE,3
2026-08-31,mullvad,IL,3
2026-08-31,mullvad,IT,7
2026-08-31,mullvad,JP,9
2026-08-31,mullvad,MX,4
2026-08-31,mullvad,MY,2
2026-08-31,mullvad,NG,2
2026-08-31,mullvad,NL,17
2026-08-31,mullvad,NO,10
2026-08-31,mullvad,NZ,3
2026-08-31,mullvad,PE,2
2026-08-31,mullvad,PH,2
2026-08-31,mullvad,PL,5
2026-08-31,mullvad,PT,4
2026-08-31,mullvad,RO,3
2026-08-31,mullvad,RS,2
2026-08-31,mullvad,SE,41
2026-08-31,mullvad,SG,6
2026-08-31,mullvad,SI,2
2026-08-31,mullvad,SK,2
2026-08-31,mullvad,TH,2
2026-08-31,mullvad,TR,2
2026-08-31,mullvad,UA,2
2026-08-31,mullvad,US,216
2026-08-31,mullvad,ZA,2
2026-08-31,nordvpn,AD,8
2026-08-31,nordvpn,AE,21
2026-08-31,nordvpn,AF,4
2026-08-31,nordvpn,AL,72
2026-08-31,nordvpn,AM,4
2026-08-31,nordvpn,AO,2
2026-08-31,nordvpn,AR,20
2026-08-31,nordvpn,AT,68
2026-08-31,nordvpn,AU,220
2026-08-31,nordvpn,AZ,2
2026-08-31,nordvpn,BA,4
2026-08-31,nordvpn,BB,2
2026-08-31,nordvpn,BD,2
2026-08-31,nordvpn,BE,72
2026-08-31,nordvpn,BF,2
2026-08-31,nordvpn,BG,15
2026-08-31,nordvpn,BH,2
2026-08-31,nordvpn,BJ,2
2026-08-31,nordvpn,BM,3
2026-08-31,nordvpn,BN,2
2026-08-31,nordvpn,BO,2
2026-08-31,nordvpn,BR,48
2026-08-31,nordvpn,BS,5
2026-08-31,nordvpn,BT,2
2026-08-31,nordvpn,BW,2
2026-08-31,nordvpn,BZ,2
2026-08-31,nordvpn,CA,549
2026-08-31,nordvpn,CH,168
2026-08-31,nordvpn,CL,7
2026-08-31,nordvpn,CO,20
2026-08-31,nordvpn,CR,6
2026-08-31,nordvpn,CV,2
2026-08-31,nordvpn,CY,12
2026-08-31,nordvpn,CZ,58
2026-08-31,nordvpn,DE,394
2026-08-31,nordvpn,DK,73
2026-08-31,nordvpn,DO,5
2026-08-31,nordvpn,DZ,4
2026-08-31,nordvpn,EC,2
2026-08-31,nordvpn,EE,10
2026-08-31,nordvpn,EG,2
2026-08-31,nordvpn,ES,121
2026-08-31,nordvpn,ET,2
2026-08-31,nordvpn,FI,23
2026-08-31,nordvpn,FJ,2
2026-08-31,nordvpn,FR,346
2026-08-31,nordvpn,GB,909
2026-08-31,nordvpn,GE,2
2026-08-31,nordvpn,GH,2
2026-08-31,nordvpn,GL,2
2026-08-31,nordvpn,GM,2
2026-08-31,nordvpn,GR,32
2026-08-31,nordvpn,GT,2
2026-08-31,nordvpn,GU,2
2026-08-31,nordvpn,GY,1
2026-08-31,nordvpn,HK,33
2026-08-31,nordvpn,HN,2
2026-08-31,nordvpn,HR,16
2026-08-31,nordvpn,HU,28
2026-08-31,nordvpn,ID,16
2026-08-31,nordvpn,IE,94
2026-08-31,nordvpn,IL,24
2026-08-31,nordvpn,IM,3
2026-08-31,nordvpn,IN,33
2026-08-31,nordvpn,IQ,2
2026-08-31,nordvpn,IS,14
2026-08-31,nordvpn,IT,177
2026-08-31,nordvpn,JE,3
2026-08-31,nordvpn,JM,2
2026-08-31,nordvpn,JO,2
2026-08-31,nordvpn,JP,212
2026-08-31,nordvpn,KE,2
2026-08-31,nordvpn,KG,2
2026-08-31,nordvpn,KH,2
2026-08-31,nordvpn,KM,2
2026-08-31,nordvpn,KR,77
2026-08-31,nordvpn,KW,2
2026-08-31,nordvpn,KY,2
2026-08-31,nordvpn,KZ,2
2026-08-31,nordvpn,LA,2
2026-08-31,nordvpn,LB,2
2026-08-31,nordvpn,LC,2
2026-08-31,nordvpn,LI,2
2026-08-31,nordvpn,LK,2
2026-08-31,nordvpn,LR,2
2026-08-31,nordvpn,LT,17
2026-08-31,nordvpn,LU,16
2026-08-31,nordvpn,LV,10
2026-08-31,nordvpn,LY,2
2026-08-31,nordvpn,MA,4
2026-08-31,nordvpn,MC,6
2026-08-31,nordvpn,MD,2
2026-08-31,nordvpn,ME,2
2026-08-31,nordvpn,MG,2
2026-08-31,nordvpn,MK,2
2026-08-31,nordvpn,MM,2
2026-08-31,nordvpn,MN,2
2026-08-31,nordvpn,MR,2
2026-08-31,nordvpn,MT,4
2026-08-31,nordvpn,MU,2
2026-08-31,nordvpn,MV,2
2026-08-31,nordvpn,MW,2
2026-08-31,nordvpn,MX,62
2026-08-31,nordvpn,MY,10
2026-08-31,nordvpn,MZ,2
2026-08-31,nordvpn,NG,6
2026-08-31,nordvpn,NL,218
2026-08-31,nordvpn,NO,92
2026-08-31,nordvpn,NP,2
2026-08-31,nordvpn,NZ,39
2026-08-31,nordvpn,PA,3
2026-08-31,nordvpn,PE,2
2026-08-31,nordvpn,PG,2
2026-08-31,nordvpn,PH,10
2026-08-31,nordvpn,PK,2
2026-08-31,nordvpn,PL,65
2026-08-31,nordvpn,PR,2
2026-08-31,nordvpn,PT,41
2026-08-31,nordvpn,PY,2
2026-08-31,nordvpn,QA,2
2026-08-31,nordvpn,RO,29
2026-08-31,nordvpn,RS,15
2026-08-31,nordvpn,SC,2
2026-08-31,nordvpn,SE,185
2026-08-31,nordvpn,SG,85
2026-08-31,nordvpn,SI,6
2026-08-31,nordvpn,SK,15
2026-08-31,nordvpn,SL,2
2026-08-31,nordvpn,SN,2
2026-08-31,nordvpn,SO,2
2026-08-31,nordvpn,SR,2
2026-08-31,nordvpn,SV,2
2026-08-31,nordvpn,TD,2
2026-08-31,nordvpn,TH,16
2026-08-31,nordvpn,TJ,2
2026-08-31,nordvpn,TN,2
2026-08-31,nordvpn,TR,26
2026-08-31,nordvpn,TT,2
2026-08-31,nordvpn,TW,40
2026-08-31,nordvpn,TZ,2
2026-08-31,nordvpn,UA,12
2026-08-31,nordvpn,US,2999
2026-08-31,nordvpn,UY,2
2026-08-31,nordvpn,UZ,2
2026-08-31,nordvpn,VE,2
2026-08-31,nordvpn,VN,10
2026-08-31,nordvpn,YE,2
2026-08-31,nordvpn,ZA,26
2026-08-31,nordvpn,ZM,2
2026-09-01,cyberghost,AD,50
2026-09-01,cyberghost,AE,12
2026-09-01,cyberghost,AL,34
2026-09-01,cyberghost,AM,26
2026-09-01,cyberghost,AR,76
2026-09-01,cyberghost,AT,376
2026-09-01,cyberghost,AU,217
2026-09-01,cyberghost,BA,24
2026-09-01,cyberghost,BD,58
2026-09-01,cyberghost,BE,221
2026-09-01,cyberghost,BG,29
2026-09-01,cyberghost,BO,28
2026-09-01,cyberghost,BR,72
2026-09-01,cyberghost,BS,22
2026-09-01,cyberghost,BY,36
2026-09-01,cyberghost,CA,307
2026-09-01,cyberghost,CH,158
2026-09-01,cyberghost,CL,24
2026-09-01,cyberghost,CN,12
2026-09-01,cyberghost,CO,52
2026-09-01,cyberghost,CR,24
2026-09-01,cyberghost,CY,34
2026-09-01,cyberghost,CZ,76
2026-09-01,cyberghost,DE,1333
2026-09-01,cyberghost,DK,96
2026-09-01,cyberghost,DO,28
2026-09-01,cyberghost,DZ,34
2026-09-01,cyberghost,EC,28
2026-09-01,cyberghost,EE,24
2026-09-01,cyberghost,EG,40
2026-09-01,cyberghost,ES,205
2026-09-01,cyberghost,FI,68
2026-09-01,cyberghost,FR,776
2026-09-01,cyberghost,GB,523
2026-09-01,cyberghost,GE,28
2026-09-01,cyberghost,GL,30
2026-09-01,cyberghost,GR,116
2026-09-01,cyberghost,GT,28
2026-09-01,cyberghost,HK,74
2026-09-01,cyberghost,HR,66
2026-09-01,cyberghost,HU,24
2026-09-01,cyberghost,ID,12
2026-09-01,cyberghost,IE,113
2026-09-01,cyberghost,IL,123
2026-09-01,cyberghost,IM,28
2026-09-01,cyberghost,IN,60
2026-09-01,cyberghost,IR,27
2026-09-01,cyberghost,IS,24
2026-09-01,cyberghost,IT,178
2026-09-01,cyberghost,JP,108
2026-09-01,cyberghost,KE,10
2026-09-01,cyberghost,KH,23
2026-09-01,cyberghost,KR,84
2026-09-01,cyberghost,KZ,28
2026-09-01,cyberghost,LA,12
2026-09-01,cyberghost,LI,28
2026-09-01,cyberghost,LK,43
2026-09-01,cyberghost,LT,22
2026-09-01,cyberghost,LU,31
2026-09-01,cyberghost,LV,36
2026-09-01,cyberghost,MA,26
2026-09-01,cyberghost,MC,38
2026-09-01,cyberghost,MD,18
2026-09-01,cyberghost,ME,15
2026-09-01,cyberghost,MK,9
2026-09-01,cyberghost,MM,12
2026-09-01,cyberghost,MN,11
2026-09-01,cyberghost,MO,15
2026-09-01,cyberghost,MT,35
2026-09-01,cyberghost,MX,50
2026-09-01,cyberghost,MY,37
2026-09-01,cyberghost,NG,26
2026-09-01,cyberghost,NL,317
2026-09-01,cyberghost,NO,46
2026-09-01,cyberghost,NP,13
2026-09-01,cyberghost,NZ,107
2026-09-01,cyberghost,PA,30
2026-09-01,cyberghost,PE,28
2026-09-01,cyberghost,PH,40
2026-09-01,cyberghost,PK,11
2026-09-01,cyberghost,PL,72
2026-09-01,cyberghost,PT,50
2026-09-01,cyberghost,QA,14
2026-09-01,cyberghost,RO,107
2026-09-01,cyberghost,RS,15
2026-09-01,cyberghost,RU,60
2026-09-01,cyberghost,SA,14
2026-09-01,cyberghost,SE,112
2026-09-01,cyberghost,SG,24
2026-09-01,cyberghost,SI,12
2026-09-01,cyberghost,SK,52
2026-09-01,cyberghost,TH,48
2026-09-01,cyberghost,TR,26
2026-09-01,cyberghost,TW,46
2026-09-01,cyberghost,UA,30
2026-09-01,cyberghost,US,1563
2026-09-01,cyberghost,UY,28
2026-09-01,cyberghost,VE,14
2026-09-01,cyberghost,VN,46
2026-09-01,cyberghost,ZA,67
2026-09-01,mullvad,AL,4
2026-09-01,mullvad,AR,2
2026-09-01,mullvad,AT,5
2026-09-01,mullvad,AU,23
2026-09-01,mullvad,BE,3
2026-09-01,mullvad,BG,2
2026-09-01,mullvad,BR,7
2026-09-01,mullvad,CA,30
2026-09-01,mullvad,CH,17
2026-09-01,mullvad,CL,2
2026-09-01,mullvad,CO,2
2026-09-01,mullvad,CY,2
2026-09-01,mullvad,CZ,5
2026-09-01,mullvad,DE,25
2026-09-01,mullvad,DK,7
2026-09-01,mullvad,EE,3
2026-09-01,mullvad,ES,11
2026-09-01,mullvad,FI,11
2026-09-01,mullvad,FR,16
2026-09-01,mullvad,GB,23
2026-09-01,mullvad,GR,2
2026-09-01,mullvad,HK,6
2026-09-01,mullvad,HR,2
2026-09-01,mullvad,HU,4
2026-09-01,mullvad,ID,2
2026-09-01,mullvad,IE,3
2026-09-01,mullvad,IL,3
2026-09-01,mullvad,IT,7
2026-09-01,mullvad,JP,9
2026-09-01,mullvad,MX,4
2026-09-01,mullvad,MY,2
2026-09-01,mullvad,NG,2
2026-09-01,mullvad,NL,17
2026-09-01,mullvad,NO,10
2026-09-01,mullvad,NZ,3
2026-09-01,mullvad,PE,2
2026-09-01,mullvad,PH,2
2026-09-01,mullvad,PL,5
2026-09-01,mullvad,PT,4
2026-09-01,mullvad,RO,3
2026-09-01,mullvad,RS,2
2026-09-01,mullvad,SE,41
2026-09-01,mullvad,SG,6
2026-09-01,mullvad,SI,2
2026-09-01,mullvad,SK,2
2026-09-01,mullvad,TH,2
2026-09-01,mullvad,TR,2
2026-09-01,mullvad,UA,2
2026-09-01,mullvad,US,216
2026-09-01,mullvad,ZA,2
2026-09-01,nordvpn,AD,8
2026-09-01,nordvpn,AE,21
2026-09-01,nordvpn,AF,4
2026-09-01,nordvpn,AL,74
2026-09-01,nordvpn,AM,4
2026-09-01,nordvpn,AO,2
2026-09-01,nordvpn,AR,20
2026-09-01,nordvpn,AT,68
2026-09-01,nordvpn,AU,220
2026-09-01,nordvpn,AZ,2
2026-09-01,nordvpn,BA,4
2026-09-01,nordvpn,BB,2
2026-09-01,nordvpn,BD,2
2026-09-01,nordvpn,BE,72
2026-09-01,nordvpn,BF,2
2026-09-01,nordvpn,BG,15
2026-09-01,nordvpn,BH,2
2026-09-01,nordvpn,BJ,2
2026-09-01,nordvpn,BM,3
2026-09-01,nordvpn,BN,2
2026-09-01,nordvpn,BO,2
2026-09-01,nordvpn,BR,48
2026-09-01,nordvpn,BS,5
2026-09-01,nordvpn,BT,2
2026-09-01,nordvpn,BW,2
2026-09-01,nordvpn,BZ,2
2026-09-01,nordvpn,CA,549
2026-09-01,nordvpn,CH,168
2026-09-01,nordvpn,CL,7
2026-09-01,nordvpn,CO,20
2026-09-01,nordvpn,CR,6
2026-09-01,nordvpn,CV,2
2026-09-01,nordvpn,CY,12
2026-09-01,nordvpn,CZ,58
2026-09-01,nordvpn,DE,390
2026-09-01,nordvpn,DK,73
2026-09-01,nordvpn,DO,5
2026-09-01,nordvpn,DZ,4
2026-09-01,nordvpn,EC,2
2026-09-01,nordvpn,EE,10
2026-09-01,nordvpn,EG,2
2026-09-01,nordvpn,ES,121
2026-09-01,nordvpn,ET,2
2026-09-01,nordvpn,FI,23
2026-09-01,nordvpn,FJ,2
2026-09-01,nordvpn,FR,346
2026-09-01,nordvpn,GB,926
2026-09-01,nordvpn,GE,2
2026-09-01,nordvpn,GH,2
2026-09-01,nordvpn,GL,2
2026-09-01,nordvpn,GM,2
2026-09-01,nordvpn,GR,32
2026-09-01,nordvpn,GT,2
2026-09-01,nordvpn,GU,2
2026-09-01,nordvpn,GY,1
2026-09-01,nordvpn,HK,33
2026-09-01,nordvpn,HN,2
2026-09-01,nordvpn,HR,16
2026-09-01,nordvpn,HU,28
2026-09-01,nordvpn,ID,16
2026-09-01,nordvpn,IE,94
2026-09-01,nordvpn,IL,24
2026-09-01,nordvpn,IM,3
2026-09-01,nordvpn,IN,33
2026-09-01,nordvpn,IQ,2
2026-09-01,nordvpn,IS,14
2026-09-01,nordvpn,IT,177
2026-09-01,nordvpn,JE,3
2026-09-01,nordvpn,JM,2
2026-09-01,nordvpn,JO,2
2026-09-01,nordvpn,JP,212
2026-09-01,nordvpn,KE,2
2026-09-01,nordvpn,KG,2
2026-09-01,nordvpn,KH,2
2026-09-01,nordvpn,KM,2
2026-09-01,nordvpn,KR,77
2026-09-01,nordvpn,KW,2
2026-09-01,nordvpn,KY,2
2026-09-01,nordvpn,KZ,2
2026-09-01,nordvpn,LA,2
2026-09-01,nordvpn,LB,2
2026-09-01,nordvpn,LC,2
2026-09-01,nordvpn,LI,2
2026-09-01,nordvpn,LK,2
2026-09-01,nordvpn,LR,2
2026-09-01,nordvpn,LT,17
2026-09-01,nordvpn,LU,16
2026-09-01,nordvpn,LV,10
2026-09-01,nordvpn,LY,2
2026-09-01,nordvpn,MA,4
2026-09-01,nordvpn,MC,6
2026-09-01,nordvpn,MD,2
2026-09-01,nordvpn,ME,2
2026-09-01,nordvpn,MG,2
2026-09-01,nordvpn,MK,2
2026-09-01,nordvpn,MM,2
2026-09-01,nordvpn,MN,2
2026-09-01,nordvpn,MR,2
2026-09-01,nordvpn,MT,4
2026-09-01,nordvpn,MU,2
2026-09-01,nordvpn,MV,2
2026-09-01,nordvpn,MW,2
2026-09-01,nordvpn,MX,62
2026-09-01,nordvpn,MY,10
2026-09-01,nordvpn,MZ,2
2026-09-01,nordvpn,NG,6
2026-09-01,nordvpn,NL,219
2026-09-01,nordvpn,NO,92
2026-09-01,nordvpn,NP,2
2026-09-01,nordvpn,NZ,33
2026-09-01,nordvpn,PA,3
2026-09-01,nordvpn,PE,2
2026-09-01,nordvpn,PG,2
2026-09-01,nordvpn,PH,10
2026-09-01,nordvpn,PK,2
2026-09-01,nordvpn,PL,65
2026-09-01,nordvpn,PR,2
2026-09-01,nordvpn,PT,41
2026-09-01,nordvpn,PY,2
2026-09-01,nordvpn,QA,2
2026-09-01,nordvpn,RO,29
2026-09-01,nordvpn,RS,15
2026-09-01,nordvpn,SC,2
2026-09-01,nordvpn,SE,185
2026-09-01,nordvpn,SG,85
2026-09-01,nordvpn,SI,6
2026-09-01,nordvpn,SK,15
2026-09-01,nordvpn,SL,2
2026-09-01,nordvpn,SN,2
2026-09-01,nordvpn,SO,2
2026-09-01,nordvpn,SR,2
2026-09-01,nordvpn,SV,2
2026-09-01,nordvpn,TD,2
2026-09-01,nordvpn,TH,16
2026-09-01,nordvpn,TJ,2
2026-09-01,nordvpn,TN,2
2026-09-01,nordvpn,TR,26
2026-09-01,nordvpn,TT,2
2026-09-01,nordvpn,TW,40
2026-09-01,nordvpn,TZ,2
2026-09-01,nordvpn,UA,13
2026-09-01,nordvpn,US,2902
2026-09-01,nordvpn,UY,2
2026-09-01,nordvpn,UZ,2
2026-09-01,nordvpn,VE,2
2026-09-01,nordvpn,VN,10
2026-09-01,nordvpn,YE,2
2026-09-01,nordvpn,ZA,26
2026-09-01,nordvpn,ZM,2
2026-09-02,cyberghost,AD,50
2026-09-02,cyberghost,AE,12
2026-09-02,cyberghost,AL,34
2026-09-02,cyberghost,AM,26
2026-09-02,cyberghost,AR,76
2026-09-02,cyberghost,AT,376
2026-09-02,cyberghost,AU,217
2026-09-02,cyberghost,BA,24
2026-09-02,cyberghost,BD,58
2026-09-02,cyberghost,BE,221
2026-09-02,cyberghost,BG,29
2026-09-02,cyberghost,BO,28
2026-09-02,cyberghost,BR,72
2026-09-02,cyberghost,BS,22
2026-09-02,cyberghost,BY,36
2026-09-02,cyberghost,CA,307
2026-09-02,cyberghost,CH,182
2026-09-02,cyberghost,CL,24
2026-09-02,cyberghost,CN,12
2026-09-02,cyberghost,CO,52
2026-09-02,cyberghost,CR,24
2026-09-02,cyberghost,CY,34
2026-09-02,cyberghost,CZ,76
2026-09-02,cyberghost,DE,1333
2026-09-02,cyberghost,DK,96
2026-09-02,cyberghost,DO,28
2026-09-02,cyberghost,DZ,34
2026-09-02,cyberghost,EC,28
2026-09-02,cyberghost,EE,24
2026-09-02,cyberghost,EG,40
2026-09-02,cyberghost,ES,205
2026-09-02,cyberghost,FI,68
2026-09-02,cyberghost,FR,776
2026-09-02,cyberghost,GB,523
2026-09-02,cyberghost,GE,28
2026-09-02,cyberghost,GL,30
2026-09-02,cyberghost,GR,116
2026-09-02,cyberghost,GT,28
2026-09-02,cyberghost,HK,74
2026-09-02,cyberghost,HR,66
2026-09-02,cyberghost,HU,24
2026-09-02,cyberghost,ID,12
2026-09-02,cyberghost,IE,113
2026-09-02,cyberghost,IL,123
2026-09-02,cyberghost,IM,28
2026-09-02,cyberghost,IN,60
2026-09-02,cyberghost,IR,27
2026-09-02,cyberghost,IS,24
2026-09-02,cyberghost,IT,178
2026-09-02,cyberghost,JP,108
2026-09-02,cyberghost,KE,10
2026-09-02,cyberghost,KH,23
2026-09-02,cyberghost,KR,84
2026-09-02,cyberghost,KZ,28
2026-09-02,cyberghost,LA,12
2026-09-02,cyberghost,LI,28
2026-09-02,cyberghost,LK,43
2026-09-02,cyberghost,LT,22
2026-09-02,cyberghost,LU,31
2026-09-02,cyberghost,LV,36
2026-09-02,cyberghost,MA,26
2026-09-02,cyberghost,MC,38
2026-09-02,cyberghost,MD,18
2026-09-02,cyberghost,ME,15
2026-09-02,cyberghost,MK,9
2026-09-02,cyberghost,MM,12
2026-09-02,cyberghost,MN,11
2026-09-02,cyberghost,MO,15
2026-09-02,cyberghost,MT,35
2026-09-02,cyberghost,MX,50
2026-09-02,cyberghost,MY,37
2026-09-02,cyberghost,NG,26
2026-09-02,cyberghost,NL,317
2026-09-02,cyberghost,NO,46
2026-09-02,cyberghost,NP,13
2026-09-02,cyberghost,NZ,107
2026-09-02,cyberghost,PA,30
2026-09-02,cyberghost,PE,28
2026-09-02,cyberghost,PH,40
2026-09-02,cyberghost,PK,11
2026-09-02,cyberghost,PL,72
2026-09-02,cyberghost,PT,50
2026-09-02,cyberghost,QA,14
2026-09-02,cyberghost,RO,107
2026-09-02,cyberghost,RS,15
2026-09-02,cyberghost,RU,60
2026-09-02,cyberghost,SA,14
2026-09-02,cyberghost,SE,112
2026-09-02,cyberghost,SG,24
2026-09-02,cyberghost,SI,12
2026-09-02,cyberghost,SK,52
2026-09-02,cyberghost,TH,48
2026-09-02,cyberghost,TR,26
2026-09-02,cyberghost,TW,46
2026-09-02,cyberghost,UA,30
2026-09-02,cyberghost,US,1503
2026-09-02,cyberghost,UY,28
2026-09-02,cyberghost,VE,14
2026-09-02,cyberghost,VN,46
2026-09-02,cyberghost,ZA,67
2026-09-02,mullvad,AL,4
2026-09-02,mullvad,AR,2
2026-09-02,mullvad,AT,5
2026-09-02,mullvad,AU,23
2026-09-02,mullvad,BE,3
2026-09-02,mullvad,BG,2
2026-09-02,mullvad,BR,7
2026-09-02,mullvad,CA,30
2026-09-02,mullvad,CH,17
2026-09-02,mullvad,CL,2
2026-09-02,mullvad,CO,2
2026-09-02,mullvad,CY,2
2026-09-02,mullvad,CZ,5
2026-09-02,mullvad,DE,25
2026-09-02,mullvad,DK,7
2026-09-02,mullvad,EE,3
2026-09-02,mullvad,ES,11
2026-09-02,mullvad,FI,11
2026-09-02,mullvad,FR,16
2026-09-02,mullvad,GB,23
2026-09-02,mullvad,GR,2
2026-09-02,mullvad,HK,6
2026-09-02,mullvad,HR,2
2026-09-02,mullvad,HU,4
2026-09-02,mullvad,ID,2
2026-09-02,mullvad,IE,3
2026-09-02,mullvad,IL,3
2026-09-02,mullvad,IT,7
2026-09-02,mullvad,JP,9
2026-09-02,mullvad,MX,4
2026-09-02,mullvad,MY,2
2026-09-02,mullvad,NG,2
2026-09-02,mullvad,NL,17
2026-09-02,mullvad,NO,10
2026-09-02,mullvad,NZ,3
2026-09-02,mullvad,PE,2
2026-09-02,mullvad,PH,2
2026-09-02,mullvad,PL,5
2026-09-02,mullvad,PT,4
2026-09-02,mullvad,RO,3
2026-09-02,mullvad,RS,2
2026-09-02,mullvad,SE,41
2026-09-02,mullvad,SG,6
2026-09-02,mullvad,SI,2
2026-09-02,mullvad,SK,2
2026-09-02,mullvad,TH,2
2026-09-02,mullvad,TR,2
2026-09-02,mullvad,UA,2
2026-09-02,mullvad,US,216
2026-09-02,mullvad,ZA,2
2026-09-02,nordvpn,AD,8
2026-09-02,nordvpn,AE,21
2026-09-02,nordvpn,AF,4
2026-09-02,nordvpn,AL,74
2026-09-02,nordvpn,AM,4
2026-09-02,nordvpn,AO,2
2026-09-02,nordvpn,AR,20
2026-09-02,nordvpn,AT,68
2026-09-02,nordvpn,AU,220
2026-09-02,nordvpn,AZ,2
2026-09-02,nordvpn,BA,4
2026-09-02,nordvpn,BB,2
2026-09-02,nordvpn,BD,2
2026-09-02,nordvpn,BE,72
2026-09-02,nordvpn,BF,2
2026-09-02,nordvpn,BG,15
2026-09-02,nordvpn,BH,2
2026-09-02,nordvpn,BJ,2
2026-09-02,nordvpn,BM,3
2026-09-02,nordvpn,BN,2
2026-09-02,nordvpn,BO,2
2026-09-02,nordvpn,BR,48
2026-09-02,nordvpn,BS,5
2026-09-02,nordvpn,BT,2
2026-09-02,nordvpn,BW,2
2026-09-02,nordvpn,BZ,2
2026-09-02,nordvpn,CA,548
2026-09-02,nordvpn,CH,168
2026-09-02,nordvpn,CL,7
2026-09-02,nordvpn,CO,20
2026-09-02,nordvpn,CR,6
2026-09-02,nordvpn,CV,2
2026-09-02,nordvpn,CY,12
2026-09-02,nordvpn,CZ,58
2026-09-02,nordvpn,DE,345
2026-09-02,nordvpn,DK,73
2026-09-02,nordvpn,DO,5
2026-09-02,nordvpn,DZ,4
2026-09-02,nordvpn,EC,2
2026-09-02,nordvpn,EE,10
2026-09-02,nordvpn,EG,2
2026-09-02,nordvpn,ES,121
2026-09-02,nordvpn,ET,2
2026-09-02,nordvpn,FI,23
2026-09-02,nordvpn,FJ,2
2026-09-02,nordvpn,FR,346
2026-09-02,nordvpn,GB,926
2026-09-02,nordvpn,GE,2
2026-09-02,nordvpn,GH,2
2026-09-02,nordvpn,GL,2
2026-09-02,nordvpn,GM,2
2026-09-02,nordvpn,GR,32
2026-09-02,nordvpn,GT,2
2026-09-02,nordvpn,GU,2
2026-09-02,nordvpn,GY,1
2026-09-02,nordvpn,HK,33
2026-09-02,nordvpn,HN,2
2026-09-02,nordvpn,HR,16
2026-09-02,nordvpn,HU,28
2026-09-02,nordvpn,ID,16
2026-09-02,nordvpn,IE,94
2026-09-02,nordvpn,IL,24
2026-09-02,nordvpn,IM,3
2026-09-02,nordvpn,IN,33
2026-09-02,nordvpn,IQ,2
2026-09-02,nordvpn,IS,14
2026-09-02,nordvpn,IT,177
2026-09-02,nordvpn,JE,3
2026-09-02,nordvpn,JM,2
2026-09-02,nordvpn,JO,2
2026-09-02,nordvpn,JP,212
2026-09-02,nordvpn,KE,2
2026-09-02,nordvpn,KG,2
2026-09-02,nordvpn,KH,2
2026-09-02,nordvpn,KM,2
2026-09-02,nordvpn,KR,77
2026-09-02,nordvpn,KW,2
2026-09-02,nordvpn,KY,2
2026-09-02,nordvpn,KZ,2
2026-09-02,nordvpn,LA,2
2026-09-02,nordvpn,LB,2
2026-09-02,nordvpn,LC,2
2026-09-02,nordvpn,LI,2
2026-09-02,nordvpn,LK,2
2026-09-02,nordvpn,LR,2
2026-09-02,nordvpn,LT,17
2026-09-02,nordvpn,LU,16
2026-09-02,nordvpn,LV,10
2026-09-02,nordvpn,LY,2
2026-09-02,nordvpn,MA,4
2026-09-02,nordvpn,MC,6
2026-09-02,nordvpn,MD,2
2026-09-02,nordvpn,ME,2
2026-09-02,nordvpn,MG,2
2026-09-02,nordvpn,MK,2
2026-09-02,nordvpn,MM,2
2026-09-02,nordvpn,MN,2
2026-09-02,nordvpn,MR,2
2026-09-02,nordvpn,MT,4
2026-09-02,nordvpn,MU,2
2026-09-02,nordvpn,MV,2
2026-09-02,nordvpn,MW,2
2026-09-02,nordvpn,MX,62
2026-09-02,nordvpn,MY,10
2026-09-02,nordvpn,MZ,2
2026-09-02,nordvpn,NG,6
2026-09-02,nordvpn,NL,219
2026-09-02,nordvpn,NO,92
2026-09-02,nordvpn,NP,2
2026-09-02,nordvpn,NZ,33
2026-09-02,nordvpn,PA,3
2026-09-02,nordvpn,PE,2
2026-09-02,nordvpn,PG,2
2026-09-02,nordvpn,PH,10
2026-09-02,nordvpn,PK,2
2026-09-02,nordvpn,PL,65
2026-09-02,nordvpn,PR,2
2026-09-02,nordvpn,PT,41
2026-09-02,nordvpn,PY,2
2026-09-02,nordvpn,QA,2
2026-09-02,nordvpn,RO,29
2026-09-02,nordvpn,RS,15
2026-09-02,nordvpn,SC,2
2026-09-02,nordvpn,SE,185
2026-09-02,nordvpn,SG,85
2026-09-02,nordvpn,SI,6
2026-09-02,nordvpn,SK,15
2026-09-02,nordvpn,SL,2
2026-09-02,nordvpn,SN,2
2026-09-02,nordvpn,SO,2
2026-09-02,nordvpn,SR,2
2026-09-02,nordvpn,SV,2
2026-09-02,nordvpn,TD,2
2026-09-02,nordvpn,TH,16
2026-09-02,nordvpn,TJ,2
2026-09-02,nordvpn,TN,2
2026-09-02,nordvpn,TR,26
2026-09-02,nordvpn,TT,2
2026-09-02,nordvpn,TW,40
2026-09-02,nordvpn,TZ,2
2026-09-02,nordvpn,UA,8
2026-09-02,nordvpn,US,2902
2026-09-02,nordvpn,UY,2
2026-09-02,nordvpn,UZ,2
2026-09-02,nordvpn,VE,2
2026-09-02,nordvpn,VN,10
2026-09-02,nordvpn,YE,2
2026-09-02,nordvpn,ZA,26
2026-09-02,nordvpn,ZM,2
2026-09-03,cyberghost,AD,50
2026-09-03,cyberghost,AE,12
2026-09-03,cyberghost,AL,34
2026-09-03,cyberghost,AM,26
2026-09-03,cyberghost,AR,76
2026-09-03,cyberghost,AT,376
2026-09-03,cyberghost,AU,217
2026-09-03,cyberghost,BA,24
2026-09-03,cyberghost,BD,58
2026-09-03,cyberghost,BE,221
2026-09-03,cyberghost,BG,29
2026-09-03,cyberghost,BO,28
2026-09-03,cyberghost,BR,72
2026-09-03,cyberghost,BS,22
2026-09-03,cyberghost,BY,36
2026-09-03,cyberghost,CA,307
2026-09-03,cyberghost,CH,182
2026-09-03,cyberghost,CL,24
2026-09-03,cyberghost,CN,12
2026-09-03,cyberghost,CO,52
2026-09-03,cyberghost,CR,24
2026-09-03,cyberghost,CY,34
2026-09-03,cyberghost,CZ,76
2026-09-03,cyberghost,DE,1333
2026-09-03,cyberghost,DK,96
2026-09-03,cyberghost,DO,28
2026-09-03,cyberghost,DZ,34
2026-09-03,cyberghost,EC,28
2026-09-03,cyberghost,EE,24
2026-09-03,cyberghost,EG,40
2026-09-03,cyberghost,ES,205
2026-09-03,cyberghost,FI,68
2026-09-03,cyberghost,FR,776
2026-09-03,cyberghost,GB,523
2026-09-03,cyberghost,GE,28
2026-09-03,cyberghost,GL,30
2026-09-03,cyberghost,GR,116
2026-09-03,cyberghost,GT,28
2026-09-03,cyberghost,HK,74
2026-09-03,cyberghost,HR,66
2026-09-03,cyberghost,HU,24
2026-09-03,cyberghost,ID,12
2026-09-03,cyberghost,IE,113
2026-09-03,cyberghost,IL,123
2026-09-03,cyberghost,IM,28
2026-09-03,cyberghost,IN,60
2026-09-03,cyberghost,IR,27
2026-09-03,cyberghost,IS,24
2026-09-03,cyberghost,IT,178
2026-09-03,cyberghost,JP,108
2026-09-03,cyberghost,KE,10
2026-09-03,cyberghost,KH,23
2026-09-03,cyberghost,KR,84
2026-09-03,cyberghost,KZ,28
2026-09-03,cyberghost,LA,12
2026-09-03,cyberghost,LI,28
2026-09-03,cyberghost,LK,43
2026-09-03,cyberghost,LT,22
2026-09-03,cyberghost,LU,31
2026-09-03,cyberghost,LV,36
2026-09-03,cyberghost,MA,26
2026-09-03,cyberghost,MC,38
2026-09-03,cyberghost,MD,18
2026-09-03,cyberghost,ME,15
2026-09-03,cyberghost,MK,9
2026-09-03,cyberghost,MM,12
2026-09-03,cyberghost,MN,11
2026-09-03,cyberghost,MO,15
2026-09-03,cyberghost,MT,35
2026-09-03,cyberghost,MX,50
2026-09-03,cyberghost,MY,37
2026-09-03,cyberghost,NG,26
2026-09-03,cyberghost,NL,317
2026-09-03,cyberghost,NO,46
2026-09-03,cyberghost,NP,13
2026-09-03,cyberghost,NZ,107
2026-09-03,cyberghost,PA,30
2026-09-03,cyberghost,PE,28
2026-09-03,cyberghost,PH,40
2026-09-03,cyberghost,PK,11
2026-09-03,cyberghost,PL,72
2026-09-03,cyberghost,PT,50
2026-09-03,cyberghost,QA,14
2026-09-03,cyberghost,RO,107
2026-09-03,cyberghost,RS,15
2026-09-03,cyberghost,RU,60
2026-09-03,cyberghost,SA,14
2026-09-03,cyberghost,SE,112
2026-09-03,cyberghost,SG,24
2026-09-03,cyberghost,SI,12
2026-09-03,cyberghost,SK,52
2026-09-03,cyberghost,TH,48
2026-09-03,cyberghost,TR,26
2026-09-03,cyberghost,TW,46
2026-09-03,cyberghost,UA,30
2026-09-03,cyberghost,US,1563
2026-09-03,cyberghost,UY,28
2026-09-03,cyberghost,VE,14
2026-09-03,cyberghost,VN,46
2026-09-03,cyberghost,ZA,67
2026-09-03,mullvad,AL,4
2026-09-03,mullvad,AR,2
2026-09-03,mullvad,AT,5
2026-09-03,mullvad,AU,23
2026-09-03,mullvad,BE,3
2026-09-03,mullvad,BG,2
2026-09-03,mullvad,BR,7
2026-09-03,mullvad,CA,30
2026-09-03,mullvad,CH,17
2026-09-03,mullvad,CL,2
2026-09-03,mullvad,CO,2
2026-09-03,mullvad,CY,2
2026-09-03,mullvad,CZ,5
2026-09-03,mullvad,DE,25
2026-09-03,mullvad,DK,7
2026-09-03,mullvad,EE,3
2026-09-03,mullvad,ES,11
2026-09-03,mullvad,FI,11
2026-09-03,mullvad,FR,16
2026-09-03,mullvad,GB,23
2026-09-03,mullvad,GR,2
2026-09-03,mullvad,HK,6
2026-09-03,mullvad,HR,2
2026-09-03,mullvad,HU,4
2026-09-03,mullvad,ID,2
2026-09-03,mullvad,IE,3
2026-09-03,mullvad,IL,3
2026-09-03,mullvad,IT,7
2026-09-03,mullvad,JP,9
2026-09-03,mullvad,MX,4
2026-09-03,mullvad,MY,2
2026-09-03,mullvad,NG,2
2026-09-03,mullvad,NL,17
2026-09-03,mullvad,NO,10
2026-09-03,mullvad,NZ,3
2026-09-03,mullvad,PE,2
2026-09-03,mullvad,PH,2
2026-09-03,mullvad,PL,5
2026-09-03,mullvad,PT,4
2026-09-03,mullvad,RO,3
2026-09-03,mullvad,RS,2
2026-09-03,mullvad,SE,41
2026-09-03,mullvad,SG,6
2026-09-03,mullvad,SI,2
2026-09-03,mullvad,SK,2
2026-09-03,mullvad,TH,2
2026-09-03,mullvad,TR,2
2026-09-03,mullvad,UA,2
2026-09-03,mullvad,US,216
2026-09-03,mullvad,ZA,2
2026-09-03,nordvpn,AD,8
2026-09-03,nordvpn,AE,21
2026-09-03,nordvpn,AF,4
2026-09-03,nordvpn,AL,74
2026-09-03,nordvpn,AM,4
2026-09-03,nordvpn,AO,2
2026-09-03,nordvpn,AR,20
2026-09-03,nordvpn,AT,68
2026-09-03,nordvpn,AU,221
2026-09-03,nordvpn,AZ,2
2026-09-03,nordvpn,BA,4
2026-09-03,nordvpn,BB,2
2026-09-03,nordvpn,BD,2
2026-09-03,nordvpn,BE,72
2026-09-03,nordvpn,BF,2
2026-09-03,nordvpn,BG,15
2026-09-03,nordvpn,BH,2
2026-09-03,nordvpn,BJ,2
2026-09-03,nordvpn,BM,3
2026-09-03,nordvpn,BN,2
2026-09-03,nordvpn,BO,2
2026-09-03,nordvpn,BR,48
2026-09-03,nordvpn,BS,5
2026-09-03,nordvpn,BT,2
2026-09-03,nordvpn,BW,2
2026-09-03,nordvpn,BZ,2
2026-09-03,nordvpn,CA,548
2026-09-03,nordvpn,CH,160
2026-09-03,nordvpn,CL,7
2026-09-03,nordvpn,CO,20
2026-09-03,nordvpn,CR,6
2026-09-03,nordvpn,CV,2
2026-09-03,nordvpn,CY,12
2026-09-03,nordvpn,CZ,58
2026-09-03,nordvpn,DE,344
2026-09-03,nordvpn,DK,73
2026-09-03,nordvpn,DO,5
2026-09-03,nordvpn,DZ,4
2026-09-03,nordvpn,EC,2
2026-09-03,nordvpn,EE,10
2026-09-03,nordvpn,EG,2
2026-09-03,nordvpn,ES,121
2026-09-03,nordvpn,ET,2
2026-09-03,nordvpn,FI,23
2026-09-03,nordvpn,FJ,2
2026-09-03,nordvpn,FR,346
2026-09-03,nordvpn,GB,926
2026-09-03,nordvpn,GE,2
2026-09-03,nordvpn,GH,2
2026-09-03,nordvpn,GL,2
2026-09-03,nordvpn,GM,2
2026-09-03,nordvpn,GR,32
2026-09-03,nordvpn,GT,2
2026-09-03,nordvpn,GU,2
2026-09-03,nordvpn,GY,1
2026-09-03,nordvpn,HK,33
2026-09-03,nordvpn,HN,2
2026-09-03,nordvpn,HR,16
2026-09-03,nordvpn,HU,28
2026-09-03,nordvpn,ID,16
2026-09-03,nordvpn,IE,94
2026-09-03,nordvpn,IL,24
2026-09-03,nordvpn,IM,3
2026-09-03,nordvpn,IN,33
2026-09-03,nordvpn,IQ,2
2026-09-03,nordvpn,IS,14
2026-09-03,nordvpn,IT,177
2026-09-03,nordvpn,JE,3
2026-09-03,nordvpn,JM,2
2026-09-03,nordvpn,JO,2
2026-09-03,nordvpn,JP,212
2026-09-03,nordvpn,KE,2
2026-09-03,nordvpn,KG,2
2026-09-03,nordvpn,KH,2
2026-09-03,nordvpn,KM,2
2026-09-03,nordvpn,KR,77
2026-09-03,nordvpn,KW,2
2026-09-03,nordvpn,KY,2
2026-09-03,nordvpn,KZ,2
2026-09-03,nordvpn,LA,2
2026-09-03,nordvpn,LB,2
2026-09-03,nordvpn,LC,2
2026-09-03,nordvpn,LI,2
2026-09-03,nordvpn,LK,2
2026-09-03,nordvpn,LR,2
2026-09-03,nordvpn,LT,17
2026-09-03,nordvpn,LU,16
2026-09-03,nordvpn,LV,10
2026-09-03,nordvpn,LY,2
2026-09-03,nordvpn,MA,4
2026-09-03,nordvpn,MC,6
2026-09-03,nordvpn,MD,2
2026-09-03,nordvpn,ME,2
2026-09-03,nordvpn,MG,2
2026-09-03,nordvpn,MK,2
2026-09-03,nordvpn,MM,2
2026-09-03,nordvpn,MN,2
2026-09-03,nordvpn,MR,2
2026-09-03,nordvpn,MT,4
2026-09-03,nordvpn,MU,2
2026-09-03,nordvpn,MV,2
2026-09-03,nordvpn,MW,2
2026-09-03,nordvpn,MX,62
2026-09-03,nordvpn,MY,10
2026-09-03,nordvpn,MZ,2
2026-09-03,nordvpn,NG,6
2026-09-03,nordvpn,NL,218
2026-09-03,nordvpn,NO,92
2026-09-03,nordvpn,NP,2
2026-09-03,nordvpn,NZ,33
2026-09-03,nordvpn,PA,3
2026-09-03,nordvpn,PE,2
2026-09-03,nordvpn,PG,2
2026-09-03,nordvpn,PH,10
2026-09-03,nordvpn,PK,2
2026-09-03,nordvpn,PL,65
2026-09-03,nordvpn,PR,2
2026-09-03,nordvpn,PT,41
2026-09-03,nordvpn,PY,2
2026-09-03,nordvpn,QA,2
2026-09-03,nordvpn,RO,29
2026-09-03,nordvpn,RS,15
2026-09-03,nordvpn,SC,2
2026-09-03,nordvpn,SE,184
2026-09-03,nordvpn,SG,85
2026-09-03,nordvpn,SI,6
2026-09-03,nordvpn,SK,15
2026-09-03,nordvpn,SL,2
2026-09-03,nordvpn,SN,2
2026-09-03,nordvpn,SO,2
2026-09-03,nordvpn,SR,2
2026-09-03,nordvpn,SV,2
2026-09-03,nordvpn,TD,2
2026-09-03,nordvpn,TH,16
2026-09-03,nordvpn,TJ,2
2026-09-03,nordvpn,TN,2
2026-09-03,nordvpn,TR,26
2026-09-03,nordvpn,TT,2
2026-09-03,nordvpn,TW,40
2026-09-03,nordvpn,TZ,2
2026-09-03,nordvpn,UA,14
2026-09-03,nordvpn,US,2902
2026-09-03,nordvpn,UY,2
2026-09-03,nordvpn,UZ,2
2026-09-03,nordvpn,VE,2
2026-09-03,nordvpn,VN,10
2026-09-03,nordvpn,YE,2
2026-09-03,nordvpn,ZA,26
2026-09-03,nordvpn,ZM,2
2026-09-04,cyberghost,AD,50
2026-09-04,cyberghost,AE,12
2026-09-04,cyberghost,AL,34
2026-09-04,cyberghost,AM,26
2026-09-04,cyberghost,AR,76
2026-09-04,cyberghost,AT,376
2026-09-04,cyberghost,AU,217
2026-09-04,cyberghost,BA,24
2026-09-04,cyberghost,BD,58
2026-09-04,cyberghost,BE,221
2026-09-04,cyberghost,BG,29
2026-09-04,cyberghost,BO,28
2026-09-04,cyberghost,BR,72
2026-09-04,cyberghost,BS,22
2026-09-04,cyberghost,BY,36
2026-09-04,cyberghost,CA,307
2026-09-04,cyberghost,CH,182
2026-09-04,cyberghost,CL,24
2026-09-04,cyberghost,CN,12
2026-09-04,cyberghost,CO,52
2026-09-04,cyberghost,CR,24
2026-09-04,cyberghost,CY,34
2026-09-04,cyberghost,CZ,76
2026-09-04,cyberghost,DE,1333
2026-09-04,cyberghost,DK,96
2026-09-04,cyberghost,DO,28
2026-09-04,cyberghost,DZ,34
2026-09-04,cyberghost,EC,28
2026-09-04,cyberghost,EE,24
2026-09-04,cyberghost,EG,40
2026-09-04,cyberghost,ES,205
2026-09-04,cyberghost,FI,68
2026-09-04,cyberghost,FR,776
2026-09-04,cyberghost,GB,523
2026-09-04,cyberghost,GE,28
2026-09-04,cyberghost,GL,30
2026-09-04,cyberghost,GR,116
2026-09-04,cyberghost,GT,28
2026-09-04,cyberghost,HK,74
2026-09-04,cyberghost,HR,66
2026-09-04,cyberghost,HU,24
2026-09-04,cyberghost,ID,12
2026-09-04,cyberghost,IE,113
2026-09-04,cyberghost,IL,123
2026-09-04,cyberghost,IM,28
2026-09-04,cyberghost,IN,60
2026-09-04,cyberghost,IR,27
2026-09-04,cyberghost,IS,24
2026-09-04,cyberghost,IT,178
2026-09-04,cyberghost,JP,108
2026-09-04,cyberghost,KE,10
2026-09-04,cyberghost,KH,23
2026-09-04,cyberghost,KR,84
2026-09-04,cyberghost,KZ,28
2026-09-04,cyberghost,LA,12
2026-09-04,cyberghost,LI,28
2026-09-04,cyberghost,LK,43
2026-09-04,cyberghost,LT,22
2026-09-04,cyberghost,LU,31
2026-09-04,cyberghost,LV,36
2026-09-04,cyberghost,MA,26
2026-09-04,cyberghost,MC,38
2026-09-04,cyberghost,MD,18
2026-09-04,cyberghost,ME,15
2026-09-04,cyberghost,MK,9
2026-09-04,cyberghost,MM,12
2026-09-04,cyberghost,MN,11
2026-09-04,cyberghost,MO,15
2026-09-04,cyberghost,MT,35
2026-09-04,cyberghost,MX,50
2026-09-04,cyberghost,MY,37
2026-09-04,cyberghost,NG,26
2026-09-04,cyberghost,NL,317
2026-09-04,cyberghost,NO,46
2026-09-04,cyberghost,NP,13
2026-09-04,cyberghost,NZ,107
2026-09-04,cyberghost,PA,30
2026-09-04,cyberghost,PE,28
2026-09-04,cyberghost,PH,40
2026-09-04,cyberghost,PK,11
2026-09-04,cyberghost,PL,72
2026-09-04,cyberghost,PT,50
2026-09-04,cyberghost,QA,14
2026-09-04,cyberghost,RO,107
2026-09-04,cyberghost,RS,15
2026-09-04,cyberghost,RU,60
2026-09-04,cyberghost,SA,14
2026-09-04,cyberghost,SE,112
2026-09-04,cyberghost,SG,24
2026-09-04,cyberghost,SI,12
2026-09-04,cyberghost,SK,52
2026-09-04,cyberghost,TH,48
2026-09-04,cyberghost,TR,26
2026-09-04,cyberghost,TW,46
2026-09-04,cyberghost,UA,30
2026-09-04,cyberghost,US,1563
2026-09-04,cyberghost,UY,28
2026-09-04,cyberghost,VE,14
2026-09-04,cyberghost,VN,46
2026-09-04,cyberghost,ZA,67
2026-09-04,mullvad,AL,4
2026-09-04,mullvad,AR,2
2026-09-04,mullvad,AT,5
2026-09-04,mullvad,AU,23
2026-09-04,mullvad,BE,3
2026-09-04,mullvad,BG,2
2026-09-04,mullvad,BR,7
2026-09-04,mullvad,CA,30
2026-09-04,mullvad,CH,17
2026-09-04,mullvad,CL,2
2026-09-04,mullvad,CO,2
2026-09-04,mullvad,CY,2
2026-09-04,mullvad,CZ,5
2026-09-04,mullvad,DE,25
2026-09-04,mullvad,DK,7
2026-09-04,mullvad,EE,3
2026-09-04,mullvad,ES,11
2026-09-04,mullvad,FI,11
2026-09-04,mullvad,FR,16
2026-09-04,mullvad,GB,23
2026-09-04,mullvad,GR,2
2026-09-04,mullvad,HK,6
2026-09-04,mullvad,HR,2
2026-09-04,mullvad,HU,4
2026-09-04,mullvad,ID,2
2026-09-04,mullvad,IE,3
2026-09-04,mullvad,IL,3
2026-09-04,mullvad,IT,7
2026-09-04,mullvad,JP,9
2026-09-04,mullvad,MX,4
2026-09-04,mullvad,MY,2
2026-09-04,mullvad,NG,2
2026-09-04,mullvad,NL,17
2026-09-04,mullvad,NO,10
2026-09-04,mullvad,NZ,3
2026-09-04,mullvad,PE,2
2026-09-04,mullvad,PH,2
2026-09-04,mullvad,PL,5
2026-09-04,mullvad,PT,4
2026-09-04,mullvad,RO,3
2026-09-04,mullvad,RS,2
2026-09-04,mullvad,SE,41
2026-09-04,mullvad,SG,6
2026-09-04,mullvad,SI,2
2026-09-04,mullvad,SK,2
2026-09-04,mullvad,TH,2
2026-09-04,mullvad,TR,2
2026-09-04,mullvad,UA,2
2026-09-04,mullvad,US,216
2026-09-04,mullvad,ZA,2
2026-09-04,nordvpn,AD,8
2026-09-04,nordvpn,AE,21
2026-09-04,nordvpn,AF,4
2026-09-04,nordvpn,AL,74
2026-09-04,nordvpn,AM,4
2026-09-04,nordvpn,AO,2
2026-09-04,nordvpn,AR,20
2026-09-04,nordvpn,AT,68
2026-09-04,nordvpn,AU,221
2026-09-04,nordvpn,AZ,2
2026-09-04,nordvpn,BA,4
2026-09-04,nordvpn,BB,2
2026-09-04,nordvpn,BD,2
2026-09-04,nordvpn,BE,72
2026-09-04,nordvpn,BF,2
2026-09-04,nordvpn,BG,15
2026-09-04,nordvpn,BH,2
2026-09-04,nordvpn,BJ,2
2026-09-04,nordvpn,BM,3
2026-09-04,nordvpn,BN,2
2026-09-04,nordvpn,BO,2
2026-09-04,nordvpn,BR,48
2026-09-04,nordvpn,BS,5
2026-09-04,nordvpn,BT,2
2026-09-04,nordvpn,BW,2
2026-09-04,nordvpn,BZ,2
2026-09-04,nordvpn,CA,548
2026-09-04,nordvpn,CH,160
2026-09-04,nordvpn,CL,7
2026-09-04,nordvpn,CO,20
2026-09-04,nordvpn,CR,6
2026-09-04,nordvpn,CV,2
2026-09-04,nordvpn,CY,12
2026-09-04,nordvpn,CZ,58
2026-09-04,nordvpn,DE,345
2026-09-04,nordvpn,DK,73
2026-09-04,nordvpn,DO,5
2026-09-04,nordvpn,DZ,4
2026-09-04,nordvpn,EC,2
2026-09-04,nordvpn,EE,10
2026-09-04,nordvpn,EG,2
2026-09-04,nordvpn,ES,121
2026-09-04,nordvpn,ET,2
2026-09-04,nordvpn,FI,23
2026-09-04,nordvpn,FJ,2
2026-09-04,nordvpn,FR,346
2026-09-04,nordvpn,GB,926
2026-09-04,nordvpn,GE,2
2026-09-04,nordvpn,GH,2
2026-09-04,nordvpn,GL,2
2026-09-04,nordvpn,GM,2
2026-09-04,nordvpn,GR,32
2026-09-04,nordvpn,GT,2
2026-09-04,nordvpn,GU,2
2026-09-04,nordvpn,GY,1
2026-09-04,nordvpn,HK,33
2026-09-04,nordvpn,HN,2
2026-09-04,nordvpn,HR,16
2026-09-04,nordvpn,HU,28
2026-09-04,nordvpn,ID,16
2026-09-04,nordvpn,IE,94
2026-09-04,nordvpn,IL,24
2026-09-04,nordvpn,IM,3
2026-09-04,nordvpn,IN,33
2026-09-04,nordvpn,IQ,2
2026-09-04,nordvpn,IS,14
2026-09-04,nordvpn,IT,177
2026-09-04,nordvpn,JE,3
2026-09-04,nordvpn,JM,2
2026-09-04,nordvpn,JO,2
2026-09-04,nordvpn,JP,212
2026-09-04,nordvpn,KE,2
2026-09-04,nordvpn,KG,2
2026-09-04,nordvpn,KH,2
2026-09-04,nordvpn,KM,2
2026-09-04,nordvpn,KR,60
2026-09-04,nordvpn,KW,2
2026-09-04,nordvpn,KY,2
2026-09-04,nordvpn,KZ,2
2026-09-04,nordvpn,LA,2
2026-09-04,nordvpn,LB,2
2026-09-04,nordvpn,LC,2
2026-09-04,nordvpn,LI,2
2026-09-04,nordvpn,LK,2
2026-09-04,nordvpn,LR,2
2026-09-04,nordvpn,LT,17
2026-09-04,nordvpn,LU,16
2026-09-04,nordvpn,LV,10
2026-09-04,nordvpn,LY,2
2026-09-04,nordvpn,MA,4
2026-09-04,nordvpn,MC,6
2026-09-04,nordvpn,MD,2
2026-09-04,nordvpn,ME,2
2026-09-04,nordvpn,MG,2
2026-09-04,nordvpn,MK,2
2026-09-04,nordvpn,MM,2
2026-09-04,nordvpn,MN,2
2026-09-04,nordvpn,MR,2
2026-09-04,nordvpn,MT,4
2026-09-04,nordvpn,MU,2
2026-09-04,nordvpn,MV,2
2026-09-04,nordvpn,MW,2
2026-09-04,nordvpn,MX,62
2026-09-04,nordvpn,MY,10
2026-09-04,nordvpn,MZ,2
2026-09-04,nordvpn,NG,6
2026-09-04,nordvpn,NL,198
2026-09-04,nordvpn,NO,92
2026-09-04,nordvpn,NP,2
2026-09-04,nordvpn,NZ,33
2026-09-04,nordvpn,PA,3
2026-09-04,nordvpn,PE,2
2026-09-04,nordvpn,PG,2
2026-09-04,nordvpn,PH,10
2026-09-04,nordvpn,PK,2
2026-09-04,nordvpn,PL,65
2026-09-04,nordvpn,PR,2
2026-09-04,nordvpn,PT,41
2026-09-04,nordvpn,PY,2
2026-09-04,nordvpn,QA,2
2026-09-04,nordvpn,RO,29
2026-09-04,nordvpn,RS,15
2026-09-04,nordvpn,SC,2
2026-09-04,nordvpn,SE,185
2026-09-04,nordvpn,SG,85
2026-09-04,nordvpn,SI,6
2026-09-04,nordvpn,SK,15
2026-09-04,nordvpn,SL,2
2026-09-04,nordvpn,SN,2
2026-09-04,nordvpn,SO,2
2026-09-04,nordvpn,SR,2
2026-09-04,nordvpn,SV,2
2026-09-04,nordvpn,TD,2
2026-09-04,nordvpn,TH,16
2026-09-04,nordvpn,TJ,2
2026-09-04,nordvpn,TN,2
2026-09-04,nordvpn,TR,26
2026-09-04,nordvpn,TT,2
2026-09-04,nordvpn,TW,40
2026-09-04,nordvpn,TZ,2
2026-09-04,nordvpn,UA,14
2026-09-04,nordvpn,US,2870
2026-09-04,nordvpn,UY,2
2026-09-04,nordvpn,UZ,2
2026-09-04,nordvpn,VE,2
2026-09-04,nordvpn,VN,10
2026-09-04,nordvpn,YE,2
2026-09-04,nordvpn,ZA,26
2026-09-04,nordvpn,ZM,2
2026-09-05,cyberghost,AD,50
2026-09-05,cyberghost,AE,12
2026-09-05,cyberghost,AL,34
2026-09-05,cyberghost,AM,26
2026-09-05,cyberghost,AR,76
2026-09-05,cyberghost,AT,376
2026-09-05,cyberghost,AU,217
2026-09-05,cyberghost,BA,24
2026-09-05,cyberghost,BD,58
2026-09-05,cyberghost,BE,221
2026-09-05,cyberghost,BG,29
2026-09-05,cyberghost,BO,28
2026-09-05,cyberghost,BR,72
2026-09-05,cyberghost,BS,22
2026-09-05,cyberghost,BY,36
2026-09-05,cyberghost,CA,307
2026-09-05,cyberghost,CH,182
2026-09-05,cyberghost,CL,24
2026-09-05,cyberghost,CN,12
2026-09-05,cyberghost,CO,52
2026-09-05,cyberghost,CR,24
2026-09-05,cyberghost,CY,34
2026-09-05,cyberghost,CZ,76
2026-09-05,cyberghost,DE,1333
2026-09-05,cyberghost,DK,96
2026-09-05,cyberghost,DO,28
2026-09-05,cyberghost,DZ,34
2026-09-05,cyberghost,EC,28
2026-09-05,cyberghost,EE,24
2026-09-05,cyberghost,EG,40
2026-09-05,cyberghost,ES,194
2026-09-05,cyberghost,FI,68
2026-09-05,cyberghost,FR,776
2026-09-05,cyberghost,GB,523
2026-09-05,cyberghost,GE,28
2026-09-05,cyberghost,GL,30
2026-09-05,cyberghost,GR,116
2026-09-05,cyberghost,GT,28
2026-09-05,cyberghost,HK,74
2026-09-05,cyberghost,HR,66
2026-09-05,cyberghost,HU,24
2026-09-05,cyberghost,ID,12
2026-09-05,cyberghost,IE,113
2026-09-05,cyberghost,IL,123
2026-09-05,cyberghost,IM,28
2026-09-05,cyberghost,IN,60
2026-09-05,cyberghost,IR,27
2026-09-05,cyberghost,IS,24
2026-09-05,cyberghost,IT,178
2026-09-05,cyberghost,JP,108
2026-09-05,cyberghost,KE,10
2026-09-05,cyberghost,KH,23
2026-09-05,cyberghost,KR,84
2026-09-05,cyberghost,KZ,28
2026-09-05,cyberghost,LA,12
2026-09-05,cyberghost,LI,28
2026-09-05,cyberghost,LK,43
2026-09-05,cyberghost,LT,22
2026-09-05,cyberghost,LU,31
2026-09-05,cyberghost,LV,36
2026-09-05,cyberghost,MA,26
2026-09-05,cyberghost,MC,38
2026-09-05,cyberghost,MD,18
2026-09-05,cyberghost,ME,15
2026-09-05,cyberghost,MK,9
2026-09-05,cyberghost,MM,12
2026-09-05,cyberghost,MN,11
2026-09-05,cyberghost,MO,15
2026-09-05,cyberghost,MT,35
2026-09-05,cyberghost,MX,50
2026-09-05,cyberghost,MY,37
2026-09-05,cyberghost,NG,26
2026-09-05,cyberghost,NL,317
2026-09-05,cyberghost,NO,46
2026-09-05,cyberghost,NP,13
2026-09-05,cyberghost,NZ,107
2026-09-05,cyberghost,PA,30
2026-09-05,cyberghost,PE,28
2026-09-05,cyberghost,PH,40
2026-09-05,cyberghost,PK,11
2026-09-05,cyberghost,PL,72
2026-09-05,cyberghost,PT,50
2026-09-05,cyberghost,QA,14
2026-09-05,cyberghost,RO,107
2026-09-05,cyberghost,RS,15
2026-09-05,cyberghost,RU,60
2026-09-05,cyberghost,SA,14
2026-09-05,cyberghost,SE,112
2026-09-05,cyberghost,SG,24
2026-09-05,cyberghost,SI,12
2026-09-05,cyberghost,SK,52
2026-09-05,cyberghost,TH,48
2026-09-05,cyberghost,TR,26
2026-09-05,cyberghost,TW,46
2026-09-05,cyberghost,UA,30
2026-09-05,cyberghost,US,1563
2026-09-05,cyberghost,UY,28
2026-09-05,cyberghost,VE,14
2026-09-05,cyberghost,VN,46
2026-09-05,cyberghost,ZA,67
2026-09-05,mullvad,AL,4
2026-09-05,mullvad,AR,2
2026-09-05,mullvad,AT,5
2026-09-05,mullvad,AU,23
2026-09-05,mullvad,BE,3
2026-09-05,mullvad,BG,2
2026-09-05,mullvad,BR,7
2026-09-05,mullvad,CA,30
2026-09-05,mullvad,CH,17
2026-09-05,mullvad,CL,2
2026-09-05,mullvad,CO,2
2026-09-05,mullvad,CY,2
2026-09-05,mullvad,CZ,5
2026-09-05,mullvad,DE,25
2026-09-05,mullvad,DK,7
2026-09-05,mullvad,EE,3
2026-09-05,mullvad,ES,11
2026-09-05,mullvad,FI,11
2026-09-05,mullvad,FR,16
2026-09-05,mullvad,GB,23
2026-09-05,mullvad,GR,2
2026-09-05,mullvad,HK,6
2026-09-05,mullvad,HR,2
2026-09-05,mullvad,HU,4
2026-09-05,mullvad,ID,2
2026-09-05,mullvad,IE,3
2026-09-05,mullvad,IL,3
2026-09-05,mullvad,IT,7
2026-09-05,mullvad,JP,9
2026-09-05,mullvad,MX,4
2026-09-05,mullvad,MY,2
2026-09-05,mullvad,NG,2
2026-09-05,mullvad,NL,17
2026-09-05,mullvad,NO,10
2026-09-05,mullvad,NZ,3
2026-09-05,mullvad,PE,2
2026-09-05,mullvad,PH,2
2026-09-05,mullvad,PL,5
2026-09-05,mullvad,PT,4
2026-09-05,mullvad,RO,3
2026-09-05,mullvad,RS,2
2026-09-05,mullvad,SE,41
2026-09-05,mullvad,SG,6
2026-09-05,mullvad,SI,2
2026-09-05,mullvad,SK,2
2026-09-05,mullvad,TH,2
2026-09-05,mullvad,TR,2
2026-09-05,mullvad,UA,2
2026-09-05,mullvad,US,216
2026-09-05,mullvad,ZA,2
2026-09-05,nordvpn,AD,8
2026-09-05,nordvpn,AE,21
2026-09-05,nordvpn,AF,4
2026-09-05,nordvpn,AL,74
2026-09-05,nordvpn,AM,4
2026-09-05,nordvpn,AO,2
2026-09-05,nordvpn,AR,20
2026-09-05,nordvpn,AT,68
2026-09-05,nordvpn,AU,220
2026-09-05,nordvpn,AZ,2
2026-09-05,nordvpn,BA,4
2026-09-05,nordvpn,BB,2
2026-09-05,nordvpn,BD,2
2026-09-05,nordvpn,BE,72
2026-09-05,nordvpn,BF,2
2026-09-05,nordvpn,BG,15
2026-09-05,nordvpn,BH,2
2026-09-05,nordvpn,BJ,2
2026-09-05,nordvpn,BM,3
2026-09-05,nordvpn,BN,2
2026-09-05,nordvpn,BO,2
2026-09-05,nordvpn,BR,48
2026-09-05,nordvpn,BS,5
2026-09-05,nordvpn,BT,2
2026-09-05,nordvpn,BW,2
2026-09-05,nordvpn,BZ,2
2026-09-05,nordvpn,CA,548
2026-09-05,nordvpn,CH,160
2026-09-05,nordvpn,CL,7
2026-09-05,nordvpn,CO,20
2026-09-05,nordvpn,CR,6
2026-09-05,nordvpn,CV,2
2026-09-05,nordvpn,CY,12
2026-09-05,nordvpn,CZ,58
2026-09-05,nordvpn,DE,345
2026-09-05,nordvpn,DK,73
2026-09-05,nordvpn,DO,5
2026-09-05,nordvpn,DZ,4
2026-09-05,nordvpn,EC,2
2026-09-05,nordvpn,EE,10
2026-09-05,nordvpn,EG,2
2026-09-05,nordvpn,ES,121
2026-09-05,nordvpn,ET,2
2026-09-05,nordvpn,FI,23
2026-09-05,nordvpn,FJ,2
2026-09-05,nordvpn,FR,346
2026-09-05,nordvpn,GB,926
2026-09-05,nordvpn,GE,2
2026-09-05,nordvpn,GH,2
2026-09-05,nordvpn,GL,2
2026-09-05,nordvpn,GM,2
2026-09-05,nordvpn,GR,32
2026-09-05,nordvpn,GT,2
2026-09-05,nordvpn,GU,2
2026-09-05,nordvpn,GY,1
2026-09-05,nordvpn,HK,33
2026-09-05,nordvpn,HN,2
2026-09-05,nordvpn,HR,16
2026-09-05,nordvpn,HU,28
2026-09-05,nordvpn,ID,16
2026-09-05,nordvpn,IE,94
2026-09-05,nordvpn,IL,24
2026-09-05,nordvpn,IM,3
2026-09-05,nordvpn,IN,33
2026-09-05,nordvpn,IQ,2
2026-09-05,nordvpn,IS,14
2026-09-05,nordvpn,IT,177
2026-09-05,nordvpn,JE,3
2026-09-05,nordvpn,JM,2
2026-09-05,nordvpn,JO,2
2026-09-05,nordvpn,JP,212
2026-09-05,nordvpn,KE,2
2026-09-05,nordvpn,KG,2
2026-09-05,nordvpn,KH,2
2026-09-05,nordvpn,KM,2
2026-09-05,nordvpn,KR,60
2026-09-05,nordvpn,KW,2
2026-09-05,nordvpn,KY,2
2026-09-05,nordvpn,KZ,2
2026-09-05,nordvpn,LA,2
2026-09-05,nordvpn,LB,2
2026-09-05,nordvpn,LC,2
2026-09-05,nordvpn,LI,2
2026-09-05,nordvpn,LK,2
2026-09-05,nordvpn,LR,2
2026-09-05,nordvpn,LT,17
2026-09-05,nordvpn,LU,16
2026-09-05,nordvpn,LV,10
2026-09-05,nordvpn,LY,2
2026-09-05,nordvpn,MA,4
2026-09-05,nordvpn,MC,6
2026-09-05,nordvpn,MD,2
2026-09-05,nordvpn,ME,2
2026-09-05,nordvpn,MG,2
2026-09-05,nordvpn,MK,2
2026-09-05,nordvpn,MM,2
2026-09-05,nordvpn,MN,2
2026-09-05,nordvpn,MR,2
2026-09-05,nordvpn,MT,4
2026-09-05,nordvpn,MU,2
2026-09-05,nordvpn,MV,2
2026-09-05,nordvpn,MW,2
2026-09-05,nordvpn,MX,62
2026-09-05,nordvpn,MY,10
2026-09-05,nordvpn,MZ,2
2026-09-05,nordvpn,NG,6
2026-09-05,nordvpn,NL,198
2026-09-05,nordvpn,NO,92
2026-09-05,nordvpn,NP,2
2026-09-05,nordvpn,NZ,33
2026-09-05,nordvpn,PA,3
2026-09-05,nordvpn,PE,2
2026-09-05,nordvpn,PG,2
2026-09-05,nordvpn,PH,10
2026-09-05,nordvpn,PK,2
2026-09-05,nordvpn,PL,65
2026-09-05,nordvpn,PR,2
2026-09-05,nordvpn,PT,41
2026-09-05,nordvpn,PY,2
2026-09-05,nordvpn,QA,2
2026-09-05,nordvpn,RO,29
2026-09-05,nordvpn,RS,15
2026-09-05,nordvpn,SC,2
2026-09-05,nordvpn,SE,185
2026-09-05,nordvpn,SG,85
2026-09-05,nordvpn,SI,6
2026-09-05,nordvpn,SK,15
2026-09-05,nordvpn,SL,2
2026-09-05,nordvpn,SN,2
2026-09-05,nordvpn,SO,2
2026-09-05,nordvpn,SR,2
2026-09-05,nordvpn,SV,2
2026-09-05,nordvpn,TD,2
2026-09-05,nordvpn,TH,16
2026-09-05,nordvpn,TJ,2
2026-09-05,nordvpn,TN,2
2026-09-05,nordvpn,TR,26
2026-09-05,nordvpn,TT,2
2026-09-05,nordvpn,TW,40
2026-09-05,nordvpn,TZ,2
2026-09-05,nordvpn,UA,14
2026-09-05,nordvpn,US,2870
2026-09-05,nordvpn,UY,2
2026-09-05,nordvpn,UZ,2
2026-09-05,nordvpn,VE,2
2026-09-05,nordvpn,VN,10
2026-09-05,nordvpn,YE,2
2026-09-05,nordvpn,ZA,26
2026-09-05,nordvpn,ZM,2
2026-09-06,cyberghost,AD,50
2026-09-06,cyberghost,AE,12
2026-09-06,cyberghost,AL,34
2026-09-06,cyberghost,AM,26
2026-09-06,cyberghost,AR,76
2026-09-06,cyberghost,AT,376
2026-09-06,cyberghost,AU,217
2026-09-06,cyberghost,BA,24
2026-09-06,cyberghost,BD,58
2026-09-06,cyberghost,BE,121
2026-09-06,cyberghost,BG,29
2026-09-06,cyberghost,BO,28
2026-09-06,cyberghost,BR,72
2026-09-06,cyberghost,BS,22
2026-09-06,cyberghost,BY,36
2026-09-06,cyberghost,CA,307
2026-09-06,cyberghost,CH,182
2026-09-06,cyberghost,CL,24
2026-09-06,cyberghost,CN,12
2026-09-06,cyberghost,CO,52
2026-09-06,cyberghost,CR,24
2026-09-06,cyberghost,CY,34
2026-09-06,cyberghost,CZ,76
2026-09-06,cyberghost,DE,1333
2026-09-06,cyberghost,DK,96
2026-09-06,cyberghost,DO,28
2026-09-06,cyberghost,DZ,34
2026-09-06,cyberghost,EC,28
2026-09-06,cyberghost,EE,24
2026-09-06,cyberghost,EG,40
2026-09-06,cyberghost,ES,193
2026-09-06,cyberghost,FI,68
2026-09-06,cyberghost,FR,776
2026-09-06,cyberghost,GB,523
2026-09-06,cyberghost,GE,28
2026-09-06,cyberghost,GL,30
2026-09-06,cyberghost,GR,116
2026-09-06,cyberghost,GT,28
2026-09-06,cyberghost,HK,74
2026-09-06,cyberghost,HR,66
2026-09-06,cyberghost,HU,24
2026-09-06,cyberghost,ID,12
2026-09-06,cyberghost,IE,113
2026-09-06,cyberghost,IL,123
2026-09-06,cyberghost,IM,28
2026-09-06,cyberghost,IN,60
2026-09-06,cyberghost,IR,27
2026-09-06,cyberghost,IS,24
2026-09-06,cyberghost,IT,178
2026-09-06,cyberghost,JP,108
2026-09-06,cyberghost,KE,10
2026-09-06,cyberghost,KH,23
2026-09-06,cyberghost,KR,84
2026-09-06,cyberghost,KZ,28
2026-09-06,cyberghost,LA,12
2026-09-06,cyberghost,LI,28
2026-09-06,cyberghost,LK,43
2026-09-06,cyberghost,LT,22
2026-09-06,cyberghost,LU,31
2026-09-06,cyberghost,LV,36
2026-09-06,cyberghost,MA,26
2026-09-06,cyberghost,MC,38
2026-09-06,cyberghost,MD,18
2026-09-06,cyberghost,ME,15
2026-09-06,cyberghost,MK,9
2026-09-06,cyberghost,MM,12
2026-09-06,cyberghost,MN,11
2026-09-06,cyberghost,MO,15
2026-09-06,cyberghost,MT,35
2026-09-06,cyberghost,MX,50
2026-09-06,cyberghost,MY,37
2026-09-06,cyberghost,NG,26
2026-09-06,cyberghost,NL,317
2026-09-06,cyberghost,NO,46
2026-09-06,cyberghost,NP,13
2026-09-06,cyberghost,NZ,107
2026-09-06,cyberghost,PA,30
2026-09-06,cyberghost,PE,28
2026-09-06,cyberghost,PH,40
2026-09-06,cyberghost,PK,11
2026-09-06,cyberghost,PL,72
2026-09-06,cyberghost,PT,50
2026-09-06,cyberghost,QA,14
2026-09-06,cyberghost,RO,107
2026-09-06,cyberghost,RS,15
2026-09-06,cyberghost,RU,60
2026-09-06,cyberghost,SA,14
2026-09-06,cyberghost,SE,112
2026-09-06,cyberghost,SG,24
2026-09-06,cyberghost,SI,12
2026-09-06,cyberghost,SK,52
2026-09-06,cyberghost,TH,48
2026-09-06,cyberghost,TR,26
2026-09-06,cyberghost,TW,46
2026-09-06,cyberghost,UA,30
2026-09-06,cyberghost,US,1563
2026-09-06,cyberghost,UY,28
2026-09-06,cyberghost,VE,14
2026-09-06,cyberghost,VN,46
2026-09-06,cyberghost,ZA,67
2026-09-06,mullvad,AL,4
2026-09-06,mullvad,AR,2
2026-09-06,mullvad,AT,5
2026-09-06,mullvad,AU,23
2026-09-06,mullvad,BE,3
2026-09-06,mullvad,BG,2
2026-09-06,mullvad,BR,7
2026-09-06,mullvad,CA,30
2026-09-06,mullvad,CH,17
2026-09-06,mullvad,CL,2
2026-09-06,mullvad,CO,2
2026-09-06,mullvad,CY,2
2026-09-06,mullvad,CZ,5
2026-09-06,mullvad,DE,25
2026-09-06,mullvad,DK,7
2026-09-06,mullvad,EE,3
2026-09-06,mullvad,ES,11
2026-09-06,mullvad,FI,11
2026-09-06,mullvad,FR,16
2026-09-06,mullvad,GB,23
2026-09-06,mullvad,GR,2
2026-09-06,mullvad,HK,6
2026-09-06,mullvad,HR,2
2026-09-06,mullvad,HU,4
2026-09-06,mullvad,ID,2
2026-09-06,mullvad,IE,3
2026-09-06,mullvad,IL,3
2026-09-06,mullvad,IT,7
2026-09-06,mullvad,JP,9
2026-09-06,mullvad,MX,4
2026-09-06,mullvad,MY,2
2026-09-06,mullvad,NG,2
2026-09-06,mullvad,NL,17
2026-09-06,mullvad,NO,10
2026-09-06,mullvad,NZ,3
2026-09-06,mullvad,PE,2
2026-09-06,mullvad,PH,2
2026-09-06,mullvad,PL,5
2026-09-06,mullvad,PT,4
2026-09-06,mullvad,RO,3
2026-09-06,mullvad,RS,2
2026-09-06,mullvad,SE,41
2026-09-06,mullvad,SG,6
2026-09-06,mullvad,SI,2
2026-09-06,mullvad,SK,2
2026-09-06,mullvad,TH,2
2026-09-06,mullvad,TR,2
2026-09-06,mullvad,UA,2
2026-09-06,mullvad,US,216
2026-09-06,mullvad,ZA,2
2026-09-06,nordvpn,AD,8
2026-09-06,nordvpn,AE,21
2026-09-06,nordvpn,AF,4
2026-09-06,nordvpn,AL,74
2026-09-06,nordvpn,AM,4
2026-09-06,nordvpn,AO,2
2026-09-06,nordvpn,AR,20
2026-09-06,nordvpn,AT,68
2026-09-06,nordvpn,AU,220
2026-09-06,nordvpn,AZ,2
2026-09-06,nordvpn,BA,4
2026-09-06,nordvpn,BB,2
2026-09-06,nordvpn,BD,2
2026-09-06,nordvpn,BE,72
2026-09-06,nordvpn,BF,2
2026-09-06,nordvpn,BG,15
2026-09-06,nordvpn,BH,2
2026-09-06,nordvpn,BJ,2
2026-09-06,nordvpn,BM,3
2026-09-06,nordvpn,BN,2
2026-09-06,nordvpn,BO,2
2026-09-06,nordvpn,BR,48
2026-09-06,nordvpn,BS,5
2026-09-06,nordvpn,BT,2
2026-09-06,nordvpn,BW,2
2026-09-06,nordvpn,BZ,2
2026-09-06,nordvpn,CA,548
2026-09-06,nordvpn,CH,160
2026-09-06,nordvpn,CL,7
2026-09-06,nordvpn,CO,20
2026-09-06,nordvpn,CR,6
2026-09-06,nordvpn,CV,2
2026-09-06,nordvpn,CY,12
2026-09-06,nordvpn,CZ,58
2026-09-06,nordvpn,DE,343
2026-09-06,nordvpn,DK,73
2026-09-06,nordvpn,DO,5
2026-09-06,nordvpn,DZ,4
2026-09-06,nordvpn,EC,2
2026-09-06,nordvpn,EE,10
2026-09-06,nordvpn,EG,2
2026-09-06,nordvpn,ES,121
2026-09-06,nordvpn,ET,2
2026-09-06,nordvpn,FI,23
2026-09-06,nordvpn,FJ,2
2026-09-06,nordvpn,FR,346
2026-09-06,nordvpn,GB,926
2026-09-06,nordvpn,GE,2
2026-09-06,nordvpn,GH,2
2026-09-06,nordvpn,GL,2
2026-09-06,nordvpn,GM,2
2026-09-06,nordvpn,GR,32
2026-09-06,nordvpn,GT,2
2026-09-06,nordvpn,GU,2
2026-09-06,nordvpn,GY,1
2026-09-06,nordvpn,HK,33
2026-09-06,nordvpn,HN,2
2026-09-06,nordvpn,HR,16
2026-09-06,nordvpn,HU,28
2026-09-06,nordvpn,ID,16
2026-09-06,nordvpn,IE,94
2026-09-06,nordvpn,IL,24
2026-09-06,nordvpn,IM,3
2026-09-06,nordvpn,IN,33
2026-09-06,nordvpn,IQ,2
2026-09-06,nordvpn,IS,14
2026-09-06,nordvpn,IT,177
2026-09-06,nordvpn,JE,3
2026-09-06,nordvpn,JM,2
2026-09-06,nordvpn,JO,2
2026-09-06,nordvpn,JP,211
2026-09-06,nordvpn,KE,2
2026-09-06,nordvpn,KG,2
2026-09-06,nordvpn,KH,2
2026-09-06,nordvpn,KM,2
2026-09-06,nordvpn,KR,60
2026-09-06,nordvpn,KW,2
2026-09-06,nordvpn,KY,2
2026-09-06,nordvpn,KZ,2
2026-09-06,nordvpn,LA,2
2026-09-06,nordvpn,LB,2
2026-09-06,nordvpn,LC,2
2026-09-06,nordvpn,LI,2
2026-09-06,nordvpn,LK,2
2026-09-06,nordvpn,LR,2
2026-09-06,nordvpn,LT,17
2026-09-06,nordvpn,LU,16
2026-09-06,nordvpn,LV,10
2026-09-06,nordvpn,LY,2
2026-09-06,nordvpn,MA,4
2026-09-06,nordvpn,MC,6
2026-09-06,nordvpn,MD,2
2026-09-06,nordvpn,ME,2
2026-09-06,nordvpn,MG,2
2026-09-06,nordvpn,MK,2
2026-09-06,nordvpn,MM,2
2026-09-06,nordvpn,MN,2
2026-09-06,nordvpn,MR,2
2026-09-06,nordvpn,MT,4
2026-09-06,nordvpn,MU,2
2026-09-06,nordvpn,MV,2
2026-09-06,nordvpn,MW,2
2026-09-06,nordvpn,MX,62
2026-09-06,nordvpn,MY,10
2026-09-06,nordvpn,MZ,2
2026-09-06,nordvpn,NG,6
2026-09-06,nordvpn,NL,197
2026-09-06,nordvpn,NO,92
2026-09-06,nordvpn,NP,2
2026-09-06,nordvpn,NZ,33
2026-09-06,nordvpn,PA,3
2026-09-06,nordvpn,PE,2
2026-09-06,nordvpn,PG,2
2026-09-06,nordvpn,PH,10
2026-09-06,nordvpn,PK,2
2026-09-06,nordvpn,PL,65
2026-09-06,nordvpn,PR,2
2026-09-06,nordvpn,PT,41
2026-09-06,nordvpn,PY,2
2026-09-06,nordvpn,QA,2
2026-09-06,nordvpn,RO,29
2026-09-06,nordvpn,RS,15
2026-09-06,nordvpn,SC,2
2026-09-06,nordvpn,SE,185
2026-09-06,nordvpn,SG,85
2026-09-06,nordvpn,SI,6
2026-09-06,nordvpn,SK,15
2026-09-06,nordvpn,SL,2
2026-09-06,nordvpn,SN,2
2026-09-06,nordvpn,SO,2
2026-09-06,nordvpn,SR,2
2026-09-06,nordvpn,SV,2
2026-09-06,nordvpn,TD,2
2026-09-06,nordvpn,TH,16
2026-09-06,nordvpn,TJ,2
2026-09-06,nordvpn,TN,2
2026-09-06,nordvpn,TR,26
2026-09-06,nordvpn,TT,2
2026-09-06,nordvpn,TW,40
2026-09-06,nordvpn,TZ,2
2026-09-06,nordvpn,UA,14
2026-09-06,nordvpn,US,2869
2026-09-06,nordvpn,UY,2
2026-09-06,nordvpn,UZ,2
2026-09-06,nordvpn,VE,2
2026-09-06,nordvpn,VN,10
2026-09-06,nordvpn,YE,2
2026-09-06,nordvpn,ZA,26
2026-09-06,nordvpn,ZM,2
2026-09-07,cyberghost,AD,50
2026-09-07,cyberghost,AE,12
2026-09-07,cyberghost,AL,34
2026-09-07,cyberghost,AM,26
2026-09-07,cyberghost,AR,76
2026-09-07,cyberghost,AT,376
2026-09-07,cyberghost,AU,217
2026-09-07,cyberghost,BA,24
2026-09-07,cyberghost,BD,58
2026-09-07,cyberghost,BE,221
2026-09-07,cyberghost,BG,29
2026-09-07,cyberghost,BO,28
2026-09-07,cyberghost,BR,72
2026-09-07,cyberghost,BS,22
2026-09-07,cyberghost,BY,36
2026-09-07,cyberghost,CA,307
2026-09-07,cyberghost,CH,182
2026-09-07,cyberghost,CL,24
2026-09-07,cyberghost,CN,12
2026-09-07,cyberghost,CO,52
2026-09-07,cyberghost,CR,24
2026-09-07,cyberghost,CY,34
2026-09-07,cyberghost,CZ,76
2026-09-07,cyberghost,DE,1333
2026-09-07,cyberghost,DK,96
2026-09-07,cyberghost,DO,28
2026-09-07,cyberghost,DZ,34
2026-09-07,cyberghost,EC,28
2026-09-07,cyberghost,EE,24
2026-09-07,cyberghost,EG,40
2026-09-07,cyberghost,ES,205
2026-09-07,cyberghost,FI,68
2026-09-07,cyberghost,FR,776
2026-09-07,cyberghost,GB,523
2026-09-07,cyberghost,GE,28
2026-09-07,cyberghost,GL,30
2026-09-07,cyberghost,GR,116
2026-09-07,cyberghost,GT,28
2026-09-07,cyberghost,HK,74
2026-09-07,cyberghost,HR,66
2026-09-07,cyberghost,HU,24
2026-09-07,cyberghost,ID,12
2026-09-07,cyberghost,IE,113
2026-09-07,cyberghost,IL,123
2026-09-07,cyberghost,IM,28
2026-09-07,cyberghost,IN,60
2026-09-07,cyberghost,IR,27
2026-09-07,cyberghost,IS,24
2026-09-07,cyberghost,IT,178
2026-09-07,cyberghost,JP,108
2026-09-07,cyberghost,KE,10
2026-09-07,cyberghost,KH,23
2026-09-07,cyberghost,KR,84
2026-09-07,cyberghost,KZ,28
2026-09-07,cyberghost,LA,12
2026-09-07,cyberghost,LI,28
2026-09-07,cyberghost,LK,43
2026-09-07,cyberghost,LT,22
2026-09-07,cyberghost,LU,31
2026-09-07,cyberghost,LV,36
2026-09-07,cyberghost,MA,26
2026-09-07,cyberghost,MC,38
2026-09-07,cyberghost,MD,18
2026-09-07,cyberghost,ME,15
2026-09-07,cyberghost,MK,9
2026-09-07,cyberghost,MM,12
2026-09-07,cyberghost,MN,11
2026-09-07,cyberghost,MO,15
2026-09-07,cyberghost,MT,35
2026-09-07,cyberghost,MX,50
2026-09-07,cyberghost,MY,37
2026-09-07,cyberghost,NG,26
2026-09-07,cyberghost,NL,317
2026-09-07,cyberghost,NO,46
2026-09-07,cyberghost,NP,13
2026-09-07,cyberghost,NZ,107
2026-09-07,cyberghost,PA,30
2026-09-07,cyberghost,PE,28
2026-09-07,cyberghost,PH,40
2026-09-07,cyberghost,PK,11
2026-09-07,cyberghost,PL,72
2026-09-07,cyberghost,PT,50
2026-09-07,cyberghost,QA,14
2026-09-07,cyberghost,RO,107
2026-09-07,cyberghost,RS,15
2026-09-07,cyberghost,RU,60
2026-09-07,cyberghost,SA,14
2026-09-07,cyberghost,SE,112
2026-09-07,cyberghost,SG,24
2026-09-07,cyberghost,SI,12
2026-09-07,cyberghost,SK,52
2026-09-07,cyberghost,TH,48
2026-09-07,cyberghost,TR,26
2026-09-07,cyberghost,TW,46
2026-09-07,cyberghost,UA,30
2026-09-07,cyberghost,US,1563
2026-09-07,cyberghost,UY,28
2026-09-07,cyberghost,VE,14
2026-09-07,cyberghost,VN,46
2026-09-07,cyberghost,ZA,67
2026-09-07,mullvad,AL,4
2026-09-07,mullvad,AR,2
2026-09-07,mullvad,AT,5
2026-09-07,mullvad,AU,23
2026-09-07,mullvad,BE,3
2026-09-07,mullvad,BG,2
2026-09-07,mullvad,BR,7
2026-09-07,mullvad,CA,30
2026-09-07,mullvad,CH,17
2026-09-07,mullvad,CL,2
2026-09-07,mullvad,CO,2
2026-09-07,mullvad,CY,2
2026-09-07,mullvad,CZ,5
2026-09-07,mullvad,DE,25
2026-09-07,mullvad,DK,7
2026-09-07,mullvad,EE,3
2026-09-07,mullvad,ES,11
2026-09-07,mullvad,FI,11
2026-09-07,mullvad,FR,16
2026-09-07,mullvad,GB,23
2026-09-07,mullvad,GR,2
2026-09-07,mullvad,HK,6
2026-09-07,mullvad,HR,2
2026-09-07,mullvad,HU,4
2026-09-07,mullvad,ID,2
2026-09-07,mullvad,IE,3
2026-09-07,mullvad,IL,3
2026-09-07,mullvad,IT,7
2026-09-07,mullvad,JP,9
2026-09-07,mullvad,MX,4
2026-09-07,mullvad,MY,2
2026-09-07,mullvad,NG,2
2026-09-07,mullvad,NL,17
2026-09-07,mullvad,NO,10
2026-09-07,mullvad,NZ,3
2026-09-07,mullvad,PE,2
2026-09-07,mullvad,PH,2
2026-09-07,mullvad,PL,5
2026-09-07,mullvad,PT,4
2026-09-07,mullvad,RO,3
2026-09-07,mullvad,RS,2
2026-09-07,mullvad,SE,41
2026-09-07,mullvad,SG,6
2026-09-07,mullvad,SI,2
2026-09-07,mullvad,SK,2
2026-09-07,mullvad,TH,2
2026-09-07,mullvad,TR,2
2026-09-07,mullvad,UA,2
2026-09-07,mullvad,US,216
2026-09-07,mullvad,ZA,2
2026-09-07,nordvpn,AD,8
2026-09-07,nordvpn,AE,21
2026-09-07,nordvpn,AF,4
2026-09-07,nordvpn,AL,75
2026-09-07,nordvpn,AM,4
2026-09-07,nordvpn,AO,2
2026-09-07,nordvpn,AR,20
2026-09-07,nordvpn,AT,68
2026-09-07,nordvpn,AU,222
2026-09-07,nordvpn,AZ,2
2026-09-07,nordvpn,BA,4
2026-09-07,nordvpn,BB,2
2026-09-07,nordvpn,BD,2
2026-09-07,nordvpn,BE,72
2026-09-07,nordvpn,BF,2
2026-09-07,nordvpn,BG,15
2026-09-07,nordvpn,BH,2
2026-09-07,nordvpn,BJ,2
2026-09-07,nordvpn,BM,3
2026-09-07,nordvpn,BN,2
2026-09-07,nordvpn,BO,2
2026-09-07,nordvpn,BR,48
2026-09-07,nordvpn,BS,5
2026-09-07,nordvpn,BT,2
2026-09-07,nordvpn,BW,2
2026-09-07,nordvpn,BZ,2
2026-09-07,nordvpn,CA,548
2026-09-07,nordvpn,CH,160
2026-09-07,nordvpn,CL,7
2026-09-07,nordvpn,CO,20
2026-09-07,nordvpn,CR,6
2026-09-07,nordvpn,CV,1
2026-09-07,nordvpn,CY,12
2026-09-07,nordvpn,CZ,58
2026-09-07,nordvpn,DE,345
2026-09-07,nordvpn,DK,73
2026-09-07,nordvpn,DO,5
2026-09-07,nordvpn,DZ,4
2026-09-07,nordvpn,EC,2
2026-09-07,nordvpn,EE,10
2026-09-07,nordvpn,EG,2
2026-09-07,nordvpn,ES,121
2026-09-07,nordvpn,ET,2
2026-09-07,nordvpn,FI,23
2026-09-07,nordvpn,FJ,2
2026-09-07,nordvpn,FR,346
2026-09-07,nordvpn,GB,926
2026-09-07,nordvpn,GE,2
2026-09-07,nordvpn,GH,2
2026-09-07,nordvpn,GL,2
2026-09-07,nordvpn,GM,2
2026-09-07,nordvpn,GR,32
2026-09-07,nordvpn,GT,2
2026-09-07,nordvpn,GU,2
2026-09-07,nordvpn,GY,1
2026-09-07,nordvpn,HK,32
2026-09-07,nordvpn,HN,2
2026-09-07,nordvpn,HR,16
2026-09-07,nordvpn,HU,28
2026-09-07,nordvpn,ID,16
2026-09-07,nordvpn,IE,94
2026-09-07,nordvpn,IL,24
2026-09-07,nordvpn,IM,3
2026-09-07,nordvpn,IN,33
2026-09-07,nordvpn,IQ,2
2026-09-07,nordvpn,IS,14
2026-09-07,nordvpn,IT,178
2026-09-07,nordvpn,JE,3
2026-09-07,nordvpn,JM,2
2026-09-07,nordvpn,JO,2
2026-09-07,nordvpn,JP,212
2026-09-07,nordvpn,KE,2
2026-09-07,nordvpn,KG,2
2026-09-07,nordvpn,KH,2
2026-09-07,nordvpn,KM,2
2026-09-07,nordvpn,KR,60
2026-09-07,nordvpn,KW,2
2026-09-07,nordvpn,KY,2
2026-09-07,nordvpn,KZ,2
2026-09-07,nordvpn,LA,2
2026-09-07,nordvpn,LB,2
2026-09-07,nordvpn,LC,2
2026-09-07,nordvpn,LI,2
2026-09-07,nordvpn,LK,2
2026-09-07,nordvpn,LR,2
2026-09-07,nordvpn,LT,17
2026-09-07,nordvpn,LU,16
2026-09-07,nordvpn,LV,10
2026-09-07,nordvpn,LY,2
2026-09-07,nordvpn,MA,4
2026-09-07,nordvpn,MC,6
2026-09-07,nordvpn,MD,2
2026-09-07,nordvpn,ME,2
2026-09-07,nordvpn,MG,2
2026-09-07,nordvpn,MK,2
2026-09-07,nordvpn,MM,2
2026-09-07,nordvpn,MN,2
2026-09-07,nordvpn,MR,2
2026-09-07,nordvpn,MT,4
2026-09-07,nordvpn,MU,2
2026-09-07,nordvpn,MV,2
2026-09-07,nordvpn,MW,2
2026-09-07,nordvpn,MX,62
2026-09-07,nordvpn,MY,10
2026-09-07,nordvpn,MZ,2
2026-09-07,nordvpn,NG,5
2026-09-07,nordvpn,NL,197
2026-09-07,nordvpn,NO,92
2026-09-07,nordvpn,NP,2
2026-09-07,nordvpn,NZ,33
2026-09-07,nordvpn,PA,3
2026-09-07,nordvpn,PE,2
2026-09-07,nordvpn,PG,2
2026-09-07,nordvpn,PH,10
2026-09-07,nordvpn,PK,2
2026-09-07,nordvpn,PL,64
2026-09-07,nordvpn,PR,2
2026-09-07,nordvpn,PT,40
2026-09-07,nordvpn,PY,2
2026-09-07,nordvpn,QA,2
2026-09-07,nordvpn,RO,29
2026-09-07,nordvpn,RS,15
2026-09-07,nordvpn,SC,2
2026-09-07,nordvpn,SE,185
2026-09-07,nordvpn,SG,85
2026-09-07,nordvpn,SI,6
2026-09-07,nordvpn,SK,15
2026-09-07,nordvpn,SL,2
2026-09-07,nordvpn,SN,2
2026-09-07,nordvpn,SO,2
2026-09-07,nordvpn,SR,2
2026-09-07,nordvpn,SV,2
2026-09-07,nordvpn,TD,2
2026-09-07,nordvpn,TH,16
2026-09-07,nordvpn,TJ,2
2026-09-07,nordvpn,TN,2
2026-09-07,nordvpn,TR,26
2026-09-07,nordvpn,TT,2
2026-09-07,nordvpn,TW,40
2026-09-07,nordvpn,TZ,2
2026-09-07,nordvpn,UA,14
2026-09-07,nordvpn,US,2869
2026-09-07,nordvpn,UY,2
2026-09-07,nordvpn,UZ,2
2026-09-07,nordvpn,VE,2
2026-09-07,nordvpn,VN,10
2026-09-07,nordvpn,YE,2
2026-09-07,nordvpn,ZA,25
2026-09-07,nordvpn,ZM,2
2026-09-08,cyberghost,AD,50
2026-09-08,cyberghost,AE,12
2026-09-08,cyberghost,AL,34
2026-09-08,cyberghost,AM,26
2026-09-08,cyberghost,AR,76
2026-09-08,cyberghost,AT,376
2026-09-08,cyberghost,AU,217
2026-09-08,cyberghost,BA,24
2026-09-08,cyberghost,BD,58
2026-09-08,cyberghost,BE,221
2026-09-08,cyberghost,BG,29
2026-09-08,cyberghost,BO,28
2026-09-08,cyberghost,BR,72
2026-09-08,cyberghost,BS,22
2026-09-08,cyberghost,BY,36
2026-09-08,cyberghost,CA,307
2026-09-08,cyberghost,CH,182
2026-09-08,cyberghost,CL,24
2026-09-08,cyberghost,CN,12
2026-09-08,cyberghost,CO,52
2026-09-08,cyberghost,CR,24
2026-09-08,cyberghost,CY,34
2026-09-08,cyberghost,CZ,76
2026-09-08,cyberghost,DE,1333
2026-09-08,cyberghost,DK,96
2026-09-08,cyberghost,DO,28
2026-09-08,cyberghost,DZ,34
2026-09-08,cyberghost,EC,28
2026-09-08,cyberghost,EE,24
2026-09-08,cyberghost,EG,40
2026-09-08,cyberghost,ES,205
2026-09-08,cyberghost,FI,68
2026-09-08,cyberghost,FR,776
2026-09-08,cyberghost,GB,523
2026-09-08,cyberghost,GE,28
2026-09-08,cyberghost,GL,30
2026-09-08,cyberghost,GR,116
2026-09-08,cyberghost,GT,28
2026-09-08,cyberghost,HK,74
2026-09-08,cyberghost,HR,40
2026-09-08,cyberghost,HU,24
2026-09-08,cyberghost,ID,12
2026-09-08,cyberghost,IE,113
2026-09-08,cyberghost,IL,123
2026-09-08,cyberghost,IM,28
2026-09-08,cyberghost,IN,60
2026-09-08,cyberghost,IR,27
2026-09-08,cyberghost,IS,24
2026-09-08,cyberghost,IT,178
2026-09-08,cyberghost,JP,108
2026-09-08,cyberghost,KE,10
2026-09-08,cyberghost,KH,23
2026-09-08,cyberghost,KR,84
2026-09-08,cyberghost,KZ,28
2026-09-08,cyberghost,LA,12
2026-09-08,cyberghost,LI,28
2026-09-08,cyberghost,LK,43
2026-09-08,cyberghost,LT,22
2026-09-08,cyberghost,LU,31
2026-09-08,cyberghost,LV,36
2026-09-08,cyberghost,MA,26
2026-09-08,cyberghost,MC,38
2026-09-08,cyberghost,MD,18
2026-09-08,cyberghost,ME,15
2026-09-08,cyberghost,MK,9
2026-09-08,cyberghost,MM,12
2026-09-08,cyberghost,MN,11
2026-09-08,cyberghost,MO,15
2026-09-08,cyberghost,MT,35
2026-09-08,cyberghost,MX,50
2026-09-08,cyberghost,MY,37
2026-09-08,cyberghost,NG,26
2026-09-08,cyberghost,NL,317
2026-09-08,cyberghost,NO,46
2026-09-08,cyberghost,NP,13
2026-09-08,cyberghost,NZ,107
2026-09-08,cyberghost,PA,30
2026-09-08,cyberghost,PE,28
2026-09-08,cyberghost,PH,40
2026-09-08,cyberghost,PK,11
2026-09-08,cyberghost,PL,72
2026-09-08,cyberghost,PT,50
2026-09-08,cyberghost,QA,14
2026-09-08,cyberghost,RO,107
2026-09-08,cyberghost,RS,15
2026-09-08,cyberghost,RU,60
2026-09-08,cyberghost,SA,14
2026-09-08,cyberghost,SE,112
2026-09-08,cyberghost,SG,24
2026-09-08,cyberghost,SI,12
2026-09-08,cyberghost,SK,52
2026-09-08,cyberghost,TH,48
2026-09-08,cyberghost,TR,26
2026-09-08,cyberghost,TW,46
2026-09-08,cyberghost,UA,30
2026-09-08,cyberghost,US,1563
2026-09-08,cyberghost,UY,28
2026-09-08,cyberghost,VE,14
2026-09-08,cyberghost,VN,46
2026-09-08,cyberghost,ZA,67
2026-09-08,mullvad,AL,4
2026-09-08,mullvad,AR,2
2026-09-08,mullvad,AT,5
2026-09-08,mullvad,AU,23
2026-09-08,mullvad,BE,3
2026-09-08,mullvad,BG,2
2026-09-08,mullvad,BR,7
2026-09-08,mullvad,CA,30
2026-09-08,mullvad,CH,17
2026-09-08,mullvad,CL,2
2026-09-08,mullvad,CO,2
2026-09-08,mullvad,CY,2
2026-09-08,mullvad,CZ,5
2026-09-08,mullvad,DE,25
2026-09-08,mullvad,DK,7
2026-09-08,mullvad,EE,3
2026-09-08,mullvad,ES,11
2026-09-08,mullvad,FI,11
2026-09-08,mullvad,FR,16
2026-09-08,mullvad,GB,23
2026-09-08,mullvad,GR,2
2026-09-08,mullvad,HK,6
2026-09-08,mullvad,HR,2
2026-09-08,mullvad,HU,4
2026-09-08,mullvad,ID,2
2026-09-08,mullvad,IE,3
2026-09-08,mullvad,IL,3
2026-09-08,mullvad,IT,7
2026-09-08,mullvad,JP,9
2026-09-08,mullvad,MX,4
2026-09-08,mullvad,MY,2
2026-09-08,mullvad,NG,2
2026-09-08,mullvad,NL,17
2026-09-08,mullvad,NO,10
2026-09-08,mullvad,NZ,3
2026-09-08,mullvad,PE,2
2026-09-08,mullvad,PH,2
2026-09-08,mullvad,PL,5
2026-09-08,mullvad,PT,4
2026-09-08,mullvad,RO,3
2026-09-08,mullvad,RS,2
2026-09-08,mullvad,SE,41
2026-09-08,mullvad,SG,6
2026-09-08,mullvad,SI,2
2026-09-08,mullvad,SK,2
2026-09-08,mullvad,TH,2
2026-09-08,mullvad,TR,2
2026-09-08,mullvad,UA,2
2026-09-08,mullvad,US,216
2026-09-08,mullvad,ZA,2
2026-09-08,nordvpn,AD,8
2026-09-08,nordvpn,AE,21
2026-09-08,nordvpn,AF,4
2026-09-08,nordvpn,AL,75
2026-09-08,nordvpn,AM,4
2026-09-08,nordvpn,AO,2
2026-09-08,nordvpn,AR,20
2026-09-08,nordvpn,AT,68
2026-09-08,nordvpn,AU,227
2026-09-08,nordvpn,AZ,2
2026-09-08,nordvpn,BA,4
2026-09-08,nordvpn,BB,2
2026-09-08,nordvpn,BD,2
2026-09-08,nordvpn,BE,72
2026-09-08,nordvpn,BF,2
2026-09-08,nordvpn,BG,15
2026-09-08,nordvpn,BH,2
2026-09-08,nordvpn,BJ,2
2026-09-08,nordvpn,BM,3
2026-09-08,nordvpn,BN,2
2026-09-08,nordvpn,BO,2
2026-09-08,nordvpn,BR,48
2026-09-08,nordvpn,BS,5
2026-09-08,nordvpn,BT,2
2026-09-08,nordvpn,BW,2
2026-09-08,nordvpn,BZ,2
2026-09-08,nordvpn,CA,548
2026-09-08,nordvpn,CH,160
2026-09-08,nordvpn,CL,7
2026-09-08,nordvpn,CO,20
2026-09-08,nordvpn,CR,6
2026-09-08,nordvpn,CV,2
2026-09-08,nordvpn,CY,12
2026-09-08,nordvpn,CZ,58
2026-09-08,nordvpn,DE,345
2026-09-08,nordvpn,DK,73
2026-09-08,nordvpn,DO,5
2026-09-08,nordvpn,DZ,4
2026-09-08,nordvpn,EC,2
2026-09-08,nordvpn,EE,10
2026-09-08,nordvpn,EG,2
2026-09-08,nordvpn,ES,121
2026-09-08,nordvpn,ET,2
2026-09-08,nordvpn,FI,23
2026-09-08,nordvpn,FJ,2
2026-09-08,nordvpn,FR,346
2026-09-08,nordvpn,GB,926
2026-09-08,nordvpn,GE,2
2026-09-08,nordvpn,GH,2
2026-09-08,nordvpn,GL,2
2026-09-08,nordvpn,GM,2
2026-09-08,nordvpn,GR,32
2026-09-08,nordvpn,GT,2
2026-09-08,nordvpn,GU,2
2026-09-08,nordvpn,GY,1
2026-09-08,nordvpn,HK,33
2026-09-08,nordvpn,HN,2
2026-09-08,nordvpn,HR,16
2026-09-08,nordvpn,HU,28
2026-09-08,nordvpn,ID,16
2026-09-08,nordvpn,IE,94
2026-09-08,nordvpn,IL,24
2026-09-08,nordvpn,IM,3
2026-09-08,nordvpn,IN,33
2026-09-08,nordvpn,IQ,2
2026-09-08,nordvpn,IS,14
2026-09-08,nordvpn,IT,178
2026-09-08,nordvpn,JE,3
2026-09-08,nordvpn,JM,2
2026-09-08,nordvpn,JO,2
2026-09-08,nordvpn,JP,212
2026-09-08,nordvpn,KE,2
2026-09-08,nordvpn,KG,2
2026-09-08,nordvpn,KH,2
2026-09-08,nordvpn,KM,2
2026-09-08,nordvpn,KR,60
2026-09-08,nordvpn,KW,2
2026-09-08,nordvpn,KY,2
2026-09-08,nordvpn,KZ,2
2026-09-08,nordvpn,LA,2
2026-09-08,nordvpn,LB,2
2026-09-08,nordvpn,LC,2
2026-09-08,nordvpn,LI,2
2026-09-08,nordvpn,LK,2
2026-09-08,nordvpn,LR,2
2026-09-08,nordvpn,LT,17
2026-09-08,nordvpn,LU,16
2026-09-08,nordvpn,LV,10
2026-09-08,nordvpn,LY,2
2026-09-08,nordvpn,MA,4
2026-09-08,nordvpn,MC,6
2026-09-08,nordvpn,MD,2
2026-09-08,nordvpn,ME,2
2026-09-08,nordvpn,MG,2
2026-09-08,nordvpn,MK,2
2026-09-08,nordvpn,MM,2
2026-09-08,nordvpn,MN,2
2026-09-08,nordvpn,MR,2
2026-09-08,nordvpn,MT,4
2026-09-08,nordvpn,MU,2
2026-09-08,nordvpn,MV,2
2026-09-08,nordvpn,MW,2
2026-09-08,nordvpn,MX,62
2026-09-08,nordvpn,MY,10
2026-09-08,nordvpn,MZ,2
2026-09-08,nordvpn,NG,6
2026-09-08,nordvpn,NL,199
2026-09-08,nordvpn,NO,92
2026-09-08,nordvpn,NP,2
2026-09-08,nordvpn,NZ,33
2026-09-08,nordvpn,PA,3
2026-09-08,nordvpn,PE,2
2026-09-08,nordvpn,PG,2
2026-09-08,nordvpn,PH,10
2026-09-08,nordvpn,PK,2
2026-09-08,nordvpn,PL,64
2026-09-08,nordvpn,PR,2
2026-09-08,nordvpn,PT,41
2026-09-08,nordvpn,PY,2
2026-09-08,nordvpn,QA,2
2026-09-08,nordvpn,RO,29
2026-09-08,nordvpn,RS,15
2026-09-08,nordvpn,SC,2
2026-09-08,nordvpn,SE,185
2026-09-08,nordvpn,SG,85
2026-09-08,nordvpn,SI,6
2026-09-08,nordvpn,SK,15
2026-09-08,nordvpn,SL,2
2026-09-08,nordvpn,SN,2
2026-09-08,nordvpn,SO,2
2026-09-08,nordvpn,SR,2
2026-09-08,nordvpn,SV,2
2026-09-08,nordvpn,TD,2
2026-09-08,nordvpn,TH,16
2026-09-08,nordvpn,TJ,2
2026-09-08,nordvpn,TN,2
2026-09-08,nordvpn,TR,26
2026-09-08,nordvpn,TT,2
2026-09-08,nordvpn,TW,40
2026-09-08,nordvpn,TZ,2
2026-09-08,nordvpn,UA,14
2026-09-08,nordvpn,US,2868
2026-09-08,nordvpn,UY,2
2026-09-08,nordvpn,UZ,2
2026-09-08,nordvpn,VE,2
2026-09-08,nordvpn,VN,10
2026-09-08,nordvpn,YE,2
2026-09-08,nordvpn,ZA,26
2026-09-08,nordvpn,ZM,2
